"date","West Bengal/Alipurduar","West Bengal/Bankura","West Bengal/Birbhum","West Bengal/Cooch Behar","West Bengal/Dakshin Dinajpur","West Bengal/Darjeeling","West Bengal/Hooghly","West Bengal/Howrah","West Bengal/Jalpaiguri","West Bengal/Jhargram","West Bengal/Kalimpong","West Bengal/Kolkata","West Bengal/Malda","West Bengal/Murshidabad","West Bengal/Nadia","West Bengal/North 24 Parganas","West Bengal/Other State","West Bengal/Paschim Bardhaman","West Bengal/Paschim Medinipur","West Bengal/Purba Bardhaman","West Bengal/Purba Medinipur","West Bengal/Purulia","West Bengal/South 24 Parganas","West Bengal/Uttar Dinajpur","West Bengal/other State"
"2020-03-17","","","","","","","","","","","","","","","","","","","","","","","","",""
"2020-03-20","","","","","","","","","","","","","","","","","","","","","","","","",""
"2020-03-21","","","","","","","","","","","","","","","","","","","","","","","","",""
"2020-03-22","","","","","","","","","","","","","","","","","","","","","","","","",""
"2020-03-24","","","","","","","","","","",""," 53.33 %","","","","","","","","","","","","",""
"2020-03-26","","","","","","","","","","",""," 57.33 %","","","","","","","","","","","","",""
"2020-03-27","","","","","","","","","","","","","","","","","","","","","","","","",""
"2020-03-28","","","","","","","","","","","","","","","","","","","","","","","","",""
"2020-03-29","","","","","","","","","","",""," 60.67 %","","","","","","","","","","","","",""
"2020-03-30","","","","","","","","","","",""," 63.52 %","","","","","","","","","","","","",""
"2020-03-31","","","","","","","","","","","","","","","","","","","","","","","","",""
"2020-05-03","","","","","","","","","","",""," ##.## %","","","","","","","","","","","","",""
"2020-05-04","","","","","","","","","","",""," ##.## %","","",""," ##.## %","","","","","","","","",""
"2020-05-05","","","","","","","","","","",""," ##.## %","","",""," ##.## %","","","",""," 93.84 %","","","",""
"2020-05-06","","","","","",""," ##.## %","  8.52 %","","",""," ##.## %","","",""," ##.## %","","","",""," 94.95 %",""," ##.## %","",""
"2020-05-07","","","","","","",""," 11.86 %","","",""," ##.## %","","",""," ##.## %","","","",""," 86.01 %",""," ##.## %","",""
"2020-05-08","","","","","",""," ##.## %"," 14.96 %","","","","  7.88 %","","","","  8.52 %","","","",""," 11.01 %",""," 18.90 %","",""
"2020-05-09","","","","","",""," 16.31 %"," 12.54 %","","","","  8.78 %","","","","  8.25 %",""," 11.67 %","","","",""," 16.66 %","",""
"2020-05-10","","","","","",""," 31.96 %"," 12.81 %","","","","  8.09 %","","","","  7.71 %",""," 15.67 %","","","  8.34 %",""," 12.54 %","",""
"2020-05-11","","","","","",""," 31.54 %"," 11.59 %","","","","  7.43 %"," 51.24 %","","","  7.74 %"," 11.55 %"," 12.33 %","  6.38 %"," 31.67 %","","","  6.52 %","",""
"2020-05-12","",""," 23.33 %","","",""," 28.14 %"," 10.31 %","","","","  7.37 %"," 60.47 %","","","  6.77 %"," 10.37 %","","  6.38 %"," 34.52 %","  8.76 %","","  8.93 %","",""
"2020-05-13","",""," 23.33 %","","",""," 26.72 %","  7.56 %","","","","  7.26 %","",""," 13.36 %","  6.48 %","","","  4.95 %","","  8.39 %","","  7.59 %","",""
"2020-05-14","","","","","",""," 18.97 %","  8.23 %","","","","  5.97 %","",""," 17.80 %","  6.55 %","  9.62 %"," 20.90 %",""," 27.02 %","  8.77 %","","  8.27 %","",""
"2020-05-15","","","","","","","  2.80 %","  6.25 %","","","","  5.84 %","","","","  6.04 %","","",""," 31.47 %","  5.10 %","","  9.01 %","",""
"2020-05-16","","","","","","","  3.48 %","  5.64 %","","","","  5.71 %"," 56.78 %","","","  5.00 %","  6.52 %","",""," 24.80 %","  5.10 %","","  6.88 %","",""
"2020-05-17","","","","","","","  3.28 %","  4.35 %","","","","  5.61 %","","","","  4.99 %","  6.15 %"," 15.90 %","  3.34 %"," 11.62 %","","","  4.53 %","",""
"2020-05-18","",""," 14.76 %","","","","  2.51 %","  5.13 %","","","","  4.72 %"," 37.32 %",""," 13.44 %","  5.59 %",""," 17.90 %",""," 10.43 %","  3.50 %","","  6.51 %"," 28.67 %",""
"2020-05-19","",""," 16.58 %","","","","  2.78 %","  4.90 %","","","","  5.09 %"," 35.22 %"," 35.24 %"," 16.51 %","  5.24 %","  5.48 %"," 15.72 %",""," 11.01 %","","","  6.08 %"," 34.67 %",""
"2020-05-20","",""," 19.91 %","","","","  2.76 %","  4.52 %","","","","  5.31 %"," 29.66 %",""," 14.99 %","  6.31 %","  9.38 %","","  3.16 %"," 11.90 %","","","  6.22 %"," 32.62 %",""
"2020-05-21","","","","","","","  1.58 %","  4.09 %","","","","  4.75 %",""," 43.24 %"," 12.49 %","  5.76 %","  8.13 %"," 14.06 %","  6.81 %","","  2.76 %","","  7.05 %","",""
"2020-05-22","",""," 21.16 %","","","","  3.21 %","  5.89 %","","","","  4.21 %"," 21.30 %"," 60.38 %"," 10.55 %","  4.82 %","","",""," 12.95 %","  1.96 %","","  6.14 %"," 27.62 %",""
"2020-05-23","",""," 22.34 %","","","","  5.41 %","  5.33 %","","","","  3.75 %"," 15.82 %"," 65.77 %"," 13.58 %","  3.56 %","  7.38 %","  7.02 %",""," 15.13 %","","","  4.88 %"," 20.62 %",""
"2020-05-24","",""," 13.13 %","","","","  7.20 %","  5.76 %","","","","  3.45 %"," 21.02 %"," 44.55 %"," 11.33 %","  3.71 %","  9.29 %","  8.45 %",""," 15.13 %","   .62 %","","  4.45 %"," 28.62 %",""
"2020-05-25","",""," 13.32 %","",""," 34.00 %","  7.56 %","  5.24 %","","","","  2.73 %"," 22.94 %"," 38.36 %"," 10.80 %","  3.01 %"," 10.52 %"," 15.79 %",""," 14.36 %","  6.69 %","","  3.84 %"," 30.49 %",""
"2020-05-26","",""," 15.74 %","",""," 36.50 %","  9.00 %","  5.50 %","","","","  2.79 %"," 22.50 %"," 35.89 %"," 13.11 %","  3.58 %"," 11.68 %"," 23.06 %",""," 13.16 %","  8.08 %","","  4.55 %"," 26.31 %",""
"2020-05-27","",""," 15.11 %","",""," 28.72 %","  7.57 %","  3.55 %","","","","  3.21 %"," 21.63 %"," 21.09 %"," 14.75 %","  4.78 %"," 12.61 %"," 22.64 %","  7.58 %"," 14.97 %","  9.39 %","","  7.37 %","",""
"2020-05-28","",""," 30.30 %",""," 15.67 %"," 17.39 %","  5.37 %","  4.39 %","","","","  3.74 %"," 22.53 %"," 17.79 %"," 16.65 %","  6.43 %"," 12.34 %"," 21.69 %","  9.81 %"," 18.97 %"," 12.43 %","","  7.51 %"," 45.89 %",""
"2020-05-29",""," ##.## %"," 35.08 %","",""," 13.39 %","  3.32 %","  3.66 %"," 23.33 %","","","  3.84 %",""," 12.88 %"," 23.02 %","  7.36 %"," 11.88 %"," 23.12 %",""," 24.09 %"," 14.50 %","","  8.45 %"," 45.83 %",""
"2020-05-30",""," ##.## %"," 38.51 %",""," 15.67 %"," 17.63 %","  3.67 %","  4.27 %"," 35.33 %","","","  4.35 %"," 12.05 %"," 11.81 %"," 23.39 %","  7.70 %","  9.76 %"," 14.29 %"," 10.75 %"," 22.31 %"," 12.50 %","","  8.21 %"," 39.39 %",""
"2020-05-31",""," 99.82 %"," 34.66 %",""," 39.00 %","","  5.33 %","  4.74 %","","","","  4.36 %","  3.95 %","  9.00 %"," 26.09 %","  8.50 %","","  8.12 %"," 10.97 %"," 21.55 %"," 12.15 %","","  7.37 %"," 31.51 %",""
"2020-06-01",""," 23.71 %"," 38.65 %",""," 47.33 %"," 22.19 %","  5.46 %","  5.77 %"," 40.33 %","","","  4.19 %","  4.38 %","  7.53 %"," 22.17 %","  7.45 %","  6.23 %","  7.72 %","  9.06 %"," 19.58 %"," 12.82 %","","  5.02 %"," 31.72 %",""
"2020-06-02",""," 24.42 %"," 23.04 %",""," 49.73 %"," 29.53 %","  7.60 %","  5.31 %","","","","  4.19 %","  4.52 %","  6.48 %"," 15.14 %","  7.48 %","",""," 14.29 %"," 12.44 %"," 10.49 %","","  4.15 %"," 13.03 %",""
"2020-06-03",""," 27.67 %"," 16.16 %"," 37.59 %"," 53.98 %"," 34.59 %","  9.71 %","  5.69 %"," 46.33 %","","","  4.30 %","  4.18 %","  6.93 %","  8.75 %","  6.58 %","  5.64 %","  7.54 %"," 12.84 %","  6.87 %","  9.06 %","","  2.90 %","  8.08 %",""
"2020-06-04",""," 27.77 %"," 12.41 %"," 38.50 %"," 55.98 %"," 38.94 %"," 11.39 %","  5.59 %","","","","  4.26 %","  2.92 %","  5.62 %","  8.95 %","  6.58 %","  4.31 %","  8.29 %"," 16.76 %","  7.69 %","  6.63 %","","  3.97 %","  2.37 %",""
"2020-06-05"," 27.00 %"," 23.95 %","  7.83 %"," 16.14 %"," 27.34 %"," 34.10 %","  9.98 %","  5.60 %"," 36.33 %","","","  4.37 %","  6.93 %","  3.66 %","  5.42 %","  6.18 %","  2.15 %","  8.13 %"," 19.27 %","  5.93 %","  6.72 %","","  4.42 %","  5.73 %",""
"2020-06-06",""," 20.06 %","  3.96 %"," 11.13 %"," 12.30 %"," 28.69 %"," 13.05 %","  4.86 %"," 39.92 %","","","  4.60 %","  7.85 %","  4.24 %","  7.25 %","  6.94 %","  2.03 %","  5.20 %"," 18.82 %","  5.21 %","  6.17 %"," ##.## %","  5.37 %","  5.27 %",""
"2020-06-07"," 37.00 %"," 16.13 %","  3.41 %","  6.10 %","  6.37 %"," 20.64 %"," 11.83 %","  4.47 %"," 48.76 %"," 36.67 %"," 55.00 %","  4.03 %","  9.76 %","  3.54 %","  6.33 %","  6.23 %","  2.32 %","  5.35 %"," 30.88 %","  4.69 %","  5.16 %"," ##.## %","  7.31 %","  4.69 %",""
"2020-06-08"," 53.11 %"," 15.12 %","  4.11 %","  9.68 %",""," 16.64 %","  9.89 %","  3.96 %"," 60.49 %",""," 55.00 %","  4.09 %","  8.80 %","  3.71 %","  5.51 %","  6.20 %","","  8.75 %"," 30.23 %","  3.63 %","  5.02 %","","  7.85 %","",""
"2020-06-09"," 41.65 %","","  5.28 %","  9.84 %",""," 15.56 %","  7.93 %","  3.63 %"," 55.60 %",""," 62.27 %","  4.22 %","  8.32 %","  6.23 %","  4.14 %","  5.70 %","","  5.68 %"," 25.65 %","","  6.11 %"," 79.87 %","  7.86 %","",""
"2020-06-10"," 31.65 %"," 10.22 %","  4.79 %","  9.79 %","  2.13 %"," 11.24 %","  6.82 %","  2.99 %"," 55.81 %",""," 63.61 %","  4.12 %","  4.19 %","  6.04 %","  4.93 %","  5.46 %","  1.97 %","  6.90 %"," 23.94 %","  2.60 %","  6.38 %","","  7.63 %","  4.88 %",""
"2020-06-11"," 32.18 %"," 10.67 %","  4.38 %","  9.40 %","  1.49 %"," 16.21 %","  3.80 %","  2.71 %"," 45.97 %"," 36.67 %"," 58.61 %","  4.12 %","  3.52 %","  5.40 %","  4.63 %","  5.28 %","  1.97 %","  9.07 %"," 22.10 %","   .98 %","  5.87 %"," 74.16 %","  7.63 %","  4.52 %",""
"2020-06-12"," 23.20 %"," 11.26 %","  4.42 %","  9.77 %","  7.36 %"," 16.51 %","  2.93 %","  2.84 %"," 29.76 %",""," 26.46 %","  4.26 %","  2.29 %","  5.19 %","  5.75 %","  5.45 %","","  8.72 %","  6.83 %","  1.13 %","  6.55 %"," 52.18 %","  6.55 %","  1.16 %",""
"2020-06-13","  3.56 %","  9.48 %","  3.69 %","  4.79 %","  9.38 %"," 13.90 %","  2.70 %","  3.07 %"," 16.15 %",""," 27.09 %","  4.26 %","  2.01 %","  4.81 %","  6.89 %","  5.41 %","  1.63 %","  4.91 %"," 10.71 %","  1.12 %","  7.61 %","","  7.10 %","  1.06 %",""
"2020-06-14","  3.47 %","","  1.59 %","  3.80 %",""," 11.61 %","  2.31 %","  3.02 %"," 17.95 %",""," 22.85 %","  4.23 %","  2.62 %","  2.79 %","  7.76 %","  5.88 %","","  5.22 %","  9.43 %","  1.11 %","  6.23 %","  6.91 %","  6.50 %","  1.14 %",""
"2020-06-15"," 16.36 %","  5.25 %","  1.57 %","  4.09 %"," 13.22 %"," 12.13 %","  1.41 %","  3.05 %"," 19.35 %"," 51.21 %","","  4.05 %","  6.67 %","  3.20 %","  6.13 %","  5.35 %","","  4.47 %","  7.77 %","  1.85 %","  5.03 %","  6.83 %","  6.20 %","  1.67 %",""
"2020-06-16"," 15.83 %","  3.61 %","  2.26 %","  5.27 %"," 13.72 %","  5.61 %","  1.31 %","  2.92 %"," 12.70 %",""," 22.04 %","  4.20 %","  6.61 %","  2.62 %","  5.17 %","  5.14 %","","  2.30 %","  7.80 %","  2.00 %","  5.65 %","   .71 %","  6.01 %","  1.28 %",""
"2020-06-17"," 22.37 %","  1.37 %","  2.38 %","  2.87 %","","  3.98 %","  1.42 %","  3.06 %","  9.45 %","","","  4.24 %","  6.21 %","  2.83 %","  4.21 %","  4.15 %","   .63 %","  2.62 %","  5.46 %","  1.82 %","  4.84 %","","  5.50 %","  1.28 %",""
"2020-06-18","","","  2.67 %","  2.04 %"," 12.36 %","  5.19 %","  1.61 %","  2.89 %","  7.37 %","","  7.04 %","  4.16 %","  7.06 %","  2.28 %","  4.64 %","  3.87 %","","  3.18 %","  1.78 %","  1.94 %","  4.32 %","   .95 %","  5.19 %","",""
"2020-06-19"," 20.91 %","  1.55 %","  2.14 %","  2.17 %","  6.11 %","  4.89 %","  1.73 %","  3.01 %","  4.75 %","","  5.21 %","  3.86 %","  7.01 %","  2.00 %","  4.81 %","  3.50 %","","  2.33 %","  2.08 %","  2.35 %","  3.26 %","","  5.49 %","  1.28 %",""
"2020-06-20"," 29.67 %","  1.63 %","  1.98 %","  1.79 %","  6.27 %","  4.25 %","  2.05 %","  3.16 %","  4.12 %"," 31.21 %","  5.56 %","  3.86 %","  3.71 %","  1.25 %","  5.50 %","  3.38 %","","  1.89 %","  1.87 %","  1.41 %","  3.05 %","","  6.91 %","  1.17 %",""
"2020-06-21"," 20.00 %","  1.83 %","   .96 %","   .42 %","  6.56 %","  6.28 %","  2.06 %","  3.14 %","  4.76 %","","  3.46 %","  3.50 %","  3.29 %","  1.78 %","  5.08 %","  3.44 %","","  1.89 %","  1.45 %","  1.27 %","  2.13 %","","  6.04 %","   .70 %",""
"2020-06-22"," 20.35 %","  2.01 %","   .66 %","","  9.61 %","  8.35 %","  1.85 %","  2.90 %","  3.39 %"," 31.21 %","  2.93 %","  3.10 %","  5.24 %","  2.49 %","  4.46 %","  3.44 %","   .00 %","  1.45 %","  1.36 %","  1.26 %","  3.40 %","","  6.72 %","  1.12 %",""
"2020-06-23"," 12.90 %","  3.59 %","   .86 %",""," 15.32 %","  7.87 %","  1.67 %","  2.74 %","  3.43 %","","  2.93 %","  2.54 %","  5.42 %","  2.66 %","  3.18 %","  3.26 %","   .00 %","   .89 %","  1.22 %","   .96 %","  2.68 %","","  6.36 %","  2.20 %",""
"2020-06-24"," 13.01 %","  3.10 %","   .64 %","   .56 %"," 14.33 %","  8.06 %","  1.90 %","  2.39 %","  3.26 %","","  1.91 %","  2.57 %","  5.04 %","  2.63 %","  2.52 %","  3.75 %","   .00 %","  1.06 %","   .96 %","","  3.59 %","","  7.06 %","  2.43 %",""
"2020-06-25","  3.79 %","  2.86 %","   .85 %",""," 13.86 %","  8.21 %","  2.13 %","  2.20 %","  2.28 %","","   .93 %","  2.64 %","  4.97 %","  2.90 %","  1.78 %","  4.21 %","","   .87 %","  1.25 %","   .94 %","  3.89 %","","  5.67 %","  3.40 %",""
"2020-06-26","   .57 %","  3.36 %","   .85 %","   .42 %"," 11.49 %","  6.80 %","  2.39 %","  2.74 %","  1.72 %","","   .00 %","  2.58 %","  5.74 %","  2.80 %","  2.10 %","  4.13 %","","  1.72 %","  1.29 %","  1.58 %","  4.23 %","   .71 %","  6.42 %","  3.51 %",""
"2020-06-27","   .34 %","  3.39 %","  1.05 %","   .69 %","  7.94 %","  5.13 %","  2.67 %","  3.07 %","  1.91 %","","   .00 %","  2.77 %","  4.16 %","  1.93 %","  1.95 %","  4.56 %","","  1.68 %","   .99 %","  1.83 %","  2.90 %","","  6.30 %","",""
"2020-06-28","   .23 %","  2.03 %","   .48 %","","  4.67 %","  4.30 %","  3.21 %","  3.25 %","  1.20 %","","","  3.07 %","  4.87 %","  1.71 %","  2.13 %","  5.06 %","   .00 %","  2.00 %","  1.20 %","  1.82 %","  3.28 %","   .94 %","  6.19 %","  3.57 %",""
"2020-06-29","","  1.84 %","   .48 %","  1.03 %","  4.67 %","  4.84 %","  3.50 %","  3.74 %","  1.86 %","","","  3.07 %","  5.49 %","  1.87 %","  2.29 %","  4.90 %","","  2.60 %","  1.42 %","  2.30 %","  2.43 %","   .70 %","  5.86 %","  2.77 %",""
"2020-06-30","   .45 %","  2.15 %","   .88 %","","  5.85 %","  4.38 %","  3.61 %","  3.64 %","  2.15 %","","   .00 %","  3.22 %","  5.75 %","  2.10 %","  2.29 %","  4.80 %","","  2.58 %","  1.45 %","  2.00 %","  2.92 %","   .92 %","  6.42 %","  3.08 %",""
"2020-07-01","   .67 %","  1.35 %","   .88 %","  1.09 %","  3.63 %","  3.95 %","  3.21 %","  3.23 %","  1.69 %","","   .44 %","  3.52 %","  5.69 %","  2.03 %","  1.78 %","  5.00 %","","  2.18 %","  1.38 %","  1.58 %","  3.05 %","  1.35 %","  5.87 %","  2.10 %",""
"2020-07-02","   .88 %","  1.40 %","","   .95 %","  4.01 %","  4.71 %","  3.04 %","  2.72 %","  2.08 %","","  1.31 %","  3.69 %","  5.80 %","  2.84 %","  1.97 %","  5.08 %","","  2.86 %","  1.32 %","  1.79 %","  3.33 %","","  5.34 %","  2.26 %",""
"2020-07-03","   .77 %","  1.46 %","   .61 %","   .95 %","  1.56 %","  5.36 %","  3.56 %","  2.82 %","  2.94 %","","","  3.62 %","  4.85 %","  2.74 %","  1.67 %","  4.86 %","","  2.96 %","  1.24 %","  2.12 %","  3.76 %","  1.78 %","  5.67 %","  1.82 %",""
"2020-07-04","   .88 %","  1.53 %","  1.00 %","","  2.02 %","  4.78 %","  3.17 %","  2.63 %","  2.25 %","","  1.73 %","  3.70 %","  4.97 %","  3.48 %","  1.82 %","  4.92 %","","  2.45 %","  1.43 %","  1.62 %","  3.87 %","  2.39 %","  5.62 %","  1.79 %",""
"2020-07-05","   .65 %","  1.49 %","","","  1.55 %","  4.37 %","  3.53 %","  3.09 %","  2.38 %"," 15.60 %","  1.73 %","  3.60 %","  4.81 %","  3.22 %","  1.65 %","  5.17 %","","  2.43 %","  1.55 %","  1.71 %","  3.57 %","  3.00 %","  6.16 %","  2.37 %",""
"2020-07-06","   .43 %","  2.02 %","  1.07 %","   .66 %","  2.33 %","  5.55 %","  3.74 %","  3.13 %","  2.63 %"," 20.60 %","","  3.59 %","  4.91 %","  3.14 %","  1.92 %","  5.08 %","","  2.52 %","  1.98 %","  2.33 %","  3.50 %","  2.74 %","  6.56 %","  2.64 %",""
"2020-07-07","   .43 %","  1.68 %","   .59 %","   .52 %","  3.04 %","  5.36 %","  3.61 %","  3.18 %","  2.66 %","","","  3.68 %","  5.19 %","  2.92 %","  2.93 %","  4.99 %","","  1.73 %","  2.32 %","  2.17 %","  4.91 %","  2.27 %","  6.43 %","  2.17 %",""
"2020-07-08","   .53 %","  2.01 %","   .71 %","   .52 %","  3.04 %","  5.31 %","  3.00 %","  3.10 %","  1.92 %","","  1.73 %","  4.07 %","  5.21 %","  3.25 %","  3.28 %","  5.24 %","","  2.08 %","  2.10 %","  2.13 %","  4.26 %","  3.76 %","  6.66 %","  2.21 %",""
"2020-07-09","","  2.62 %","  1.16 %","","  5.03 %","  5.03 %","  3.40 %","  3.53 %","  3.44 %","","","  4.14 %","  5.14 %","  2.76 %","  2.65 %","  5.48 %","","  2.05 %","  2.05 %","  2.91 %","  4.31 %","  3.09 %","  6.13 %","",""
"2020-07-10","   .63 %","  2.57 %","   .95 %","   .84 %","  5.37 %","  4.89 %","  3.36 %","  3.52 %","  3.20 %","  6.05 %","","  4.32 %","  5.17 %","  3.16 %","  2.76 %","  5.70 %","","  4.57 %","  1.90 %","  3.06 %","  4.04 %","  2.49 %","  5.52 %","  2.76 %",""
"2020-07-11","   .63 %","  2.11 %","  1.13 %","","  4.92 %","  5.31 %","  3.62 %","  3.60 %","  4.91 %","","  1.29 %","  4.48 %","  4.99 %","  3.71 %","  2.95 %","  6.06 %","","  4.57 %","  2.16 %","  2.37 %","  3.94 %","  2.29 %","  5.93 %","  2.55 %",""
"2020-07-12","  1.77 %","  2.75 %","  1.24 %","  3.23 %","  5.68 %","  5.03 %","  4.00 %","  3.81 %","  6.53 %","","   .82 %","  4.68 %","  4.91 %","  3.99 %","  2.60 %","  6.45 %","","  4.81 %","  2.34 %","  2.33 %","  4.30 %","","  6.59 %","  4.85 %",""
"2020-07-13","  1.55 %","  2.54 %","  1.18 %","  3.26 %","  7.91 %","  5.77 %","  4.14 %","  4.02 %","  6.50 %","","   .41 %","  4.59 %","  4.89 %","  4.71 %","  2.53 %","  6.66 %","","  5.25 %","  3.13 %","  6.36 %","  4.51 %","  2.27 %","  6.17 %","  5.43 %",""
"2020-07-14","  1.54 %","  1.83 %","   .91 %","","  7.74 %","  5.33 %","  3.70 %","  3.60 %","  5.02 %","","  1.21 %","  4.84 %","  4.74 %","  4.53 %","  2.90 %","  6.42 %","","  7.38 %","  5.35 %","  5.76 %","  5.48 %","   .35 %","  6.38 %","  5.97 %",""
"2020-07-15","  1.43 %","  1.98 %","   .90 %","  3.34 %","  8.82 %","  5.92 %","  3.56 %","  3.58 %","  5.30 %","","","  4.74 %","  5.68 %","  4.57 %","  2.83 %","  6.10 %","","  6.25 %","  5.86 %","  5.94 %","  7.30 %","   .52 %","  6.64 %","  5.86 %",""
"2020-07-16","  1.52 %","  2.21 %","  1.13 %","  4.48 %","  8.84 %","  5.57 %","  3.74 %","  3.71 %","  4.64 %","  8.45 %","","  4.70 %","  5.82 %","  4.41 %","  2.92 %","  5.99 %","","  8.16 %","  5.55 %","  6.30 %","  7.59 %","  1.03 %","  6.19 %","  5.41 %",""
"2020-07-17","   .67 %","  2.42 %","  1.06 %","  4.56 %"," 10.84 %","  6.06 %","  3.94 %","  3.84 %","  3.40 %","","","  4.69 %","  5.95 %","  4.11 %","  3.10 %","  5.89 %","","  8.31 %","  5.73 %","  7.33 %","  6.25 %","  1.03 %","  5.78 %","  3.75 %",""
"2020-07-18","  1.15 %","  2.65 %","  1.05 %","  2.27 %"," 12.02 %","  5.59 %","  4.39 %","  3.66 %","  4.87 %","","  2.75 %","  4.89 %","  6.09 %","  4.78 %","  4.57 %","  6.08 %","","  8.32 %","  6.60 %","  4.18 %","  6.46 %","  1.02 %","  5.89 %","  4.48 %",""
"2020-07-19","  1.14 %","  3.07 %","  1.16 %","  2.35 %"," 14.14 %","  6.51 %","  4.87 %","  3.86 %","  6.03 %","","  3.10 %","  4.89 %","  6.32 %","  4.65 %","  4.53 %","  6.46 %","","  9.20 %","  5.16 %","  7.93 %","  6.74 %","  1.18 %","  5.64 %","  5.02 %",""
"2020-07-20","  1.14 %","  3.10 %","  1.37 %","  2.17 %"," 12.35 %","  5.82 %","  5.73 %","  3.98 %","  6.36 %","","  2.70 %","  5.05 %","  5.35 %","  5.76 %","  5.74 %","  6.69 %","","  8.17 %","  5.90 %","  9.13 %","  6.47 %","","  5.24 %","  5.81 %",""
"2020-07-21","  1.40 %","  3.27 %","  1.18 %","  2.59 %"," 12.33 %","  5.58 %","  5.45 %","  3.97 %","  7.30 %","  8.45 %","  4.80 %","  5.07 %","  5.01 %","  5.24 %","  6.39 %","  6.47 %",""," 10.17 %","  5.84 %"," 10.38 %","  7.01 %","  1.33 %","  5.34 %","  7.37 %",""
"2020-07-22","  1.56 %","  2.46 %","  1.49 %","  3.72 %","  8.87 %","  4.71 %","  5.72 %","  3.99 %","  6.83 %","","  4.95 %","  5.03 %","  4.12 %","  5.25 %","  6.47 %","  6.50 %",""," 10.18 %","  5.79 %","  9.84 %","  7.91 %","  4.31 %","  5.25 %","  7.22 %",""
"2020-07-23","  1.52 %","  2.88 %","  2.60 %","  4.46 %","  6.38 %","  4.39 %","  5.27 %","  4.37 %","  5.41 %","","  3.72 %","  4.99 %","  3.61 %","  4.56 %","  5.38 %","  6.08 %",""," 11.70 %","  4.47 %"," 10.29 %","  7.61 %","  5.26 %","  5.20 %","  7.33 %",""
"2020-07-24","  1.60 %","  3.24 %","  2.51 %","  4.69 %","  3.51 %","  4.50 %","  4.99 %","  4.21 %","  5.52 %","","","  4.80 %","  3.06 %","  4.44 %","  5.44 %","  5.78 %","","  9.38 %","  4.70 %","  6.84 %","  7.24 %","  5.86 %","  4.93 %","  6.83 %",""
"2020-07-25","  2.19 %","  4.69 %","  3.70 %","  5.85 %","  3.73 %","  4.60 %","  4.37 %","  4.03 %","  5.95 %","","  4.26 %","  4.70 %","  2.35 %","  3.14 %","  4.42 %","  5.36 %",""," 10.91 %","  4.23 %","  6.21 %","  7.21 %","  7.07 %","  4.85 %","  5.67 %",""
"2020-07-26","  3.62 %","  5.82 %","  4.30 %","  4.67 %","  4.17 %","  4.76 %","  4.61 %","  4.10 %","  4.93 %","","  5.68 %","  4.50 %","  2.05 %","  3.64 %","  4.74 %","  5.28 %","","  6.98 %","  4.24 %","  5.86 %","  6.05 %","  6.81 %","  4.24 %","  4.12 %",""
"2020-07-27","  3.32 %","  6.80 %","  4.78 %","  3.91 %","  4.42 %","  5.07 %","  3.94 %","  3.80 %","  5.26 %","","","  4.16 %","  2.28 %","  4.07 %","  5.28 %","  4.77 %","","  8.11 %","  4.49 %","  6.56 %","  5.19 %","  5.39 %","  3.72 %","  4.90 %",""
"2020-07-28","  3.70 %","  7.37 %","  4.03 %","  3.59 %","  3.60 %","  4.85 %","  4.10 %","  3.15 %","  5.28 %","","  3.58 %","  3.95 %","  1.87 %","  3.84 %","  4.90 %","  4.42 %","","  6.03 %","  4.31 %","  5.61 %","  4.80 %","  4.75 %","  3.59 %","  5.76 %",""
"2020-07-29","  6.25 %","  8.47 %","  5.19 %","  3.61 %","  3.20 %","  4.32 %","  3.99 %","  3.26 %","  4.38 %","","  2.63 %","  3.78 %","  1.67 %","  4.52 %","  5.17 %","  4.19 %","","  5.91 %","  3.09 %","  7.14 %","  4.06 %","  4.39 %","  3.32 %","  6.02 %",""
"2020-07-30","  6.32 %","  6.83 %","  4.53 %","  3.44 %","  3.52 %","  4.00 %","  3.84 %","  3.31 %","  3.35 %","","  3.12 %","  3.66 %","  2.35 %","  4.78 %","  5.10 %","  4.09 %","","  4.63 %","  3.39 %","  6.61 %","  2.52 %","  4.93 %","  2.96 %","  6.44 %",""
"2020-07-31","  5.47 %","  6.83 %","  5.12 %","  5.22 %","  2.96 %","  3.73 %","  3.48 %","  2.83 %","  2.90 %","","  3.25 %","  3.55 %","  2.19 %","  4.78 %","  4.72 %","  4.06 %","","  4.68 %","  3.65 %","  6.36 %","  3.13 %","  6.81 %","  3.14 %","  6.11 %",""
"2020-08-01","  7.28 %","  6.06 %","  4.30 %","  5.85 %","  3.12 %","  3.57 %","  3.50 %","  2.99 %","  2.70 %","  8.83 %","  2.80 %","  3.61 %","  2.62 %","  4.60 %","  3.87 %","  4.07 %","","  4.97 %","  3.39 %","  7.35 %","  2.78 %","  5.49 %","  3.21 %","  4.49 %",""
"2020-08-02","  8.77 %","  5.20 %","  4.69 %","  9.11 %","  4.72 %","  4.25 %","  3.07 %","  3.18 %","  2.90 %","  5.16 %","  3.50 %","  3.41 %","  3.26 %","  4.00 %","  4.15 %","  4.10 %","","  6.25 %","  3.63 %","  8.21 %","  3.21 %","  6.62 %","  2.98 %","  2.32 %",""
"2020-08-03","  6.90 %","  4.59 %","  4.94 %"," 10.31 %","  4.48 %","  4.88 %","  3.10 %","  2.90 %","  3.20 %","  7.66 %","  3.95 %","  3.36 %","  3.38 %","  5.24 %","  4.66 %","  3.89 %","","  7.08 %","  4.16 %","  7.45 %","  3.61 %","  6.73 %","  3.05 %","  2.30 %",""
"2020-08-04","  8.18 %","  4.60 %","  5.98 %","  9.81 %","  4.40 %","  4.87 %","  2.73 %","  2.63 %","  4.16 %","  6.37 %","  4.69 %","  3.22 %","  2.85 %","  5.40 %","  5.29 %","  3.78 %","","  9.26 %","  2.92 %","  7.40 %","  5.03 %","  6.06 %","  3.31 %","  1.67 %",""
"2020-08-05","  8.87 %","  3.65 %","  4.87 %","  8.46 %","  5.63 %","  4.13 %","  2.93 %","  2.89 %","  3.81 %","","  4.89 %","  3.12 %","  3.77 %","  5.30 %","  4.96 %","  3.70 %",""," 10.18 %","  2.27 %","  7.33 %","  5.07 %","  4.15 %","  2.96 %","  1.68 %",""
"2020-08-06","  7.51 %","  3.95 %","  6.33 %","  8.50 %","  6.56 %","  4.26 %","  3.00 %","  2.65 %","  3.91 %"," 15.32 %","  3.91 %","  3.00 %","  3.16 %","  5.14 %","  5.49 %","  3.56 %","","  9.83 %","  2.10 %","  5.73 %","  6.49 %","  3.81 %","  3.23 %","  1.81 %",""
"2020-08-07","  6.71 %","  3.71 %","  6.92 %","  6.44 %","  5.31 %","  3.52 %","  3.74 %","  2.50 %","  3.38 %","","  3.40 %","  2.88 %","  3.02 %","  6.68 %","  6.16 %","  3.43 %","","  8.73 %","  2.55 %","  5.35 %","  6.89 %","  2.64 %","  3.32 %","  2.24 %",""
"2020-08-08","  6.98 %","  2.99 %","  7.07 %","  5.34 %","  5.12 %","  2.79 %","  4.09 %","  2.52 %","  3.61 %"," 15.71 %","  5.81 %","  2.74 %","  3.41 %","  5.63 %","  6.09 %","  3.48 %","","  8.03 %","  2.05 %","  4.78 %","  7.13 %","  2.31 %","  3.52 %","  1.33 %",""
"2020-08-09","  5.60 %","  4.37 %","  5.97 %","  6.20 %","  5.01 %","  2.84 %","  3.87 %","  2.46 %","  2.87 %"," 20.71 %","  5.27 %","  2.59 %","  3.26 %","  5.75 %","  5.95 %","  3.36 %","","  6.51 %","  2.94 %","  5.32 %","  7.00 %","  3.48 %","  3.60 %","  1.76 %",""
"2020-08-10","  6.66 %","  4.76 %","  7.07 %","  5.99 %","  4.11 %","  3.28 %","  3.59 %","  2.20 %","  2.96 %"," 19.48 %"," 11.51 %","  2.49 %","  2.89 %","  6.08 %","  5.46 %","  3.02 %","","  5.94 %","  3.85 %","  4.77 %","  7.48 %","  5.94 %","  3.71 %","  2.12 %",""
"2020-08-11","  7.70 %","  5.67 %","  5.98 %","  5.03 %","  2.88 %","  2.76 %","  3.45 %","  2.08 %","  2.87 %"," 21.94 %"," 12.43 %","  2.45 %","  3.25 %","  6.08 %","  5.65 %","  2.97 %","","  4.78 %","  4.64 %","  4.82 %","  6.35 %","  6.96 %","  3.46 %","  2.24 %",""
"2020-08-12","  7.82 %","  5.81 %","  4.82 %","  3.91 %","  3.03 %","  2.68 %","  2.74 %","  2.15 %","  3.29 %"," 14.40 %"," 16.11 %","  2.35 %","  3.11 %","  5.74 %","  5.32 %","  2.90 %","","  4.61 %","  4.62 %","  4.38 %","  6.01 %","  8.51 %","  3.50 %","  2.22 %",""
"2020-08-13","  7.47 %","  5.73 %","  3.86 %","  3.97 %","  2.64 %","  2.79 %","  2.36 %","  2.13 %","  2.61 %"," 13.34 %"," 15.29 %","  2.28 %","  3.50 %","  6.82 %","  5.22 %","  2.75 %","","  4.35 %","  5.14 %","  4.10 %","  5.49 %"," 10.33 %","  3.34 %","  2.39 %",""
"2020-08-14","  7.25 %","  4.45 %","  3.79 %","  3.68 %","  2.70 %","  2.94 %","  2.54 %","  2.15 %","  2.99 %","  7.73 %"," 16.98 %","  2.23 %","  3.57 %","  6.34 %","  5.07 %","  2.69 %","","  3.57 %","  4.37 %","  4.18 %","  5.44 %","  8.76 %","  3.07 %","  2.54 %",""
"2020-08-15","  5.18 %","  4.04 %","  2.89 %","  3.38 %","  2.81 %","  2.44 %","  2.73 %","  2.07 %","  3.32 %"," 10.33 %"," 10.04 %","  2.22 %","  3.59 %","  5.69 %","  5.50 %","  2.76 %","","  3.40 %","  5.53 %","  3.99 %","  4.77 %","  6.70 %","  2.98 %","  2.26 %",""
"2020-08-16","  3.96 %","  3.33 %","  2.81 %","  3.76 %","  4.05 %","  2.60 %","  2.64 %","  2.08 %","  3.00 %","  7.93 %"," 10.05 %","  2.07 %","  3.46 %","  5.97 %","  4.88 %","  2.61 %","","  4.14 %","  4.88 %","  3.78 %","  5.24 %","  5.49 %","  2.87 %","  3.47 %",""
"2020-08-17","  2.80 %","  4.09 %","  3.20 %","  3.65 %","  5.16 %","  2.65 %","  2.41 %","  1.89 %","  3.13 %","  6.93 %","  7.36 %","  1.99 %","  3.34 %","  5.75 %","  4.59 %","  2.53 %","","  4.40 %","  5.10 %","  3.62 %","  5.60 %","  4.74 %","  2.71 %","  3.47 %",""
"2020-08-18","  4.00 %","  4.45 %","  2.91 %","  3.28 %","  5.73 %","  2.40 %","  2.39 %","  1.73 %","  3.32 %","  7.00 %","  6.56 %","  1.90 %","  2.38 %","  4.70 %","  4.43 %","  2.54 %","","  4.49 %","  5.69 %","  3.65 %","  6.08 %","  3.53 %","  2.60 %","  4.22 %",""
"2020-08-19","  4.71 %","  4.76 %","  2.67 %","  2.82 %","  6.67 %","  2.22 %","  2.32 %","  1.62 %","  3.38 %","  6.66 %","  4.91 %","  1.90 %","  2.41 %","  5.02 %","  4.16 %","  2.51 %","","  4.81 %","  5.51 %","  3.12 %","  5.29 %","  3.43 %","  2.43 %","  3.81 %",""
"2020-08-20","  5.02 %","  4.86 %","  2.39 %","  2.98 %","  7.14 %","  2.71 %","  2.28 %","  1.54 %","  3.74 %","  3.57 %","  5.21 %","  1.81 %","  2.04 %","  5.57 %","  3.62 %","  2.53 %","","  4.96 %","  3.71 %","  3.04 %","  4.86 %","  3.82 %","  2.35 %","  4.01 %",""
"2020-08-21","  5.15 %","  4.74 %","  2.52 %","  2.69 %","  6.10 %","  2.96 %","  3.00 %","  1.49 %","  4.09 %","  2.64 %","  5.28 %","  1.72 %","  1.99 %","  5.02 %","  2.96 %","  2.62 %","","  4.42 %","  4.43 %","  2.73 %","  4.35 %","  4.43 %","  2.29 %","  2.70 %",""
"2020-08-22","  5.60 %","  4.33 %","  2.43 %","  3.10 %","  5.08 %","  2.89 %","  3.34 %","  1.40 %","  3.70 %","  3.81 %","  4.96 %","  1.67 %","  2.07 %","  4.87 %","  2.89 %","  2.55 %","","  4.14 %","  5.27 %","  2.83 %","  4.02 %","  4.75 %","  2.20 %","  2.67 %",""
"2020-08-23","  3.82 %","  4.54 %","  2.51 %","  3.33 %","  4.83 %","  2.78 %","  3.42 %","  1.37 %","  3.67 %","  5.82 %","  3.93 %","  1.62 %","  2.26 %","  4.47 %","  2.79 %","  2.51 %","","  4.11 %","  5.82 %","  2.45 %","  3.67 %","  5.74 %","  2.13 %","  1.97 %",""
"2020-08-24","  4.46 %","  4.76 %","  2.56 %","  2.86 %","  3.76 %","  2.85 %","  3.21 %","  1.24 %","  3.54 %","  5.43 %","  3.95 %","  1.48 %","  2.16 %","  4.09 %","  2.80 %","  2.48 %","","  3.84 %","  6.58 %","  2.05 %","  3.54 %","  7.92 %","  1.97 %","  1.98 %",""
"2020-08-25","  4.54 %","  4.64 %","  2.95 %","  3.16 %","  3.03 %","  2.33 %","  2.93 %","  1.18 %","  2.91 %","  5.25 %","  3.42 %","  1.43 %","  2.06 %","  3.67 %","  3.21 %","  2.31 %","","  3.63 %","  7.36 %","  2.26 %","  3.37 %","  9.09 %","  1.89 %","  1.91 %",""
"2020-08-26","  4.80 %","  4.75 %","  3.12 %","  3.26 %","  2.64 %","  2.12 %","  2.14 %","  1.20 %","  2.84 %","  5.10 %","  2.84 %","  1.46 %","  1.66 %","  3.64 %","  4.07 %","  2.08 %","","  3.69 %","  6.76 %","  2.21 %","  3.25 %","  9.77 %","  1.80 %","  1.87 %",""
"2020-08-27","  4.96 %","  4.07 %","  4.26 %","  3.22 %","  2.33 %","  2.03 %","  1.94 %","  1.19 %","  3.13 %","  4.38 %","  2.26 %","  1.47 %","  1.28 %","  2.95 %","  3.72 %","  2.13 %","","  3.47 %","  5.38 %","  1.89 %","  3.28 %","  9.50 %","  1.63 %","  1.55 %",""
"2020-08-28","  5.70 %","  3.45 %","  6.11 %","  3.61 %","  2.05 %","  2.05 %","  1.69 %","  1.07 %","  3.61 %","  1.83 %","  2.38 %","  1.38 %","  1.18 %","  2.85 %","  3.78 %","  1.99 %","","  3.24 %","  4.14 %","  2.15 %","  3.00 %","  8.62 %","  1.60 %","  1.59 %",""
"2020-08-29","  6.01 %","  2.92 %","  5.96 %","  4.52 %","  1.60 %","  1.89 %","  1.70 %","  1.13 %","  3.26 %","  3.37 %","  1.49 %","  1.36 %","  1.28 %","  2.76 %","  3.81 %","  1.80 %","","  3.00 %","  4.67 %","  2.21 %","  3.16 %","  6.66 %","  1.63 %","  1.58 %",""
"2020-08-30","  6.05 %","  2.97 %","  5.66 %","  4.27 %","  1.42 %","  1.91 %","  1.68 %","  1.17 %","  3.03 %","  4.03 %","  1.34 %","  1.29 %","  1.24 %","  2.72 %","  3.78 %","  1.77 %","","  3.25 %","  4.43 %","  2.02 %","  3.21 %","  5.96 %","  1.70 %","  1.56 %",""
"2020-08-31","  5.85 %","  2.85 %","  5.46 %","  4.47 %","  1.35 %","  1.92 %","  1.67 %","  1.03 %","  3.19 %","  4.65 %","  1.45 %","  1.21 %","  1.31 %","  2.64 %","  3.67 %","  1.71 %","","  2.73 %","  5.15 %","  2.17 %","  3.15 %","  4.98 %","  1.67 %","  1.52 %",""
"2020-09-01","  5.99 %","  3.07 %","  4.14 %","  4.67 %","  1.14 %","  1.74 %","  1.57 %","   .96 %","  2.99 %","  3.94 %","  1.73 %","  1.19 %","  1.28 %","  2.51 %","  3.78 %","  1.67 %","","  2.92 %","  5.23 %","  2.20 %","  2.87 %","  4.78 %","  1.70 %","  1.50 %",""
"2020-09-02","  5.99 %","  3.34 %","  2.08 %","  4.54 %","  1.05 %","  1.77 %","  1.90 %","  1.04 %","  2.66 %","  3.89 %","  1.70 %","  1.16 %","  1.05 %","  2.27 %","  3.28 %","  1.74 %","","  2.94 %","  5.05 %","  2.14 %","  2.71 %","  4.70 %","  1.58 %","  1.50 %",""
"2020-09-03","  5.22 %","  3.55 %","  1.87 %","  4.59 %","  1.10 %","  1.67 %","  1.84 %","  1.01 %","  3.21 %","  2.58 %","  2.02 %","  1.14 %","   .83 %","  2.05 %","  3.11 %","  1.87 %","","  2.82 %","  3.84 %","  1.88 %","  2.46 %","  4.25 %","  1.61 %","  1.39 %",""
"2020-09-04","  5.18 %","  3.59 %","  2.24 %","  4.99 %","  1.25 %","  1.72 %","  1.85 %","   .93 %","  3.14 %","  2.21 %","  2.29 %","  1.13 %","   .79 %","  1.84 %","  2.77 %","  1.83 %","","  2.52 %","  3.53 %","  2.14 %","  2.44 %","  3.37 %","  1.46 %","  1.37 %",""
"2020-09-05","  5.31 %","  3.72 %","  2.12 %","  4.56 %","  1.28 %","  1.61 %","  1.78 %","   .95 %","  2.77 %","  2.06 %","  2.47 %","  1.17 %","   .63 %","  1.61 %","  2.31 %","  1.85 %","","  2.68 %","  2.99 %","  2.10 %","  2.36 %","  3.57 %","  1.49 %","  1.50 %",""
"2020-09-06","  4.82 %","  3.68 %","  2.01 %","  3.85 %","  1.30 %","  1.72 %","  2.19 %","   .95 %","  2.72 %","  2.67 %","  2.06 %","  1.15 %","   .73 %","  1.77 %","  2.38 %","  1.78 %","","  2.64 %","  2.94 %","  2.05 %","  2.33 %","  3.27 %","  1.51 %","  1.44 %",""
"2020-09-07","  4.54 %","  3.57 %","  1.96 %","  3.52 %","  1.23 %","  1.78 %","  2.18 %","   .88 %","  2.21 %","  2.77 %","  1.96 %","  1.17 %","   .73 %","  1.73 %","  2.68 %","  1.66 %","","  2.84 %","  3.13 %","  2.12 %","  2.49 %","  2.85 %","  1.60 %","  1.27 %",""
"2020-09-08","  3.80 %","  3.65 %","  2.39 %","  2.73 %","  1.29 %","  1.84 %","  2.39 %","   .82 %","  1.60 %","  2.81 %","  1.91 %","  1.11 %","   .69 %","  1.80 %","  2.83 %","  1.55 %","","  3.07 %","  3.46 %","  2.65 %","  2.84 %","  2.73 %","  1.45 %","  1.74 %",""
"2020-09-09","  3.23 %","  3.38 %","  2.01 %","  2.21 %","  1.39 %","  1.62 %","  2.38 %","   .85 %","  1.66 %","  2.89 %","  2.21 %","  1.16 %","   .72 %","  1.90 %","  2.89 %","  1.53 %","","  3.08 %","  3.27 %","  2.59 %","  2.80 %","  3.20 %","  1.46 %","  1.84 %",""
"2020-09-10","  2.92 %","  3.02 %","  2.05 %","  2.07 %","  1.50 %","  1.56 %","  2.48 %","   .90 %","  1.66 %","  2.87 %","  1.81 %","  1.11 %","   .88 %","  2.12 %","  2.98 %","  1.50 %","","  3.03 %","  2.88 %","  2.77 %","  2.78 %","  3.07 %","  1.43 %","  1.88 %",""
"2020-09-11","  2.71 %","  2.99 %","  2.24 %","  2.08 %","  1.50 %","  1.56 %","  2.08 %","   .93 %","  1.64 %","  3.01 %","  2.04 %","  1.10 %","   .95 %","  2.17 %","  3.02 %","  1.44 %","","  3.06 %","  2.82 %","  2.80 %","  2.73 %","  3.46 %","  1.41 %","  2.05 %",""
"2020-09-12","  2.34 %","  2.81 %","  2.26 %","  2.01 %","  1.50 %","  1.48 %","  1.84 %","  1.00 %","  1.84 %","  3.20 %","  2.54 %","  1.13 %","  1.09 %","  2.34 %","  2.78 %","  1.41 %","","  2.90 %","  2.83 %","  2.70 %","  2.48 %","  3.76 %","  1.42 %","  2.12 %",""
"2020-09-13","  2.29 %","  2.53 %","  2.04 %","  2.07 %","  1.40 %","  1.54 %","  1.78 %","  1.08 %","  1.91 %","  3.55 %","  2.98 %","  1.19 %","  1.26 %","  2.35 %","  2.65 %","  1.37 %","","  2.84 %","  2.88 %","  2.41 %","  1.99 %","  4.04 %","  1.46 %","  1.78 %",""
"2020-09-14","  2.06 %","  2.78 %","  2.03 %","  2.01 %","  1.22 %","  1.82 %","  1.96 %","  1.07 %","  1.91 %","  3.61 %","  2.95 %","  1.18 %","  1.25 %","  2.39 %","  2.49 %","  1.34 %","","  2.48 %","  3.22 %","  2.05 %","  1.89 %","  3.55 %","  1.44 %","  1.53 %",""
"2020-09-15","  2.19 %","  2.69 %","  2.07 %","  2.01 %","  1.14 %","  1.90 %","  2.01 %","  1.03 %","  1.83 %","  4.40 %","  3.37 %","  1.17 %","  1.33 %","  2.35 %","  2.33 %","  1.31 %","","  2.34 %","  3.38 %","  1.91 %","  1.71 %","  3.98 %","  1.40 %","  1.47 %",""
"2020-09-16","  2.26 %","  2.67 %","  2.13 %","  2.06 %","  1.26 %","  1.87 %","  2.05 %","  1.08 %","  1.78 %","  4.71 %","  3.46 %","  1.12 %","  1.41 %","  2.31 %","  2.11 %","  1.28 %","","  2.12 %","  3.42 %","  1.88 %","  1.62 %","  4.01 %","  1.38 %","  1.41 %",""
"2020-09-17","  2.52 %","  2.68 %","  2.30 %","  1.99 %","  1.32 %","  1.84 %","  1.96 %","  1.08 %","  1.74 %","  5.33 %","  3.18 %","  1.08 %","  1.48 %","  2.24 %","  2.04 %","  1.24 %","","  2.05 %","  3.31 %","  1.86 %","  1.54 %","  4.07 %","  1.41 %","  1.46 %",""
"2020-09-18","  2.56 %","  2.67 %","  2.27 %","  1.91 %","  1.32 %","  1.81 %","  1.79 %","  1.07 %","  1.74 %","  5.79 %","  2.85 %","  1.05 %","  1.54 %","  2.05 %","  1.93 %","  1.22 %","","  2.04 %","  3.24 %","  1.81 %","  1.54 %","  4.16 %","  1.45 %","  1.50 %",""
"2020-09-19","  2.77 %","  2.43 %","  2.42 %","  1.86 %","  1.22 %","  1.61 %","  1.57 %","  1.11 %","  1.68 %","  5.54 %","  2.71 %","  1.03 %","  1.60 %","  1.93 %","  1.89 %","  1.17 %","","  2.10 %","  2.98 %","  2.06 %","  1.59 %","  4.24 %","  1.53 %","  1.42 %",""
"2020-09-20","  2.66 %","  2.37 %","  2.39 %","  1.86 %","  1.10 %","  1.52 %","  1.50 %","  1.21 %","  1.74 %","  5.26 %","  2.62 %","  1.03 %","  1.58 %","  1.89 %","  1.78 %","  1.16 %","","  2.14 %","  2.68 %","  2.08 %","  1.53 %","  3.77 %","  1.53 %","  1.40 %",""
"2020-09-21","  2.56 %","  2.48 %","  2.11 %","  1.84 %","   .92 %","  1.57 %","  1.40 %","  1.21 %","  1.71 %","  4.92 %","  2.56 %","  1.04 %","  1.50 %","  1.79 %","  1.77 %","  1.15 %","","  2.13 %","  2.41 %","  2.03 %","  1.59 %","  3.27 %","  1.51 %","  1.44 %",""
"2020-09-22","  2.49 %","  2.51 %","  2.12 %","  1.87 %","   .92 %","  1.52 %","  1.46 %","  1.19 %","  1.70 %","  4.89 %","  2.97 %","  1.06 %","  1.30 %","  1.70 %","  1.82 %","  1.14 %","","  1.96 %","  2.09 %","  2.15 %","  1.61 %","  3.00 %","  1.43 %","  1.51 %",""
"2020-09-23","  2.28 %","  2.34 %","  2.08 %","  1.86 %","   .88 %","  1.42 %","  1.53 %","  1.19 %","  1.58 %","  4.69 %","  2.79 %","  1.11 %","  1.16 %","  1.80 %","  1.75 %","  1.19 %","","  1.88 %","  1.74 %","  2.16 %","  1.50 %","  2.65 %","  1.38 %","  1.45 %",""
"2020-09-24","  2.22 %","  2.32 %","  2.00 %","  1.88 %","   .96 %","  1.36 %","  1.45 %","  1.17 %","  1.55 %","  4.79 %","  2.68 %","  1.12 %","  1.10 %","  1.74 %","  1.74 %","  1.23 %","","  1.80 %","  1.53 %","  1.94 %","  1.33 %","  2.65 %","  1.36 %","  1.63 %",""
"2020-09-25","  2.06 %","  2.15 %","  1.92 %","  1.79 %","  1.04 %","  1.30 %","  1.45 %","  1.13 %","  1.41 %","  4.67 %","  2.50 %","  1.18 %","   .91 %","  1.64 %","  1.69 %","  1.29 %","","  1.62 %","  1.39 %","  1.75 %","  1.25 %","  2.46 %","  1.39 %","  1.61 %",""
"2020-09-26","  1.80 %","  1.79 %","  2.11 %","  1.73 %","  1.19 %","  1.12 %","  1.44 %","  1.07 %","  1.27 %","  4.52 %","  2.50 %","  1.22 %","   .80 %","  1.61 %","  1.68 %","  1.35 %","","  1.57 %","  1.36 %","  1.59 %","  1.14 %","  2.26 %","  1.38 %","  1.56 %",""
"2020-09-27","  1.57 %","  1.53 %","  2.03 %","  1.66 %","  1.22 %","  1.10 %","  1.36 %","  1.07 %","  1.15 %","  4.07 %","  2.14 %","  1.24 %","   .83 %","  1.57 %","  1.63 %","  1.39 %","","  1.49 %","  1.34 %","  1.36 %","  1.13 %","  2.31 %","  1.35 %","  1.59 %",""
"2020-09-28","  1.59 %","  1.56 %","  1.99 %","  1.66 %","  1.24 %","  1.06 %","  1.22 %","  1.06 %","  1.09 %","  3.91 %","  2.23 %","  1.21 %","   .82 %","  1.37 %","  1.65 %","  1.39 %","","  1.40 %","  1.36 %","  1.28 %","  1.15 %","  2.31 %","  1.38 %","  1.68 %",""
"2020-09-29","  1.41 %","  1.55 %","  1.90 %","  1.59 %","  1.13 %","  1.09 %","  1.22 %","  1.03 %","  1.01 %","  3.76 %","  2.21 %","  1.23 %","   .73 %","  1.39 %","  1.68 %","  1.37 %","","  1.31 %","  1.39 %","  1.21 %","  1.23 %","  2.06 %","  1.38 %","  1.49 %",""
"2020-09-30","  1.36 %","  1.62 %","  1.80 %","  1.62 %","   .96 %","  1.07 %","  1.18 %","  1.03 %","  1.07 %","  3.52 %","  2.18 %","  1.20 %","   .82 %","  1.39 %","  1.71 %","  1.34 %","","  1.29 %","  1.42 %","  1.26 %","  1.26 %","  2.18 %","  1.37 %","  1.44 %",""
"2020-10-01","  1.47 %","  1.56 %","  1.86 %","  1.57 %","   .83 %","  1.10 %","  1.17 %","  1.04 %","  1.14 %","  3.43 %","  2.10 %","  1.19 %","   .95 %","  1.38 %","  1.71 %","  1.30 %","","  1.18 %","  1.34 %","  1.30 %","  1.27 %","  2.17 %","  1.40 %","  1.50 %",""
"2020-10-02","  1.53 %","  1.51 %","  1.84 %","  1.56 %","   .72 %","  1.11 %","  1.14 %","  1.00 %","  1.19 %","  3.50 %","  1.91 %","  1.21 %","  1.02 %","  1.47 %","  1.76 %","  1.28 %","","  1.17 %","  1.29 %","  1.42 %","  1.23 %","  1.86 %","  1.40 %","  1.38 %",""
"2020-10-03","  1.50 %","  1.32 %","  1.77 %","  1.55 %","   .68 %","  1.21 %","  1.20 %","  1.05 %","  1.33 %","  3.55 %","  1.73 %","  1.20 %","  1.06 %","  1.62 %","  1.77 %","  1.26 %","","  1.15 %","  1.29 %","  1.44 %","  1.30 %","  1.70 %","  1.34 %","  1.25 %",""
"2020-10-04","  1.39 %","  1.12 %","  1.72 %","  1.56 %","   .75 %","  1.19 %","  1.22 %","  1.06 %","  1.40 %","  3.55 %","  1.58 %","  1.21 %","  1.20 %","  1.63 %","  1.72 %","  1.28 %","","  1.17 %","  1.11 %","  1.60 %","  1.26 %","  1.57 %","  1.28 %","  1.26 %",""
"2020-10-05","  1.42 %","   .96 %","  1.77 %","  1.57 %","   .84 %","  1.18 %","  1.17 %","  1.04 %","  1.40 %","  3.37 %","  1.33 %","  1.20 %","  1.32 %","  1.64 %","  1.72 %","  1.30 %","","  1.18 %","  1.12 %","  1.59 %","  1.29 %","  1.39 %","  1.18 %","  1.20 %",""
"2020-10-06","  1.42 %","   .99 %","  1.59 %","  1.57 %","   .88 %","  1.18 %","  1.27 %","   .99 %","  1.42 %","  3.13 %","  1.35 %","  1.21 %","  1.27 %","  1.55 %","  1.66 %","  1.31 %","","  1.15 %","  1.11 %","  1.55 %","  1.30 %","  1.34 %","  1.12 %","  1.08 %",""
"2020-10-07","  1.42 %","  1.03 %","  1.44 %","  1.50 %","   .96 %","  1.16 %","  1.23 %","  1.06 %","  1.43 %","  2.71 %","  1.29 %","  1.21 %","  1.24 %","  1.52 %","  1.56 %","  1.32 %","","  1.13 %","  1.09 %","  1.55 %","  1.30 %","  1.44 %","  1.10 %","  1.06 %",""
"2020-10-08","  1.33 %","  1.08 %","  1.55 %","  1.46 %","   .96 %","  1.08 %","  1.25 %","  1.03 %","  1.34 %","  2.47 %","  1.38 %","  1.24 %","  1.25 %","  1.46 %","  1.51 %","  1.33 %","","  1.13 %","  1.02 %","  1.55 %","  1.20 %","  1.59 %","  1.12 %","  1.08 %",""
"2020-10-09","  1.49 %","  1.13 %","  1.59 %","  1.43 %","   .99 %","  1.11 %","  1.24 %","  1.08 %","  1.26 %","  2.23 %","  1.68 %","  1.23 %","  1.32 %","  1.34 %","  1.55 %","  1.31 %","","  1.20 %","  1.08 %","  1.47 %","  1.14 %","  1.48 %","  1.12 %","  1.08 %",""
"2020-10-10","  1.45 %","  1.26 %","  1.68 %","  1.37 %","   .97 %","  1.11 %","  1.22 %","  1.08 %","  1.19 %","  2.43 %","  1.90 %","  1.25 %","  1.30 %","  1.25 %","  1.57 %","  1.30 %","","  1.20 %","  1.03 %","  1.47 %","  1.19 %","  1.45 %","  1.14 %","  1.08 %",""
"2020-10-11","  1.37 %","  1.22 %","  1.65 %","  1.39 %","   .88 %","  1.10 %","  1.13 %","  1.19 %","  1.12 %","  2.87 %","  1.89 %","  1.24 %","  1.39 %","  1.29 %","  1.59 %","  1.31 %","","  1.30 %","  1.01 %","  1.50 %","  1.11 %","  1.58 %","  1.14 %","  1.00 %",""
"2020-10-12","  1.30 %","  1.19 %","  1.60 %","  1.41 %","   .86 %","  1.12 %","  1.14 %","  1.17 %","  1.08 %","  3.23 %","  1.92 %","  1.21 %","  1.42 %","  1.27 %","  1.70 %","  1.30 %","","  1.37 %","  1.04 %","  1.48 %","  1.16 %","  1.46 %","  1.13 %","   .83 %",""
"2020-10-13","  1.29 %","  1.24 %","  1.62 %","  1.32 %","   .81 %","  1.13 %","  1.18 %","  1.14 %","  1.18 %","  3.41 %","  1.90 %","  1.18 %","  1.37 %","  1.20 %","  1.70 %","  1.30 %","","  1.33 %","  1.14 %","  1.50 %","  1.15 %","  1.32 %","  1.11 %","   .82 %",""
"2020-10-14","  1.24 %","  1.23 %","  1.63 %","  1.25 %","   .86 %","  1.12 %","  1.15 %","  1.11 %","  1.23 %","  3.74 %","  1.79 %","  1.18 %","  1.30 %","  1.26 %","  1.67 %","  1.28 %","","  1.27 %","  1.17 %","  1.48 %","  1.13 %","  1.51 %","  1.11 %","   .84 %",""
"2020-10-15","  1.22 %","  1.20 %","  1.53 %","  1.24 %","   .84 %","  1.17 %","  1.15 %","  1.17 %","  1.26 %","  3.56 %","  1.75 %","  1.16 %","  1.27 %","  1.28 %","  1.71 %","  1.27 %","","  1.23 %","  1.26 %","  1.42 %","  1.01 %","  1.48 %","  1.10 %","   .86 %",""
"2020-10-16","  1.27 %","  1.26 %","  1.62 %","  1.22 %","   .96 %","  1.21 %","  1.11 %","  1.11 %","  1.32 %","  3.19 %","  1.66 %","  1.16 %","  1.17 %","  1.24 %","  1.70 %","  1.25 %","","  1.19 %","  1.38 %","  1.44 %","  1.03 %","  1.31 %","  1.13 %","   .89 %",""
"2020-10-17","  1.20 %","  1.32 %","  1.70 %","  1.15 %","   .94 %","  1.19 %","  1.10 %","  1.11 %","  1.43 %","  3.22 %","  1.58 %","  1.16 %","  1.16 %","  1.21 %","  1.65 %","  1.24 %","","  1.18 %","  1.40 %","  1.52 %","   .99 %","  1.42 %","  1.15 %","  1.02 %",""
"2020-10-18","  1.10 %","  1.27 %","  1.60 %","  1.22 %","  1.10 %","  1.19 %","   .99 %","  1.16 %","  1.56 %","  2.87 %","  1.39 %","  1.18 %","  1.23 %","  1.17 %","  1.68 %","  1.25 %","","  1.21 %","  1.38 %","  1.52 %","  1.00 %","  1.47 %","  1.18 %","   .92 %",""
"2020-10-19","  1.05 %","  1.27 %","  1.55 %","  1.24 %","   .97 %","  1.26 %","   .97 %","  1.15 %","  1.59 %","  2.53 %","  1.08 %","  1.17 %","  1.26 %","  1.18 %","  1.74 %","  1.27 %","","  1.27 %","  1.53 %","  1.58 %","   .97 %","  1.46 %","  1.16 %","   .87 %",""
"2020-10-20","  1.06 %","  1.24 %","  1.60 %","  1.23 %","   .99 %","  1.31 %","  1.09 %","  1.08 %","  1.71 %","  2.47 %","  1.00 %","  1.16 %","  1.14 %","  1.17 %","  1.67 %","  1.29 %","","  1.33 %","  1.60 %","  1.53 %","  1.00 %","  1.43 %","  1.16 %","   .76 %",""
"2020-10-21","   .94 %","  1.13 %","  1.44 %","  1.21 %","   .95 %","  1.30 %","  1.17 %","  1.10 %","  1.68 %","  2.44 %","   .95 %","  1.17 %","  1.14 %","  1.21 %","  1.71 %","  1.31 %","","  1.29 %","  1.63 %","  1.57 %","   .93 %","  1.39 %","  1.14 %","   .85 %",""
"2020-10-22","   .93 %","  1.07 %","  1.44 %","  1.24 %","   .99 %","  1.30 %","  1.25 %","  1.12 %","  1.59 %","  2.16 %","  1.08 %","  1.19 %","  1.17 %","  1.26 %","  1.76 %","  1.31 %","","  1.29 %","  1.57 %","  1.49 %","   .92 %","  1.31 %","  1.14 %","   .76 %",""
"2020-10-23","   .96 %","  1.05 %","  1.42 %","  1.24 %","   .89 %","  1.44 %","  1.30 %","  1.11 %","  1.46 %","  2.32 %","  1.01 %","  1.20 %","  1.13 %","  1.30 %","  1.70 %","  1.31 %","","  1.36 %","  1.48 %","  1.50 %","   .91 %","  1.16 %","  1.10 %","   .78 %",""
"2020-10-24","   .91 %","  1.01 %","  1.38 %","  1.23 %","   .90 %","  1.45 %","  1.31 %","  1.10 %","  1.44 %","  2.40 %","  1.04 %","  1.21 %","  1.04 %","  1.29 %","  1.80 %","  1.30 %","","  1.27 %","  1.33 %","  1.52 %","  1.01 %","  1.03 %","  1.09 %","   .81 %",""
"2020-10-25","   .83 %","  1.05 %","  1.30 %","  1.20 %","   .89 %","  1.40 %","  1.30 %","  1.09 %","  1.30 %","  2.26 %","  1.04 %","  1.22 %","  1.08 %","  1.27 %","  1.89 %","  1.30 %","","  1.20 %","  1.16 %","  1.55 %","   .98 %","  1.07 %","  1.12 %","   .85 %",""
"2020-10-26","   .72 %","  1.21 %","  1.41 %","  1.24 %","   .80 %","  1.47 %","  1.21 %","  1.03 %","  1.37 %","  2.36 %","   .88 %","  1.21 %","  1.12 %","  1.20 %","  1.83 %","  1.29 %","","  1.20 %","  1.03 %","  1.53 %","  1.08 %","  1.16 %","  1.13 %","   .73 %",""
"2020-10-27","   .63 %","  1.22 %","  1.41 %","  1.21 %","   .64 %","  1.50 %","  1.13 %","   .92 %","  1.37 %","  2.43 %","   .59 %","  1.20 %","  1.13 %","  1.11 %","  1.76 %","  1.28 %","","  1.18 %","  1.09 %","  1.56 %","  1.08 %","  1.02 %","  1.11 %","   .76 %",""
"2020-10-28","   .57 %","  1.23 %","  1.35 %","  1.17 %","   .56 %","  1.36 %","  1.11 %","   .86 %","  1.26 %","  2.14 %","   .65 %","  1.18 %","  1.10 %","  1.11 %","  1.73 %","  1.25 %","","  1.09 %","  1.17 %","  1.58 %","  1.07 %","  1.06 %","  1.09 %","   .77 %",""
"2020-10-29","   .46 %","  1.19 %","  1.43 %","  1.12 %","   .52 %","  1.24 %","  1.10 %","   .90 %","  1.21 %","  1.78 %","   .77 %","  1.17 %","  1.14 %","  1.08 %","  1.59 %","  1.23 %","","  1.12 %","  1.23 %","  1.38 %","  1.01 %","  1.03 %","  1.11 %","   .69 %",""
"2020-10-30","   .39 %","  1.18 %","  1.39 %","  1.16 %","   .51 %","  1.20 %","  1.06 %","   .92 %","  1.18 %","  1.73 %","   .61 %","  1.15 %","  1.16 %","  1.09 %","  1.50 %","  1.20 %","","  1.13 %","  1.21 %","  1.36 %","   .98 %","   .93 %","  1.11 %","   .65 %",""
"2020-10-31","   .50 %","  1.13 %","  1.26 %","  1.05 %","   .53 %","  1.11 %","  1.03 %","   .94 %","  1.04 %","  1.55 %","   .76 %","  1.14 %","  1.09 %","  1.10 %","  1.54 %","  1.20 %","","  1.11 %","  1.13 %","  1.32 %","   .91 %","   .82 %","  1.09 %","   .74 %",""
"2020-11-01","   .53 %","  1.04 %","  1.20 %","  1.01 %","   .59 %","  1.10 %","  1.05 %","  1.01 %","  1.02 %","  1.50 %","   .86 %","  1.13 %","   .95 %","  1.15 %","  1.53 %","  1.18 %","","  1.03 %","  1.18 %","  1.15 %","   .83 %","   .89 %","  1.10 %","   .75 %",""
"2020-11-02","   .44 %","  1.11 %","  1.10 %","  1.05 %","   .60 %","  1.13 %","  1.04 %","   .98 %","  1.06 %","  1.72 %","   .85 %","  1.12 %","   .88 %","  1.09 %","  1.53 %","  1.18 %","","  1.04 %","  1.19 %","  1.14 %","   .86 %","   .74 %","  1.09 %","   .68 %",""
"2020-11-03","   .49 %","  1.15 %","  1.11 %","  1.07 %","   .62 %","  1.15 %","  1.02 %","   .94 %","  1.11 %","  1.84 %","   .74 %","  1.10 %","   .79 %","  1.00 %","  1.50 %","  1.16 %","","  1.03 %","  1.10 %","  1.21 %","   .88 %","   .84 %","  1.08 %","   .70 %",""
"2020-11-04","   .50 %","  1.13 %","  1.15 %","  1.05 %","   .59 %","  1.17 %","   .97 %","   .95 %","  1.08 %","  1.85 %","   .68 %","  1.09 %","   .90 %","   .99 %","  1.48 %","  1.15 %","","   .98 %","  1.06 %","  1.20 %","   .87 %","   .79 %","  1.04 %","   .71 %",""
"2020-11-05","   .44 %","  1.04 %","  1.23 %","  1.07 %","   .57 %","  1.19 %","  1.04 %","   .95 %","  1.14 %","  1.90 %","   .64 %","  1.06 %","   .81 %","   .96 %","  1.44 %","  1.11 %","","   .98 %","  1.20 %","  1.13 %","   .81 %","   .71 %","  1.04 %","   .70 %",""
"2020-11-06","   .42 %","  1.07 %","  1.18 %","  1.08 %","   .55 %","  1.15 %","  1.08 %","   .94 %","  1.13 %","  1.75 %","   .81 %","  1.04 %","   .88 %","   .94 %","  1.43 %","  1.08 %","","   .99 %","  1.08 %","  1.18 %","   .84 %","   .63 %","  1.04 %","   .79 %",""
"2020-11-07","   .54 %","   .93 %","  1.28 %","  1.03 %","   .48 %","  1.12 %","  1.16 %","   .93 %","  1.05 %","  1.42 %","   .82 %","  1.02 %","   .85 %","   .94 %","  1.40 %","  1.06 %","","   .93 %","  1.12 %","  1.07 %","   .90 %","   .64 %","  1.03 %","   .87 %",""
"2020-11-08","   .50 %","   .89 %","  1.15 %","   .99 %","   .50 %","  1.09 %","  1.21 %","   .93 %","   .96 %","  1.42 %","   .82 %","  1.00 %","   .84 %","  1.10 %","  1.40 %","  1.03 %","","   .91 %","  1.17 %","  1.04 %","   .90 %","   .59 %","  1.01 %","   .91 %",""
"2020-11-09","   .52 %","   .85 %","  1.00 %","   .99 %","   .60 %","  1.08 %","  1.21 %","   .89 %","  1.06 %","  1.44 %","   .86 %","   .98 %","   .56 %","  1.00 %","  1.45 %","  1.02 %","","   .96 %","  1.20 %","  1.06 %","   .96 %","   .54 %","   .98 %","   .89 %",""
"2020-11-10","   .56 %","   .79 %","   .94 %","  1.03 %","   .55 %","  1.03 %","  1.24 %","   .78 %","  1.11 %","  1.33 %","  1.01 %","   .97 %","   .55 %","   .94 %","  1.46 %","  1.01 %","","   .93 %","  1.18 %","  1.00 %","  1.05 %","   .68 %","   .94 %","   .84 %",""
"2020-11-11","   .57 %","   .71 %","   .90 %","  1.04 %","   .53 %","  1.08 %","  1.24 %","   .73 %","  1.14 %","  1.29 %","   .92 %","   .96 %","   .50 %","   .93 %","  1.40 %","  1.00 %","","   .96 %","  1.20 %","   .99 %","  1.08 %","   .73 %","   .89 %","   .73 %",""
"2020-11-12","   .51 %","   .72 %","   .86 %","  1.05 %","   .59 %","  1.05 %","  1.22 %","   .72 %","  1.21 %","  1.48 %","   .90 %","   .96 %","   .53 %","   .91 %","  1.40 %","  1.00 %","","   .96 %","  1.11 %","   .97 %","   .93 %","   .77 %","   .87 %","   .71 %",""
"2020-11-13","   .50 %","   .70 %","   .85 %","  1.05 %","   .54 %","  1.08 %","  1.22 %","   .66 %","  1.26 %","  1.41 %","   .82 %","   .95 %","   .55 %","   .79 %","  1.38 %","  1.00 %","","   .91 %","  1.08 %","   .97 %","   .88 %","   .66 %","   .86 %","   .71 %",""
"2020-11-14","   .48 %","   .74 %","   .90 %","   .95 %","   .39 %","  1.10 %","  1.29 %","   .60 %","  1.30 %","  1.34 %","   .88 %","   .94 %","   .64 %","   .76 %","  1.36 %","   .98 %","","   .83 %","  1.11 %","   .92 %","   .82 %","   .70 %","   .84 %","   .72 %",""
"2020-11-15","   .40 %","   .71 %","   .87 %","   .82 %","   .38 %","  1.12 %","  1.25 %","   .60 %","  1.24 %","  1.25 %","   .60 %","   .90 %","   .60 %","   .80 %","  1.27 %","   .94 %","","   .78 %","   .95 %","   .95 %","   .68 %","   .53 %","   .80 %","   .76 %",""
"2020-11-16","   .43 %","   .70 %","   .82 %","   .67 %","   .41 %","  1.08 %","  1.17 %","   .56 %","  1.31 %","  1.08 %","   .75 %","   .86 %","   .47 %","   .69 %","  1.30 %","   .91 %","","   .66 %","   .82 %","   .87 %","   .56 %","   .36 %","   .76 %","   .72 %",""
"2020-11-17","   .52 %","   .68 %","   .84 %","   .57 %","   .38 %","  1.11 %","  1.12 %","   .55 %","  1.29 %","   .95 %","   .76 %","   .83 %","   .54 %","   .72 %","  1.34 %","   .87 %","","   .72 %","   .74 %","   .91 %","   .55 %","   .43 %","   .75 %","   .73 %",""
"2020-11-18","   .48 %","   .68 %","   .81 %","   .51 %","   .35 %","  1.10 %","  1.10 %","   .56 %","  1.32 %","   .96 %","   .90 %","   .83 %","   .47 %","   .68 %","  1.40 %","   .85 %","","   .71 %","   .62 %","   .87 %","   .51 %","   .44 %","   .76 %","   .65 %",""
"2020-11-19","   .44 %","   .51 %","   .77 %","   .47 %","   .33 %","  1.04 %","  1.08 %","   .62 %","  1.32 %","   .87 %","   .78 %","   .83 %","   .42 %","   .70 %","  1.35 %","   .84 %","","   .72 %","   .50 %","   .85 %","   .45 %","   .46 %","   .75 %","   .61 %",""
"2020-11-20","   .43 %","   .68 %","   .78 %","   .49 %","   .35 %","   .99 %","  1.01 %","   .67 %","  1.26 %","  1.00 %","   .91 %","   .86 %","   .47 %","   .64 %","  1.41 %","   .85 %","","   .76 %","   .50 %","   .85 %","   .48 %","   .50 %","   .83 %","   .56 %",""
"2020-11-21","   .38 %","   .73 %","   .81 %","   .54 %","   .30 %","   .95 %","  1.09 %","   .73 %","  1.14 %","  1.26 %","   .72 %","   .89 %","   .50 %","   .65 %","  1.40 %","   .87 %","","   .77 %","   .50 %","   .89 %","   .49 %","   .57 %","   .89 %","   .53 %",""
"2020-11-22","   .28 %","   .68 %","   .71 %","   .55 %","   .30 %","   .82 %","  1.21 %","   .72 %","  1.01 %","  1.16 %","   .65 %","   .91 %","   .42 %","   .58 %","  1.41 %","   .89 %","","   .75 %","   .41 %","   .89 %","   .43 %","   .50 %","   .90 %","   .45 %",""
"2020-11-23","   .29 %","   .76 %","   .77 %","   .53 %","   .28 %","   .82 %","  1.15 %","   .69 %","   .98 %","  1.20 %","   .57 %","   .89 %","   .38 %","   .58 %","  1.37 %","   .88 %","","   .69 %","   .42 %","   .92 %","   .41 %","   .53 %","   .90 %","   .39 %",""
"2020-11-24","   .33 %","   .84 %","   .78 %","   .53 %","   .28 %","   .76 %","  1.05 %","   .64 %","   .90 %","  1.35 %","   .60 %","   .88 %","   .38 %","   .65 %","  1.36 %","   .87 %","","   .73 %","   .46 %","   .93 %","   .44 %","   .46 %","   .90 %","   .38 %",""
"2020-11-25","   .31 %","   .67 %","   .84 %","   .50 %","   .28 %","   .81 %","  1.13 %","   .62 %","   .89 %","  1.21 %","   .65 %","   .88 %","   .32 %","   .62 %","  1.35 %","   .88 %","","   .67 %","   .43 %","   .94 %","   .38 %","   .45 %","   .85 %","   .36 %",""
"2020-11-26","   .30 %","   .62 %","   .88 %","   .48 %","   .24 %","   .82 %","  1.03 %","   .59 %","   .85 %","  1.13 %","   .80 %","   .87 %","   .33 %","   .64 %","  1.38 %","   .88 %","","   .68 %","   .44 %","   .90 %","   .36 %","   .48 %","   .81 %","   .38 %",""
"2020-11-27","   .28 %","   .65 %","  1.03 %","   .42 %","   .25 %","   .85 %","   .88 %","   .57 %","   .87 %","  1.21 %","   .78 %","   .86 %","   .32 %","   .59 %","  1.35 %","   .87 %","","   .60 %","   .48 %","   .88 %","   .40 %","   .50 %","   .78 %","   .41 %",""
"2020-11-28","   .28 %","   .57 %","   .94 %","   .36 %","   .26 %","   .78 %","   .87 %","   .56 %","   .77 %","  1.02 %","   .83 %","   .86 %","   .36 %","   .54 %","  1.34 %","   .88 %","","   .68 %","   .45 %","   .91 %","   .38 %","   .44 %","   .76 %","   .45 %",""
"2020-11-29","   .22 %","   .52 %","   .88 %","   .34 %","   .26 %","   .81 %","   .87 %","   .59 %","   .69 %","   .85 %","   .80 %","   .85 %","   .35 %","   .41 %","  1.32 %","   .87 %","","   .69 %","   .40 %","   .85 %","   .41 %","   .41 %","   .75 %","   .58 %",""
"2020-11-30","   .23 %","   .52 %","   .78 %","   .30 %","   .23 %","   .67 %","   .71 %","   .56 %","   .64 %","   .77 %","   .70 %","   .81 %","   .34 %","   .40 %","  1.24 %","   .83 %","","   .67 %","   .39 %","   .96 %","   .41 %","   .38 %","   .70 %","   .70 %",""
"2020-12-01","   .22 %","   .59 %","   .76 %","   .36 %","   .22 %","   .63 %","   .65 %","   .55 %","   .67 %","   .71 %","   .64 %","   .79 %","   .42 %","   .37 %","  1.10 %","   .81 %","","   .67 %","   .39 %","   .91 %","   .49 %","   .45 %","   .68 %","   .71 %",""
"2020-12-26","   .18 %","   .53 %","   .58 %","   .35 %","   .17 %","   .56 %","   .54 %","   .48 %","   .58 %","   .57 %","   .65 %","   .67 %","   .38 %","   .35 %","   .93 %","   .69 %","","   .63 %","   .34 %","   .77 %","   .45 %","   .41 %","   .58 %","   .68 %",""
"2020-12-27","   .17 %","   .45 %","   .54 %","   .37 %","   .12 %","   .47 %","   .44 %","   .43 %","   .51 %","   .52 %","   .56 %","   .56 %","   .34 %","   .31 %","   .74 %","   .58 %","","   .55 %","   .32 %","   .61 %","   .43 %","   .42 %","   .48 %","   .63 %",""
"2020-12-28","   .15 %","   .41 %","   .50 %","   .31 %","   .11 %","   .40 %","   .34 %","   .33 %","   .40 %","   .43 %","   .66 %","   .43 %","   .28 %","   .28 %","   .54 %","   .46 %","","   .41 %","   .28 %","   .52 %","   .32 %","   .45 %","   .36 %","   .49 %",""
"2020-12-29","   .13 %","   .41 %","   .42 %","   .31 %","   .08 %","   .39 %","   .31 %","   .28 %","   .38 %","   .39 %","   .59 %","   .35 %","   .27 %","   .25 %","   .48 %","   .39 %","","   .40 %","   .24 %","   .29 %","   .32 %","   .45 %","   .28 %","   .35 %",""
"2020-12-30","   .09 %","   .29 %","   .29 %","   .16 %","   .06 %","   .32 %","   .27 %","   .22 %","   .23 %","   .22 %","   .41 %","   .25 %","   .15 %","   .19 %","   .38 %","   .30 %","","   .35 %","   .17 %","   .24 %","   .18 %","   .31 %","   .19 %","   .27 %",""
"2020-12-31","   .08 %","   .27 %","   .28 %","   .13 %","   .07 %","   .30 %","   .25 %","   .23 %","   .22 %","   .25 %","   .35 %","   .26 %","   .13 %","   .16 %","   .35 %","   .30 %","","   .37 %","   .15 %","   .25 %","   .18 %","   .31 %","   .17 %","   .24 %",""
"2021-01-01","   .07 %","   .25 %","   .29 %","   .10 %","   .07 %","   .30 %","   .25 %","   .21 %","   .21 %","   .23 %","   .32 %","   .25 %","   .11 %","   .14 %","   .34 %","   .28 %","","   .38 %","   .13 %","   .25 %","   .18 %","   .30 %","   .16 %","   .25 %",""
"2021-01-02","   .07 %","   .22 %","   .32 %","   .10 %","   .05 %","   .24 %","   .24 %","   .19 %","   .21 %","   .20 %","   .22 %","   .25 %","   .10 %","   .13 %","   .32 %","   .27 %","","   .39 %","   .14 %","   .24 %","   .20 %","   .24 %","   .16 %","   .21 %",""
"2021-01-03","   .04 %","   .19 %","   .30 %","   .08 %","   .06 %","   .21 %","   .22 %","   .18 %","   .17 %","   .14 %","   .18 %","   .24 %","   .10 %","   .13 %","   .30 %","   .26 %","","   .38 %","   .13 %","   .24 %","   .19 %","   .23 %","   .16 %","   .15 %",""
"2021-01-04","   .05 %","   .18 %","   .30 %","   .07 %","   .05 %","   .18 %","   .19 %","   .14 %","   .14 %","   .13 %","   .14 %","   .21 %","   .08 %","   .13 %","   .26 %","   .23 %","","   .33 %","   .12 %","   .24 %","   .21 %","   .20 %","   .15 %","   .12 %",""
"2021-01-05","   .04 %","   .16 %","   .29 %","   .08 %","   .05 %","   .15 %","   .19 %","   .13 %","   .11 %","   .10 %","   .12 %","   .19 %","   .07 %","   .14 %","   .23 %","   .21 %","","   .28 %","   .12 %","   .21 %","   .18 %","   .17 %","   .14 %","   .10 %",""
"2021-01-06","   .03 %","   .14 %","   .22 %","   .08 %","   .05 %","   .12 %","   .16 %","   .12 %","   .09 %","   .08 %","   .08 %","   .19 %","   .07 %","   .15 %","   .21 %","   .22 %","","   .22 %","   .11 %","   .18 %","   .15 %","   .16 %","   .13 %","   .07 %",""
"2021-01-07","   .03 %","   .15 %","   .21 %","   .08 %","   .05 %","   .12 %","   .16 %","   .12 %","   .08 %","   .08 %","   .09 %","   .19 %","   .07 %","   .17 %","   .24 %","   .22 %","","   .20 %","   .10 %","   .18 %","   .14 %","   .20 %","   .14 %","   .06 %",""
"2021-01-08","   .03 %","   .15 %","   .21 %","   .07 %","   .04 %","   .12 %","   .16 %","   .13 %","   .09 %","   .09 %","   .15 %","   .20 %","   .06 %","   .16 %","   .20 %","   .22 %","","   .20 %","   .09 %","   .19 %","   .14 %","   .17 %","   .14 %","   .06 %",""
"2021-01-09","   .02 %","   .19 %","   .23 %","   .08 %","   .04 %","   .12 %","   .17 %","   .14 %","   .09 %","   .11 %","   .16 %","   .21 %","   .06 %","   .15 %","   .23 %","   .23 %","","   .23 %","   .10 %","   .16 %","   .13 %","   .19 %","   .14 %","   .06 %",""
"2021-01-10","   .02 %","   .18 %","   .21 %","   .06 %","   .04 %","   .11 %","   .17 %","   .14 %","   .10 %","   .13 %","   .15 %","   .21 %","   .06 %","   .14 %","   .22 %","   .22 %","","   .25 %","   .11 %","   .17 %","   .12 %","   .18 %","   .15 %","   .05 %",""
"2021-01-11","   .02 %","   .20 %","   .21 %","   .05 %","   .03 %","   .11 %","   .17 %","   .13 %","   .09 %","   .15 %","   .15 %","   .19 %","   .06 %","   .12 %","   .20 %","   .21 %","","   .23 %","   .10 %","   .16 %","   .12 %","   .15 %","   .15 %","   .09 %",""
"2021-01-12","   .03 %","   .19 %","   .17 %","   .06 %","   .03 %","   .10 %","   .15 %","   .13 %","   .09 %","   .17 %","   .14 %","   .19 %","   .05 %","   .09 %","   .18 %","   .21 %","","   .21 %","   .09 %","   .14 %","   .11 %","   .12 %","   .13 %","   .11 %",""
"2021-01-13","   .03 %","   .17 %","   .15 %","   .05 %","   .04 %","   .11 %","   .15 %","   .12 %","   .07 %","   .14 %","   .07 %","   .18 %","   .05 %","   .08 %","   .17 %","   .21 %","","   .19 %","   .08 %","   .11 %","   .08 %","   .12 %","   .12 %","   .12 %",""
"2021-01-14","   .04 %","   .14 %","   .13 %","   .05 %","   .03 %","   .12 %","   .14 %","   .11 %","   .08 %","   .14 %","   .10 %","   .17 %","   .05 %","   .10 %","   .14 %","   .20 %","","   .20 %","   .07 %","   .12 %","   .08 %","   .13 %","   .12 %","   .14 %",""
"2021-01-15","   .03 %","   .12 %","   .13 %","   .04 %","   .03 %","   .11 %","   .13 %","   .10 %","   .07 %","   .09 %","   .11 %","   .16 %","   .07 %","   .10 %","   .13 %","   .19 %","","   .19 %","   .05 %","   .10 %","   .07 %","   .12 %","   .12 %","   .13 %",""
"2021-01-16","   .04 %","   .10 %","   .14 %","   .05 %","   .03 %","   .10 %","   .13 %","   .12 %","   .06 %","   .07 %","   .12 %","   .16 %","   .06 %","   .11 %","   .13 %","   .20 %","","   .19 %","   .06 %","   .09 %","   .08 %","   .11 %","   .12 %","   .13 %",""
"2021-01-17","   .02 %","   .13 %","   .14 %","   .04 %","   .02 %","   .11 %","   .12 %","   .11 %","   .06 %","   .06 %","   .10 %","   .14 %","   .05 %","   .13 %","   .11 %","   .19 %","","   .19 %","   .04 %","   .10 %","   .08 %","   .11 %","   .11 %","   .11 %",""
"2021-01-18","   .02 %","   .15 %","   .14 %","   .03 %","   .02 %","   .09 %","   .10 %","   .09 %","   .07 %","   .08 %","   .10 %","   .13 %","   .05 %","   .14 %","   .10 %","   .16 %","","   .18 %","   .03 %","   .10 %","   .08 %","   .10 %","   .10 %","   .10 %",""
"2021-01-19","   .02 %","   .15 %","   .14 %","   .04 %","   .02 %","   .07 %","   .09 %","   .08 %","   .06 %","   .09 %","   .07 %","   .12 %","   .04 %","   .10 %","   .10 %","   .15 %","","   .15 %","   .04 %","   .08 %","   .07 %","   .07 %","   .09 %","   .11 %",""
"2021-01-20","   .02 %","   .15 %","   .13 %","   .04 %","   .02 %","   .08 %","   .08 %","   .07 %","   .06 %","   .10 %","   .06 %","   .10 %","   .02 %","   .10 %","   .10 %","   .13 %","","   .15 %","   .04 %","   .08 %","   .07 %","   .07 %","   .07 %","   .12 %",""
"2021-01-21","   .02 %","   .18 %","   .12 %","   .03 %","   .02 %","   .08 %","   .07 %","   .07 %","   .06 %","   .12 %","   .05 %","   .09 %","   .02 %","   .09 %","   .10 %","   .12 %","","   .14 %","   .03 %","   .07 %","   .07 %","   .07 %","   .06 %","   .09 %",""
"2021-01-22","   .02 %","   .15 %","   .11 %","   .02 %","   .03 %","   .07 %","   .07 %","   .07 %","   .05 %","   .11 %","   .12 %","   .08 %","   .02 %","   .09 %","   .09 %","   .11 %","","   .14 %","   .03 %","   .07 %","   .05 %","   .06 %","   .06 %","   .10 %",""
"2021-01-23","   .02 %","   .14 %","   .12 %","   .03 %","   .03 %","   .08 %","   .07 %","   .08 %","   .05 %","   .08 %","   .12 %","   .08 %","   .03 %","   .08 %","   .10 %","   .11 %","","   .13 %","   .04 %","   .06 %","   .05 %","   .07 %","   .06 %","   .11 %",""
"2021-01-24","   .02 %","   .15 %","   .10 %","   .02 %","   .03 %","   .10 %","   .08 %","   .08 %","   .05 %","   .07 %","   .12 %","   .08 %","   .03 %","   .06 %","   .09 %","   .11 %","","   .13 %","   .03 %","   .06 %","   .05 %","   .08 %","   .05 %","   .09 %",""
"2021-01-25","   .02 %","   .16 %","   .07 %","   .02 %","   .03 %","   .08 %","   .07 %","   .07 %","   .04 %","   .05 %","   .12 %","   .07 %","   .04 %","   .06 %","   .07 %","   .10 %","","   .11 %","   .03 %","   .06 %","   .06 %","   .06 %","   .05 %","   .07 %",""
"2021-01-26","   .02 %","   .12 %","   .06 %","   .02 %","   .02 %","   .08 %","   .06 %","   .06 %","   .04 %","   .04 %","   .12 %","   .07 %","   .04 %","   .06 %","   .06 %","   .10 %","","   .10 %","   .03 %","   .05 %","   .05 %","   .06 %","   .05 %","   .07 %",""
"2021-01-27","   .02 %","   .12 %","   .05 %","   .02 %","   .02 %","   .07 %","   .07 %","   .05 %","   .04 %","   .04 %","   .05 %","   .07 %","   .04 %","   .04 %","   .05 %","   .09 %","","   .10 %","   .02 %","   .04 %","   .04 %","   .05 %","   .04 %","   .06 %",""
"2021-01-28","   .02 %","   .11 %","   .04 %","   .02 %","   .02 %","   .06 %","   .06 %","   .04 %","   .03 %","   .04 %","   .05 %","   .07 %","   .04 %","   .04 %","   .05 %","   .08 %","","   .10 %","   .02 %","   .03 %","   .04 %","   .05 %","   .04 %","   .05 %",""
"2021-01-29","   .02 %","   .10 %","   .03 %","   .01 %","   .02 %","   .05 %","   .06 %","   .03 %","   .03 %","   .04 %","   .05 %","   .06 %","   .04 %","   .04 %","   .05 %","   .07 %","","   .08 %","   .02 %","   .04 %","   .04 %","   .06 %","   .04 %","   .05 %",""
"2021-01-30","   .02 %","   .10 %","   .03 %","   .01 %","   .02 %","   .06 %","   .07 %","   .04 %","   .03 %","   .04 %","   .05 %","   .06 %","   .03 %","   .03 %","   .05 %","   .07 %","","   .08 %","   .02 %","   .04 %","   .04 %","   .09 %","   .04 %","   .07 %",""
"2021-01-31","   .02 %","   .11 %","   .03 %","   .01 %","   .02 %","   .07 %","   .06 %","   .04 %","   .02 %","   .04 %","   .05 %","   .06 %","   .03 %","   .03 %","   .05 %","   .07 %","","   .08 %","   .02 %","   .04 %","   .04 %","   .08 %","   .04 %","   .06 %",""
"2021-02-01","   .02 %","   .10 %","   .03 %","   .01 %","   .02 %","   .06 %","   .06 %","   .03 %","   .03 %","   .04 %","   .05 %","   .05 %","   .02 %","   .03 %","   .06 %","   .07 %","","   .07 %","   .02 %","   .04 %","   .04 %","   .09 %","   .04 %","   .06 %",""
"2021-02-02","   .02 %","   .10 %","   .02 %","   .02 %","   .02 %","   .06 %","   .05 %","   .03 %","   .02 %","   .04 %","   .05 %","   .05 %","   .02 %","   .02 %","   .06 %","   .06 %","","   .06 %","   .02 %","   .04 %","   .04 %","   .09 %","   .04 %","   .06 %",""
"2021-02-03","   .02 %","   .08 %","   .03 %","   .02 %","   .02 %","   .05 %","   .05 %","   .03 %","   .02 %","   .04 %","   .05 %","   .05 %","   .02 %","   .02 %","   .06 %","   .06 %","","   .07 %","   .02 %","   .04 %","   .03 %","   .07 %","   .03 %","   .05 %",""
"2021-02-04","   .02 %","   .06 %","   .04 %","   .02 %","   .02 %","   .04 %","   .04 %","   .03 %","   .02 %","   .04 %","   .04 %","   .05 %","   .02 %","   .02 %","   .06 %","   .05 %","","   .06 %","   .01 %","   .03 %","   .03 %","   .07 %","   .03 %","   .04 %",""
"2021-02-05","   .01 %","   .05 %","   .04 %","   .02 %","   .02 %","   .04 %","   .04 %","   .03 %","   .02 %","   .03 %","   .04 %","   .04 %","   .02 %","   .02 %","   .06 %","   .05 %","","   .06 %","   .01 %","   .02 %","   .02 %","   .07 %","   .02 %","   .04 %",""
"2021-02-06","   .01 %","   .04 %","   .05 %","   .02 %","   .02 %","   .04 %","   .03 %","   .03 %","   .02 %","   .02 %","   .04 %","   .05 %","   .02 %","   .02 %","   .06 %","   .05 %","","   .07 %","   .01 %","   .02 %","   .02 %","   .07 %","   .03 %","   .06 %",""
"2021-02-07","   .01 %","   .03 %","   .06 %","   .02 %","   .02 %","   .04 %","   .04 %","   .03 %","   .03 %","   .01 %","   .03 %","   .04 %","   .02 %","   .02 %","   .05 %","   .05 %","","   .07 %","   .01 %","   .02 %","   .02 %","   .06 %","   .03 %","   .06 %",""
"2021-02-08","   .01 %","   .02 %","   .05 %","   .01 %","   .02 %","   .04 %","   .03 %","   .03 %","   .03 %","   .01 %","   .03 %","   .04 %","   .02 %","   .02 %","   .05 %","   .04 %","","   .06 %","   .01 %","   .03 %","   .02 %","   .05 %","   .03 %","   .06 %",""
"2021-02-09","   .01 %","   .03 %","   .05 %","   .01 %","   .02 %","   .04 %","   .03 %","   .02 %","   .03 %","   .00 %","   .03 %","   .04 %","   .01 %","   .02 %","   .04 %","   .04 %","","   .06 %","   .01 %","   .03 %","   .02 %","   .02 %","   .03 %","   .06 %",""
"2021-02-10","   .00 %","   .03 %","   .05 %","   .01 %","   .02 %","   .03 %","   .03 %","   .02 %","   .02 %","   .00 %","   .02 %","   .04 %","   .01 %","   .02 %","   .03 %","   .04 %","","   .05 %","   .01 %","   .03 %","   .02 %","   .03 %","   .03 %","   .05 %",""
"2021-02-11","   .00 %","   .04 %","   .04 %","   .01 %","   .02 %","   .03 %","   .04 %","   .02 %","   .02 %","   .00 %","   .01 %","   .04 %","   .01 %","   .01 %","   .03 %","   .05 %","","   .04 %","   .02 %","   .03 %","   .02 %","   .03 %","   .02 %","   .03 %",""
"2021-02-12","   .00 %","   .03 %","   .03 %","   .01 %","   .03 %","   .03 %","   .04 %","   .02 %","   .02 %","   .01 %","   .01 %","   .04 %","   .01 %","   .02 %","   .02 %","   .05 %","","   .04 %","   .02 %","   .03 %","   .02 %","   .05 %","   .02 %","   .03 %",""
"2021-02-13","   .00 %","   .04 %","   .03 %","   .01 %","   .02 %","   .03 %","   .04 %","   .02 %","   .02 %","   .01 %","   .00 %","   .05 %","   .01 %","   .02 %","   .02 %","   .05 %","","   .05 %","   .02 %","   .03 %","   .01 %","   .06 %","   .03 %","   .03 %",""
"2021-02-14","   .00 %","   .04 %","   .02 %","   .01 %","   .02 %","   .03 %","   .04 %","   .03 %","   .02 %","   .01 %","   .00 %","   .05 %","   .01 %","   .02 %","   .02 %","   .06 %","","   .04 %","   .02 %","   .03 %","   .02 %","   .06 %","   .03 %","   .03 %",""
"2021-02-15","   .00 %","   .03 %","   .01 %","   .01 %","   .02 %","   .02 %","   .04 %","   .03 %","   .02 %","   .01 %","   .00 %","   .05 %","   .02 %","   .02 %","   .01 %","   .05 %","","   .05 %","   .02 %","   .02 %","   .02 %","   .06 %","   .02 %","   .03 %",""
"2021-02-16","   .00 %","   .02 %","   .01 %","   .01 %","   .01 %","   .03 %","   .03 %","   .03 %","   .02 %","   .01 %","   .00 %","   .04 %","   .02 %","   .01 %","   .01 %","   .05 %","","   .05 %","   .02 %","   .02 %","   .02 %","   .06 %","   .03 %","   .04 %",""
"2021-02-17","   .00 %","   .02 %","   .01 %","   .01 %","","   .03 %","   .03 %","   .03 %","   .02 %","   .00 %","   .00 %","   .04 %","   .02 %","   .01 %","   .01 %","   .04 %","","   .04 %","   .01 %","   .01 %","   .02 %","   .05 %","   .02 %","   .04 %",""
"2021-02-18","   .00 %","   .02 %","   .02 %","   .01 %","   .01 %","   .03 %","   .03 %","   .04 %","   .02 %","   .00 %","   .00 %","   .05 %","   .02 %","   .01 %","   .02 %","   .04 %","","   .04 %","   .01 %","   .02 %","   .02 %","   .03 %","   .02 %","   .06 %",""
"2021-02-19","   .00 %","   .02 %","   .02 %","   .01 %","","   .02 %","   .03 %","   .03 %","   .01 %","   .00 %","   .00 %","   .05 %","   .01 %","   .02 %","   .02 %","   .04 %","","   .04 %","   .01 %","   .03 %","   .01 %","   .04 %","   .02 %","   .06 %",""
"2021-02-20","   .00 %","   .02 %","   .02 %","   .01 %","","   .03 %","   .02 %","   .04 %","   .01 %","   .00 %","   .00 %","   .05 %","   .01 %","   .02 %","   .02 %","   .04 %","","   .04 %","   .01 %","   .03 %","   .01 %","   .09 %","   .03 %","   .07 %",""
"2021-02-21","","   .04 %","   .02 %","   .00 %","","   .02 %","   .02 %","   .05 %","   .01 %","   .00 %","   .00 %","   .05 %","   .01 %","   .02 %","   .02 %","   .04 %","","   .05 %","   .01 %","   .03 %","   .01 %","   .09 %","   .02 %","   .06 %",""
"2021-02-22","","   .04 %","   .03 %","   .00 %","   .01 %","   .02 %","   .02 %","   .04 %","   .01 %","   .02 %","   .02 %","   .06 %","   .01 %","   .02 %","   .02 %","   .04 %","","   .04 %","   .01 %","   .04 %","   .01 %","   .09 %","   .02 %","   .06 %",""
"2021-02-23","   .01 %","   .05 %","   .04 %","   .01 %","","   .02 %","   .02 %","   .04 %","   .01 %","   .04 %","   .03 %","   .05 %","   .01 %","   .02 %","   .02 %","   .05 %","","   .04 %","   .01 %","   .03 %","   .01 %","   .09 %","   .02 %","   .04 %",""
"2021-02-24","","   .05 %","   .04 %","   .00 %","   .01 %","   .02 %","   .02 %","   .05 %","   .02 %","   .04 %","   .06 %","   .05 %","   .01 %","   .01 %","   .02 %","   .04 %","","   .04 %","   .01 %","   .03 %","   .01 %","   .09 %","   .02 %","   .05 %",""
