"date","Haryana/Ambala","Haryana/Bhiwani","Haryana/Charkhi Dadri","Haryana/Faridabad","Haryana/Fatehabad","Haryana/Foreign Evacuees","Haryana/Gurugram","Haryana/Hisar","Haryana/Italians","Haryana/Jhajjar","Haryana/Jind","Haryana/Kaithal","Haryana/Karnal","Haryana/Kurukshetra","Haryana/Mahendragarh","Haryana/Nuh","Haryana/Palwal","Haryana/Panchkula","Haryana/Panipat","Haryana/Rewari","Haryana/Rohtak","Haryana/Sirsa","Haryana/Sonipat","Haryana/Yamunanagar"
"2020-03-17","","","","","","","   .00 %","","","","","","","","","","","","","","","","",""
"2020-03-18","","","","","",""," ##.## %","","","","","","","","","","","","","","","","",""
"2020-03-20","","","","   .00 %","","","","","","","","","","","","","","","   .00 %","","","","",""
"2020-03-21","","","","","","","","","","","","","","","","","","   .00 %","","","","","   .00 %",""
"2020-03-23","","","","","",""," ##.## %","","","","","","","","","","   .00 %","","","","","","",""
"2020-03-24","","",""," ##.## %","","","","","","","","","","","","","",""," ##.## %","","","","",""
"2020-03-25","","","","","",""," 11.11 %","","","","","","","","","","","","","","","","",""
"2020-03-26","","","","","","","","","","","","","","","","","",""," 50.00 %","","","","",""
"2020-03-27","","","","","","","","","","","","","","","","","",""," 33.33 %","","","","",""
"2020-03-28","   .00 %","",""," 50.00 %","","","","","","","","","","","","","","","","","","","",""
"2020-03-30","","",""," 33.33 %","","","","","","","","","","","","","","","","","","","",""
"2020-03-31","","",""," 50.00 %","","","","   .00 %","","","","","","","","",""," ##.## %","","","","   .00 %","",""
"2020-04-02"," ##.## %","","","","","","","","","","","","","","",""," ##.## %","","","","   .00 %","","",""
"2020-04-03","","","","","",""," 50.00 %","","","","","","   .00 %","","","   .00 %","","","","","","","",""
"2020-04-04","","   .00 %",""," ##.## %","",""," 13.33 %","","","","","   .00 %","","","",""," ##.## %","","","","","","",""
"2020-04-05","","","","","","","  5.88 %","","","","","","","",""," ##.## %","","","","","","","",""
"2020-04-06","","","   .00 %","","","","","","","","",""," ##.## %","",""," 75.00 %"," 52.94 %","","","","","","",""
"2020-04-07","","",""," 50.00 %","",""," 11.11 %","","","","   .00 %","","","",""," ##.## %","","","","","","","",""
"2020-04-08","","",""," 33.33 %","   .00 %",""," 60.00 %","","","","","","","","","  2.70 %","  7.69 %","","","","",""," ##.## %",""
"2020-04-09","","","","","","","","","","",""," ##.## %","","","","",""," ##.## %","","","","","",""
"2020-04-10"," ##.## %","","","","","","","","","","","","","","","",""," 25.00 %","","","",""," 50.00 %",""
"2020-04-11","","","","  3.57 %","","",""," ##.## %","","","","","","","","","  3.57 %","","","","","","",""
"2020-04-12","","","","  6.90 %","","","","","",""," ##.## %",""," 20.00 %","   .00 %",""," 18.42 %","","","","","","","","   .00 %"
"2020-04-13","","","","","","","","","","","","","","","","","","","","",""," 33.33 %","",""
"2020-04-14","","","","  6.45 %","","","","","","","","","","","","","","","","","","","",""
"2020-04-15","","","","","","","","","","","","","","","","  6.67 %",""," 20.00 %"," 25.00 %","","",""," 33.33 %",""
"2020-04-16","","","","","","","","","","","","","","","","  4.17 %","  3.45 %"," ##.## %","","","","","",""
"2020-04-17","","","","","","","","","","","","","","",""," 12.00 %",""," 14.29 %","","","","","",""
"2020-04-18","","","","","","","","","","","","","","","","  1.79 %"," 13.33 %","  6.25 %","","","",""," 75.00 %",""
"2020-04-19"," 57.14 %"," 50.00 %",""," 27.27 %","",""," 12.50 %","","","","","","","","","","","","","","","","",""
"2020-04-20","","","","","","","","","","","","","","","","","","  5.88 %","","","","","",""
"2020-04-21","","","","  2.38 %","","","  2.78 %","","","","","","","","","","","","","","",""," 28.57 %",""
"2020-04-22","  9.09 %","","","","",""," 10.81 %","","","","","","","","","","","","","","",""," 44.44 %",""
"2020-04-23","","","","","","","  9.76 %","","","","","","","","","","","","",""," ##.## %","","",""
"2020-04-24","","","","","","","  4.44 %","","","","","","","","","","",""," 40.00 %",""," 33.33 %","","",""
"2020-04-25","  8.33 %","","","","","","  8.51 %","","","","","","","","","","",""," 14.29 %","","",""," 46.15 %",""
"2020-04-26","","","","  4.65 %","","",""," ##.## %","","","","","","","","","",""," 50.00 %","","","","  5.26 %",""
"2020-04-27","  7.69 %","","","  2.22 %","","","   .00 %","","","   .00 %","","","","","","   .00 %","","","","","",""," 10.00 %",""
"2020-04-28","","","","   .00 %","","","","",""," ##.## %","","","","","","   .00 %","   .00 %","   .00 %","  8.33 %","","","","  9.09 %",""
"2020-04-29","","","","   .00 %","","","","",""," 20.00 %","","","","","","  1.75 %","","","","","","","  4.17 %",""
"2020-04-30","","",""," 15.22 %","","","  5.88 %","",""," ##.## %","","","","","","   .00 %","","   .00 %","","","","","",""
"2020-05-01","   .00 %","",""," 15.09 %","","","  5.56 %","",""," 16.67 %","","","","","","   .00 %","","","","","   .00 %"," 50.00 %","  4.00 %",""
"2020-05-02","   .00 %","","","","",""," 10.53 %","",""," 42.86 %","","","","","","   .00 %","","","","","","",""," 33.33 %"
"2020-05-03","","",""," 19.67 %"," ##.## %",""," 14.29 %","   .00 %","","  5.00 %"," ##.## %","","","","","","  5.88 %",""," 84.62 %","","",""," 69.23 %"," 50.00 %"
"2020-05-04"," ##.## %","","","  2.74 %","","","  1.39 %","",""," 33.33 %"," 25.00 %","","","","","  1.72 %","",""," 12.50 %","","",""," 65.91 %",""
"2020-05-05","","   .00 %","","  1.33 %","",""," 15.07 %","",""," 14.29 %","",""," 50.00 %","","","","","","  3.70 %","","","","  6.85 %"," 33.33 %"
"2020-05-06"," 10.81 %","","","  2.63 %","",""," 23.81 %","","","  9.38 %"," 10.00 %",""," 55.56 %","","","","",""," 17.86 %","","","","  3.85 %",""
"2020-05-07","","","","  7.69 %","",""," 12.50 %","","","  4.29 %"," 27.27 %","","","","   .00 %","","","","  3.03 %","","","","  3.70 %",""
"2020-05-08","","","","  4.76 %"," 40.00 %","","  7.69 %","","","  1.37 %"," 21.43 %","","","","","   .00 %","","","  2.94 %","","","","  2.38 %",""
"2020-05-09","","","","   .00 %","",""," 12.70 %","","","   .00 %","","","",""," ##.## %","",""," 11.11 %","  2.86 %","   .00 %",""," 16.67 %","  3.49 %",""
"2020-05-10",""," ##.## %"," ##.## %","  7.95 %","","","","","","",""," 50.00 %","","","","  1.69 %","  2.78 %"," 10.00 %","   .00 %",""," 25.00 %",""," 12.36 %","   .00 %"
"2020-05-11","   .00 %",""," ##.## %","  7.37 %","","","  2.11 %","",""," 12.16 %","","","",""," 25.00 %","","","","","","","","  5.00 %",""
"2020-05-12","  2.44 %","",""," 12.75 %","",""," 11.03 %","","","","  5.88 %","","  7.14 %"," 50.00 %","","","","  4.55 %",""," 33.33 %","",""," 14.29 %",""
"2020-05-13","","","","  3.48 %","","","  3.11 %","","","  1.20 %","   .00 %","","","","","","   .00 %","","   .00 %"," 25.00 %"," 40.00 %","","   .00 %",""
"2020-05-14","","",""," 10.08 %","","","  2.41 %","","","  3.57 %"," 11.11 %",""," 13.33 %",""," 20.00 %","","   .00 %","","   .00 %"," 20.00 %","","","   .00 %","   .00 %"
"2020-05-15","   .00 %","","","  6.87 %","","","  5.29 %","","","",""," 66.67 %","","","","  1.67 %","","  8.70 %","",""," 14.29 %",""," 10.00 %",""
"2020-05-16","   .00 %","","","  2.86 %"," 14.29 %","","  7.82 %","","","  3.45 %","","","   .00 %","","","  6.56 %","  5.41 %","   .00 %","   .00 %"," 50.00 %","","   .00 %","  1.52 %",""
"2020-05-17","","","","  2.08 %","","","  5.70 %","","","   .00 %","   .00 %","","  5.88 %","   .00 %"," 16.67 %","","   .00 %","   .00 %","  5.56 %",""," 50.00 %"," 14.29 %","",""
"2020-05-18","","","","  2.04 %","","","  3.43 %"," 75.00 %","","","","","  5.56 %",""," 14.29 %","   .00 %","","","","","   .00 %","","  2.24 %",""
"2020-05-19","","   .00 %"," 50.00 %","  8.67 %","","","  4.27 %"," 28.57 %","","   .00 %","  5.00 %","   .00 %","  5.26 %",""," 25.00 %","","  2.56 %","   .00 %","  5.26 %","","  8.33 %","   .00 %","  1.46 %",""
"2020-05-20","","","","  4.29 %","   .00 %","","  2.73 %","","","  1.11 %","  9.52 %","",""," ##.## %","","","","","","","","","  6.47 %",""
"2020-05-21","","","","  6.47 %","   .00 %","","  5.75 %","","","   .00 %","","","  5.00 %"," 28.57 %"," 10.00 %","","","   .00 %"," 15.00 %","","  7.69 %","","  1.35 %",""
"2020-05-22","","","","  2.21 %","","","  4.60 %","","","   .00 %","","","  9.52 %"," 55.56 %"," 90.91 %","","   .00 %","","   .00 %"," 22.22 %","  7.14 %"," 12.50 %","   .67 %",""
"2020-05-23",""," 33.33 %","","  5.41 %","   .00 %","","  4.80 %"," 33.33 %","","   .00 %"," 13.04 %","","  4.35 %","  7.14 %","","   .00 %","  2.50 %",""," 15.22 %","","   .00 %","","  1.99 %",""
"2020-05-24","","","","  7.18 %","   .00 %","   .00 %","  3.44 %"," 58.33 %","","  2.20 %",""," 20.00 %"," 33.33 %","","","","","","  1.89 %"," 45.45 %","  6.67 %","","  3.25 %",""
"2020-05-25","","   .00 %"," 16.67 %","   .96 %"," 12.50 %","","  4.80 %","  5.26 %","",""," 11.54 %","","  3.12 %"," 20.00 %","   .00 %","","","","   .00 %","","   .00 %","","  2.52 %",""
"2020-05-26"," 11.90 %"," 37.50 %",""," 10.43 %","",""," 11.62 %"," 10.00 %","",""," -6.90 %","   .00 %","  9.09 %"," 16.67 %"," 57.14 %","  1.54 %","  4.88 %","","  9.26 %"," 12.50 %","   .00 %"," 11.11 %","",""
"2020-05-27","","",""," 10.73 %","","","  6.31 %","","","  4.30 %","   .00 %","","  2.78 %","","  9.09 %",""," 18.60 %","   .00 %","","   .00 %"," 18.75 %"," 10.00 %","  6.75 %",""
"2020-05-28","",""," 14.29 %","  6.98 %"," 22.22 %",""," 20.18 %"," 18.18 %","","",""," 66.67 %"," 13.51 %"," 23.81 %","","","","","  1.69 %",""," 26.32 %"," 27.27 %","  3.45 %"," 12.50 %"
"2020-05-29",""," 18.18 %"," 62.50 %"," 11.23 %","  9.09 %",""," 28.40 %"," 19.23 %","","",""," 70.00 %"," 14.29 %","  3.85 %","  8.33 %","  3.03 %"," 13.73 %","  4.00 %",""," 27.78 %"," 25.00 %","  7.14 %"," 10.56 %",""
"2020-05-30","  6.38 %","",""," 10.42 %"," 25.00 %","   .00 %"," 30.19 %","","","   .00 %","   .00 %","  5.88 %","  4.17 %","","","  2.94 %","","","  1.67 %","","  3.33 %","","   .00 %",""
"2020-05-31","  8.00 %"," ##.## %","","  8.26 %","",""," 14.33 %"," 29.03 %","","","","","  4.00 %"," 14.81 %","  5.13 %","","  1.72 %","","  1.64 %","","","","   .00 %",""
"2020-06-01",""," 15.15 %","","  6.81 %"," 26.67 %",""," 16.67 %"," 32.50 %","","  4.12 %","  7.41 %"," 61.11 %",""," 12.90 %","","  2.86 %"," 18.64 %","","   .00 %",""," 45.16 %"," ##.## %","  6.53 %",""
"2020-06-02"," 12.96 %"," 15.79 %","","  6.63 %"," 26.32 %",""," 17.72 %","","","  1.98 %"," 10.34 %","   .00 %","  7.69 %","  2.86 %","  2.44 %",""," 12.86 %","","  3.23 %",""," ##.## %","  9.30 %","  9.91 %",""
"2020-06-03"," 13.11 %","  2.27 %",""," 16.51 %","  4.17 %",""," 12.42 %"," 15.09 %","","","","  3.45 %"," 17.86 %","  2.78 %"," 66.67 %","  8.33 %","","  3.85 %","  1.56 %","","  7.78 %","   .00 %"," 12.02 %","   .00 %"
"2020-06-04","  1.45 %"," 26.67 %","","  7.19 %","  8.00 %",""," 17.99 %"," 13.11 %","","  1.94 %","  3.12 %"," 10.00 %"," 12.12 %","","  4.29 %","  5.13 %","  8.86 %","","  1.54 %"," 47.83 %"," 13.40 %","  2.13 %","",""
"2020-06-05","  8.57 %",""," ##.## %"," 11.30 %"," 11.11 %",""," 10.85 %"," 13.04 %","","  1.90 %","  6.06 %","  3.03 %","  9.46 %"," 32.43 %","  5.48 %","  3.66 %"," 16.28 %","  3.70 %","  1.52 %"," 32.35 %","  3.64 %","  4.17 %","",""
"2020-06-06","  5.26 %","","","  6.71 %"," 26.67 %","","  8.25 %","  5.13 %","","   .00 %","  8.57 %"," 26.47 %"," 12.35 %","  4.08 %","",""," 19.00 %","","  7.46 %",""," 20.18 %","  2.00 %"," 34.10 %"," ##.## %"
"2020-06-07","  8.75 %"," 26.32 %","","  9.03 %"," 13.16 %",""," 13.59 %","  4.88 %","","  1.87 %","  2.63 %","  2.33 %","  8.79 %","  1.96 %"," 32.47 %"," 20.00 %","  4.20 %"," 17.86 %"," 15.28 %","  6.67 %"," 18.25 %","  1.96 %"," 20.86 %","  5.26 %"
"2020-06-08","  9.20 %","  2.78 %",""," 14.35 %","  2.33 %",""," 12.64 %","  2.33 %","","  1.83 %","  7.69 %","  2.27 %","  6.06 %","","   .00 %","   .00 %","  4.03 %","  3.03 %","  2.41 %","   .00 %","  9.26 %","  9.62 %","  3.07 %",""
"2020-06-09","  3.16 %","  9.46 %","","  5.30 %","  2.27 %","","  7.58 %"," 10.23 %","","   .90 %"," 28.57 %","   .00 %","  2.86 %","  5.77 %","  3.92 %",""," 10.08 %"," 20.59 %","  1.18 %"," 31.25 %"," 15.82 %","","  8.72 %"," 25.00 %"
"2020-06-10"," 13.27 %","  1.23 %"," 28.57 %","  5.04 %"," 13.33 %","   .00 %","  9.32 %","  5.15 %","","   .00 %"," 20.37 %","  2.22 %","","  9.09 %","   .00 %","  1.96 %","   .00 %","  4.88 %","","  3.17 %"," 11.22 %","  1.75 %","  5.91 %","  8.00 %"
"2020-06-11"," 11.71 %","  4.88 %","","  8.65 %"," 13.73 %","","  7.50 %","  3.92 %","","  3.57 %","  4.62 %",""," 15.74 %","","  6.60 %","   .00 %","  7.04 %","  9.30 %","  1.16 %"," 12.31 %"," 12.72 %","  6.90 %","   .00 %"," 33.33 %"
"2020-06-12"," 22.58 %","   .00 %","  2.22 %","  6.14 %","  3.45 %","","  6.76 %","  3.77 %","","  2.59 %","  1.47 %"," 23.91 %","","  5.00 %","","  4.81 %"," 18.42 %","","  2.30 %","","","   .00 %","  6.18 %"," 13.89 %"
"2020-06-13"," 10.53 %"," 16.28 %","  2.17 %"," 10.14 %","   .00 %","","  6.95 %","  6.36 %","","  5.88 %","","   .00 %","  2.40 %","  4.76 %","  6.19 %","  1.83 %","  2.78 %","  2.13 %","  4.49 %","  4.11 %"," 11.67 %","  9.68 %","   .56 %",""
"2020-06-14","  8.93 %","  7.00 %",""," 17.59 %","  8.33 %","","  5.41 %","  6.84 %","","  4.76 %","  2.90 %","  3.51 %",""," 15.15 %","  1.67 %","  2.70 %","  7.03 %"," 12.50 %","  1.08 %","","  4.53 %","  2.94 %","","  9.76 %"
"2020-06-15","  2.19 %"," 18.69 %",""," 10.02 %"," 15.38 %","","  5.56 %","  6.40 %","","  6.82 %","  2.82 %","  3.39 %"," 14.06 %","  5.26 %"," 10.66 %","  1.75 %","","  1.85 %","  3.19 %"," 23.68 %","  7.00 %","  7.14 %"," 11.75 %",""
"2020-06-16"," 11.23 %","  5.51 %"," 12.77 %"," 12.38 %","  5.33 %","","  5.90 %","  3.76 %","","  5.67 %","  1.37 %","","  8.90 %","  3.75 %","  4.44 %","   .86 %","  3.03 %","  1.82 %","  8.25 %"," 22.34 %","  7.79 %","  4.00 %","  5.34 %",""
"2020-06-17","  1.92 %","  3.73 %",""," 14.44 %","  5.06 %","","  4.89 %"," 13.77 %","","  6.04 %","  8.11 %","   .00 %"," 10.06 %","  6.02 %","   .00 %","   .00 %","  7.84 %","  3.57 %","  3.81 %","  6.96 %","","  2.56 %","  5.86 %"," 33.33 %"
"2020-06-18"," 11.79 %"," 17.27 %","","  1.94 %","  7.23 %","","  3.34 %","  3.82 %","","  5.70 %","","","  6.86 %","  9.09 %","","","  5.45 %","  5.17 %","  1.83 %"," 18.70 %","  9.25 %","   .00 %","  7.63 %"," 15.00 %"
"2020-06-19"," 10.97 %"," 11.04 %"," 13.21 %","  8.74 %","  2.25 %","","  3.63 %","  3.68 %","","  4.19 %","  1.25 %","  3.28 %","  3.21 %","  3.12 %"," 22.70 %"," 10.26 %","  7.33 %"," 21.31 %","  6.31 %","  1.37 %","  5.29 %","  2.50 %","  5.01 %",""
"2020-06-20","  2.28 %"," 11.05 %","","  4.84 %","  1.10 %","","  4.13 %","  8.88 %","","  3.45 %","  3.70 %","  4.76 %"," 10.88 %","  3.03 %","","  3.10 %","  4.02 %"," 17.57 %","   .00 %","","  5.78 %","   .00 %","  9.40 %"," 18.84 %"
"2020-06-21","  1.49 %"," 11.94 %","","  6.52 %","  1.09 %","","  2.79 %","  9.24 %","","  2.78 %","  3.57 %","  3.03 %","  1.87 %","  1.96 %"," 11.56 %","  4.51 %","  1.54 %",""," 13.56 %","","  1.43 %","  1.22 %","  4.84 %",""
"2020-06-22","  3.66 %","  8.44 %","","  7.87 %","","","  1.92 %","  1.00 %","","  3.78 %","  4.60 %","  2.94 %","  4.59 %","  2.88 %","  3.63 %","   .00 %",""," 10.34 %",""," 14.86 %","  7.26 %","  3.61 %","   .00 %",""
"2020-06-23","  3.18 %"," 21.72 %","","  7.58 %","  1.08 %","","  2.95 %","  1.48 %","","  4.69 %","  2.20 %","","  3.51 %","  3.74 %",""," 13.67 %","   .00 %","  1.04 %","  2.24 %","","   .22 %","  4.65 %","  6.81 %","  3.66 %"
"2020-06-24","  2.40 %","  6.40 %"," 15.00 %","  7.74 %","","   .00 %","  2.52 %","","","  3.48 %","  3.23 %","","   .00 %","   .90 %","   .50 %","  1.27 %","  6.46 %","  2.06 %",""," 28.24 %","  4.79 %","   .00 %","  3.14 %","  5.88 %"
"2020-06-25","  1.00 %","  4.75 %","","  5.11 %","  4.26 %","","  1.87 %","  3.88 %","","  4.33 %",""," 11.43 %"," 11.02 %","","   .00 %","   .62 %","  3.57 %","  4.04 %"," 10.95 %","  1.38 %","  1.46 %","  3.33 %"," 11.01 %",""
"2020-06-26","  2.32 %","  7.25 %","","  6.60 %","","","  1.92 %","   .00 %","","  4.15 %","  4.17 %","","  2.67 %","   .89 %","  4.98 %","  3.73 %","  2.76 %","  1.94 %","","","  3.07 %","  1.08 %","  3.31 %","  5.56 %"
"2020-06-27",""," 14.65 %","","  6.09 %","  1.02 %","","  2.55 %","","","  3.98 %","","","  1.49 %",""," 12.32 %","  5.99 %","","  2.86 %","  9.21 %","  6.33 %","  4.77 %","  3.19 %","  5.76 %","  3.16 %"
"2020-06-28","  1.62 %","  1.97 %"," 13.04 %","  3.94 %","  4.04 %","","  1.74 %","  4.67 %","","  3.83 %","   .00 %","  8.97 %","","  1.77 %","  8.02 %","  5.08 %","  3.69 %","  2.78 %","  3.01 %"," 11.49 %","  2.66 %","  1.03 %","  3.28 %","  2.04 %"
"2020-06-29","  1.59 %","","","  3.88 %"," 11.65 %","","  1.98 %","  1.79 %","","  3.69 %","  3.00 %"," 10.59 %","  6.59 %","  1.74 %","  1.17 %","  2.69 %","   .65 %","   .00 %"," 10.53 %"," 11.83 %","   .74 %","  7.14 %","  1.09 %",""
"2020-06-30","   .00 %","","","  3.98 %","","   .00 %","  1.65 %","  1.75 %","","  3.16 %","  5.83 %"," 11.70 %","  6.87 %","  6.84 %","   .77 %","   .52 %","  2.25 %","   .90 %","  2.65 %","  1.02 %","  5.14 %","  2.86 %","   .00 %","  1.00 %"
"2020-07-01","  2.82 %","  6.27 %","","  4.42 %","  3.48 %","","  2.17 %","","","   .38 %","","   .95 %","  4.50 %","  3.20 %","  1.92 %","  4.17 %","  3.14 %","   .00 %","  3.09 %","","  3.84 %","   .00 %","   .00 %","  1.98 %"
"2020-07-02","  4.88 %","   .00 %","  3.85 %","  3.34 %","  2.52 %","","  1.94 %","  7.76 %",""," 13.36 %","  1.83 %",""," 10.46 %","  3.10 %","  3.76 %","  3.50 %","  1.22 %","  6.25 %","  3.00 %","  6.08 %","  5.21 %","   .93 %"," 10.84 %","  1.94 %"
"2020-07-03","  1.16 %","","  7.41 %","  3.87 %","   .00 %","","  2.33 %","  1.20 %","","  5.39 %","  2.70 %","  3.77 %","  2.23 %","  3.01 %","  3.26 %","  9.66 %","  2.11 %","   .84 %","  6.80 %"," 12.10 %","  2.40 %","  9.17 %","  3.44 %","   .00 %"
"2020-07-04","  2.87 %","  9.30 %","","  4.30 %","","","  2.28 %","  4.35 %","","  4.79 %","  4.39 %","","  6.27 %","","  2.11 %","  6.17 %","  2.36 %","   .00 %","  2.27 %","","  2.34 %","   .00 %","  5.85 %","   .95 %"
"2020-07-05","  3.63 %","  3.32 %","","  3.69 %","  4.10 %","","  2.06 %","  6.82 %","","  3.96 %","","","  3.85 %"," 13.87 %","  2.06 %","","  1.44 %","   .00 %","  8.44 %","  9.66 %",""," 10.08 %","   .00 %","   .94 %"
"2020-07-06","  1.08 %","   .00 %","","  2.72 %","  1.57 %","","  1.83 %","","","  2.35 %","","  8.18 %","  3.95 %","","","  5.39 %","  3.41 %","  2.50 %","   .82 %","   .00 %"," 15.85 %","  5.34 %","  5.59 %","  4.67 %"
"2020-07-07","   .80 %","  9.04 %","","  2.62 %","   .00 %","","  2.06 %","  3.55 %","","  8.02 %"," 11.76 %","",""," 13.46 %","  8.42 %","   .79 %","  4.12 %","   .81 %","  8.54 %","  2.59 %","  1.58 %","  2.17 %","  1.87 %","  8.04 %"
"2020-07-08","  3.70 %","  3.31 %","  2.30 %","  3.27 %","","","  2.15 %"," 13.01 %","","  7.16 %","  1.50 %","  2.52 %","  3.09 %","  1.69 %","  4.66 %","  2.73 %","  1.85 %","  4.03 %","  7.87 %"," 20.45 %","  7.38 %"," 14.18 %","  4.19 %","  2.48 %"
"2020-07-09","  8.67 %","  9.09 %","","  3.69 %","","","  2.39 %","","","  3.96 %","  5.19 %","  1.64 %","  5.53 %","   .00 %","","  4.94 %","  6.22 %","  1.55 %","  7.29 %","","  5.55 %","  8.70 %","  5.17 %","  1.61 %"
"2020-07-10","  6.34 %","  1.14 %","","   .00 %","  7.75 %","","  1.72 %"," 20.00 %","","  3.81 %","  5.63 %","  4.03 %","  5.24 %","   .56 %"," 20.18 %","  6.52 %","  3.66 %","  3.82 %"," 12.30 %"," 13.84 %","  2.74 %","  5.71 %","  2.89 %","   .79 %"
"2020-07-11","  9.27 %","  2.26 %","","  1.76 %","  2.88 %","","  2.58 %","  7.83 %","","  6.42 %","","","  2.49 %","  4.97 %","  4.44 %","  4.08 %","  4.71 %","  3.68 %","  6.05 %"," 10.31 %","","  3.24 %","  6.19 %",""
"2020-07-12","  2.42 %","  1.90 %","","  4.27 %","  2.80 %","","  1.66 %","  5.62 %","","  4.74 %","   .00 %","  6.20 %","  5.06 %","  4.21 %","","  5.23 %","  7.87 %","  2.13 %","  5.16 %","   .00 %","  2.89 %","  3.14 %","  5.35 %","  2.36 %"
"2020-07-13"," 20.71 %","  3.72 %"," 10.11 %","  2.40 %","","","  1.55 %","  5.32 %","","  3.70 %","","  4.38 %","  1.93 %","  4.55 %"," 10.87 %","  2.48 %","  5.42 %","  5.56 %","  3.36 %","  2.50 %","  6.81 %","  3.55 %","  3.02 %","  1.54 %"
"2020-07-14","  7.52 %","  1.79 %","","  2.07 %","","","  2.30 %","","","  5.16 %","  2.00 %","  6.29 %","  2.84 %","","  9.17 %","  5.45 %","  4.55 %","  1.97 %","  3.75 %"," 15.64 %","  4.05 %","  9.31 %","  2.68 %","   .76 %"
"2020-07-15","  5.02 %","  1.17 %","  3.06 %","  3.81 %"," 21.09 %","","  1.15 %","  7.16 %","","  1.70 %","  1.96 %","  6.58 %","  3.49 %","  3.86 %","  1.37 %","  5.46 %","  4.91 %"," 15.48 %","  1.93 %","  3.52 %","  3.50 %","  3.14 %","  3.14 %","  3.01 %"
"2020-07-16","  6.51 %","  1.16 %","","  2.89 %","  8.43 %","","  1.97 %","  4.13 %","","  3.34 %","  1.28 %","  3.09 %","","  3.72 %","  3.08 %","   .00 %","  4.50 %"," 10.06 %","  8.51 %"," 11.43 %","  1.32 %","  3.91 %","  2.72 %","   .73 %"
"2020-07-17","","  1.43 %","","  2.64 %","   .00 %","","  1.81 %","  7.36 %","","  4.49 %","","   .60 %","  4.26 %","  4.04 %"," 10.65 %"," 11.72 %","  2.07 %"," 13.20 %","  3.27 %"," 19.05 %","","  4.18 %","  3.10 %","  4.35 %"
"2020-07-18"," 13.04 %","  1.56 %","","  2.24 %"," 10.88 %","","  1.48 %","  7.03 %","","  6.70 %","  8.86 %","   .60 %","  3.58 %","  3.02 %","  1.18 %","  3.66 %","  3.89 %","  8.97 %","  7.38 %","  4.31 %","  5.19 %","  1.61 %","  2.00 %","  1.39 %"
"2020-07-19","  4.81 %","   .00 %","  6.93 %","  1.81 %","   .47 %","","  2.03 %","  5.75 %","","  4.19 %","   .58 %","  1.18 %","  4.61 %","  9.21 %","  2.17 %","  2.82 %","  2.28 %","  2.88 %"," 14.15 %","   .00 %","  1.68 %","  1.98 %","  1.79 %","  1.37 %"
"2020-07-20","  8.03 %","  1.11 %","  4.63 %","  1.59 %","  6.51 %","","  1.41 %","  3.57 %","","  3.71 %","  2.89 %","  2.92 %","  3.30 %","  1.92 %","  3.27 %","   .69 %","  5.56 %","  5.20 %","  6.02 %","  7.37 %","  1.30 %","  3.10 %","  4.11 %",""
"2020-07-21","  5.84 %","  1.10 %","","  1.69 %","  1.75 %","","  1.54 %","","","  2.83 %","  1.69 %","","  5.02 %","  4.89 %","   .79 %","  2.73 %","  4.22 %","  7.22 %"," 15.26 %","  1.47 %","   .86 %","   .75 %","  1.65 %","  6.76 %"
"2020-07-22","  5.52 %","   .41 %","","  2.61 %","","","  1.87 %"," 10.04 %","","  2.46 %","","  9.66 %","  7.68 %","  2.51 %","  5.49 %","  3.32 %","  4.05 %"," 23.05 %","  2.96 %","","  1.10 %","  1.12 %","   .00 %","  1.27 %"
"2020-07-23","  8.37 %","   .95 %"," 15.04 %","  3.21 %","  2.15 %","","  1.71 %","","","  1.70 %","  6.08 %","  5.18 %","  4.17 %","","  1.19 %","  2.36 %","","  6.34 %","  5.20 %","  4.33 %","  2.77 %","  3.69 %","  3.09 %","   .62 %"
"2020-07-24","  4.82 %","   .27 %","  1.54 %","  2.87 %","  7.14 %","","  1.54 %","   .00 %","","  2.78 %","","  4.93 %","  3.88 %","  8.74 %","  3.53 %","  1.88 %","  2.08 %","  5.69 %","  4.55 %","  5.10 %","  2.86 %","  2.14 %","  2.50 %"," 12.42 %"
"2020-07-25","  2.26 %","   .54 %","","  2.72 %","  1.57 %","","  1.17 %","  6.54 %","","  2.44 %","  5.73 %","   .47 %","","  2.57 %","  4.83 %","  1.23 %","  7.62 %","  5.90 %","  6.22 %"," 10.29 %","  1.19 %","  1.05 %","  1.87 %","  2.21 %"
"2020-07-26","  2.62 %","   .80 %","  3.79 %","  2.93 %","  6.56 %","","  1.43 %","  2.17 %","","  1.45 %","  4.93 %","  2.80 %","  5.47 %","  8.78 %","  2.17 %","  1.42 %","  2.40 %","  4.60 %","  5.50 %","  6.04 %","  3.06 %","   .34 %","   .88 %"," 13.51 %"
"2020-07-27","  6.38 %","  1.46 %","  1.46 %","  2.83 %","","","  1.25 %","  4.38 %","","  2.86 %","","   .91 %","  9.55 %","  5.48 %","  2.12 %","  2.20 %","","  1.39 %","  1.33 %","  6.40 %",""," 10.65 %","  1.82 %",""
"2020-07-28","  2.85 %","   .39 %","","  2.35 %","  6.16 %","","  1.16 %","  3.24 %","","  1.27 %","  7.98 %","  3.60 %","  3.34 %","  7.65 %","  1.17 %","   .78 %","  4.69 %","  3.20 %","  4.60 %","  3.90 %","  3.12 %","  4.66 %","   .82 %"," 18.10 %"
"2020-07-29","  5.47 %","   .52 %","  2.16 %","  2.45 %","  6.14 %","","  1.03 %","  1.63 %","","   .25 %"," 18.70 %","  3.04 %","  3.65 %","  3.30 %","  1.28 %","  2.52 %","  2.00 %"," 10.18 %","  3.98 %","  2.04 %","  2.58 %","  6.23 %","   .92 %","  5.65 %"
"2020-07-30","  3.32 %","","","  2.22 %","  2.25 %","","   .86 %","  3.20 %","","  1.50 %","","  4.22 %","  3.42 %","  3.93 %","  1.77 %","  1.33 %","  1.73 %","  6.83 %","  1.61 %","  2.00 %","  3.10 %","  1.96 %","  1.27 %","  1.15 %"
"2020-07-31","  3.21 %","   .78 %","  9.15 %","  2.08 %","  1.26 %","","   .87 %","  3.99 %","","   .49 %","  4.40 %","  2.43 %","  2.72 %","","  2.37 %","  1.50 %","  4.20 %","  5.45 %","  4.36 %","  4.53 %","  4.33 %","  1.64 %","   .73 %",""
"2020-08-01","  5.38 %","   .13 %","","  2.02 %","  5.28 %","","  1.09 %","  2.88 %","","   .61 %","","  5.14 %","  2.65 %","  8.75 %","","   .37 %","  1.64 %","  6.77 %","  8.83 %","  4.97 %","  2.28 %","","   .03 %"," 15.09 %"
"2020-08-02","  4.61 %","   .64 %","","  1.95 %","  1.77 %","-##.## %","  1.01 %","  1.14 %","   .00 %","  2.07 %","  7.37 %","  6.39 %","  1.38 %"," 10.87 %","   .24 %","  1.10 %","  3.33 %"," 12.02 %","","  2.23 %","  4.25 %"," 10.24 %","  2.07 %",""
"2020-08-03","   .53 %","   .38 %","","  1.89 %","  2.90 %","","   .46 %","  3.38 %","","  1.07 %","  4.58 %","  2.47 %","  1.82 %","  5.29 %","   .61 %","   .73 %","  1.56 %","  8.94 %","  9.25 %","  2.73 %","","  4.16 %","   .84 %","  8.85 %"
"2020-08-04","  1.87 %","  1.90 %","","  1.84 %","  5.92 %","","   .49 %","   .40 %","","  1.88 %","  2.50 %","  2.07 %","  1.70 %","  2.98 %","   .36 %","   .90 %","  1.53 %","  1.64 %","  3.99 %","  1.06 %","  6.03 %","  4.46 %","   .97 %","  6.63 %"
"2020-08-05","  3.90 %","   .50 %"," 14.19 %","  1.81 %","  5.32 %","","   .68 %","  1.48 %","","   .92 %","  1.52 %","  3.38 %","  1.40 %","  1.63 %","  4.21 %","  1.25 %","  2.32 %","  2.56 %","  5.68 %","  2.36 %","  3.02 %","  7.42 %","  1.06 %","  6.50 %"
"2020-08-06","  4.31 %","  1.86 %","  1.13 %","  1.69 %","","","   .88 %","  3.50 %","","  1.60 %","   .60 %","  3.27 %","  2.94 %","  6.41 %","   .58 %","  1.06 %","   .00 %","  7.09 %","  1.60 %","  2.46 %","  3.45 %","  2.93 %","  1.67 %","  6.37 %"
"2020-08-07","  4.18 %","   .97 %","  1.68 %","  1.64 %"," 15.91 %","","   .57 %","  2.25 %","","   .00 %","","  1.58 %","  1.68 %","  2.68 %","  2.64 %","  1.40 %","  4.04 %","  3.68 %","  2.72 %","  2.45 %","  2.39 %","  2.64 %","  1.94 %","  3.74 %"
"2020-08-08","  4.47 %","  2.29 %","","  1.52 %","  1.96 %","","  1.04 %","  3.31 %","","  1.24 %","  1.19 %","  5.61 %","","  5.37 %","  3.58 %","  1.38 %","  2.55 %","  7.21 %","  8.77 %","  3.37 %","","","   .00 %",""
"2020-08-09","  2.53 %","   .71 %","","  1.50 %","   .21 %","","   .83 %","  1.78 %","","   .11 %","  1.77 %","  1.47 %","  7.69 %","  6.03 %","  2.91 %","   .34 %","  3.41 %","  3.53 %","  3.52 %","  1.99 %","","  9.50 %","  1.68 %"," 10.34 %"
"2020-08-10","  3.99 %","  1.29 %","  2.20 %","  1.52 %","  3.20 %","","   .59 %","  2.01 %","","  1.11 %","   .87 %","  4.07 %","  2.46 %","  6.27 %","","   .85 %","","  6.28 %","  4.45 %","  3.29 %","  2.17 %","  3.98 %","   .97 %","  9.59 %"
"2020-08-11","  3.15 %","   .58 %","  7.53 %","  1.18 %","","","   .71 %","  1.03 %","","  1.21 %","  4.60 %","  5.87 %","  2.85 %","  5.49 %","","   .84 %","  4.19 %","  2.61 %","  6.34 %","  3.28 %","  2.23 %","","  1.73 %","  5.17 %"
"2020-08-12","  2.88 %","  3.10 %","","  1.09 %","  8.26 %","","   .99 %","","","  3.04 %","   .82 %","  3.96 %","","  4.29 %","  6.29 %","  1.00 %","","  3.52 %","","  2.48 %","  2.55 %"," 17.39 %","   .94 %","  6.81 %"
"2020-08-13","  2.71 %","  1.11 %","","  1.29 %","  2.29 %","","   .78 %","  3.64 %","","   .53 %","   .82 %","  6.85 %","  4.52 %","  4.49 %","  3.65 %","  1.15 %","  4.37 %","  3.40 %","  6.63 %","   .76 %","","","  1.50 %",""
"2020-08-14","  2.43 %","  1.10 %","  7.50 %","  1.21 %","   .00 %","","   .92 %","  2.37 %","","  1.57 %","  1.35 %","  3.80 %","  3.70 %","  2.03 %","  3.14 %","   .98 %","  1.80 %","  2.65 %","  2.40 %","  4.21 %","  2.08 %","  4.59 %","  1.48 %",""
"2020-08-15","  2.25 %","  2.50 %","","  1.21 %","   .56 %","","   .76 %","  3.43 %","","  1.45 %","  2.67 %","  5.03 %","  3.50 %","","  3.97 %","   .65 %","  2.01 %","  3.73 %","  3.93 %","   .08 %","  2.53 %","  3.82 %","   .70 %"," 12.57 %"
"2020-08-16","  2.72 %","   .64 %","","  1.07 %","  2.97 %","","   .76 %","  1.70 %","","   .71 %","   .78 %","  3.27 %","  3.70 %","  8.42 %","  2.04 %","   .48 %","  1.74 %","  3.60 %","  3.43 %","   .40 %","  3.15 %","  3.68 %","   .58 %","   .00 %"
"2020-08-17","  2.76 %","  1.27 %"," 15.81 %","   .97 %","  1.62 %","","   .94 %","  2.20 %","","  1.21 %","   .26 %","  6.54 %","  2.88 %","  5.50 %","  3.57 %","  1.44 %","   .47 %","  1.24 %","  3.84 %","  2.85 %","  2.72 %","   .66 %","  1.12 %","  9.75 %"
"2020-08-18","  2.39 %","   .73 %","","   .89 %","   .00 %","","   .94 %","  1.71 %","","  1.00 %","  1.03 %","  5.15 %","  5.79 %","  3.37 %","  2.10 %","  1.26 %","  1.70 %","  3.51 %","  5.30 %","  3.17 %","  2.51 %","  2.88 %","   .63 %","  6.30 %"
"2020-08-19","  2.52 %","  7.34 %","","   .70 %","  5.14 %","","   .64 %","  2.85 %","","   .99 %","  6.36 %","  3.20 %","  4.49 %","  5.93 %","  4.52 %","  1.09 %","   .46 %","  3.63 %","  3.60 %","  1.97 %","  2.50 %","  2.29 %","  1.13 %"," 11.86 %"
"2020-08-20","  3.32 %","  1.54 %","  6.83 %","   .78 %","  1.85 %","","  1.05 %","  3.12 %","","   .59 %","  1.20 %","  3.65 %","  3.20 %","  3.08 %","  1.02 %","   .00 %","  1.74 %","  8.68 %","  4.10 %","  1.86 %","  3.13 %","  3.11 %","  1.40 %","  6.02 %"
"2020-08-21","  3.42 %","  2.28 %","","  1.11 %","  3.48 %","","  1.13 %","  3.86 %","","  1.17 %","  1.42 %","  2.46 %","  3.90 %","  5.71 %","  4.52 %","  1.38 %","  1.41 %","  3.01 %","  5.31 %","  4.05 %","  2.74 %","  5.78 %","  1.27 %","  6.59 %"
"2020-08-22","  3.04 %","  2.88 %","","   .84 %","  5.12 %","","   .95 %","  2.85 %","","  1.25 %","  4.43 %"," 11.17 %","  4.68 %","  4.37 %","  1.64 %","   .61 %","  1.32 %","  4.49 %","  2.98 %","  2.17 %","  1.60 %","  3.76 %","  1.31 %"," 16.74 %"
"2020-08-23","  3.18 %","  3.43 %","   .00 %","   .84 %","","","  1.04 %","  6.19 %","","  2.38 %","  2.01 %","  4.95 %","  2.50 %","  6.16 %","  1.98 %","  1.05 %","   .94 %","  2.60 %","  4.97 %","  1.54 %","  1.90 %","  4.50 %","  1.78 %","  3.84 %"
"2020-08-24","  2.54 %","  2.27 %","","  1.07 %","  5.18 %","","   .70 %","  3.70 %","","  1.76 %","  1.75 %","  3.09 %","  3.30 %","  3.48 %","  3.38 %","  1.04 %","  1.22 %","  3.87 %","  4.17 %","  2.94 %","  2.85 %","  3.78 %","  1.22 %","  1.58 %"
"2020-08-25","  2.20 %","  1.11 %","","  1.11 %","  4.92 %","","  1.03 %","  4.33 %","","   .73 %","  6.88 %","  7.29 %","  3.71 %","  3.89 %","   .83 %","   .44 %","   .50 %","  1.22 %","  3.70 %","  4.23 %","  2.77 %","  7.09 %","   .89 %","  2.68 %"
"2020-08-26","  1.82 %","  1.18 %","","   .93 %","  8.00 %","","  1.13 %","  7.80 %","","  1.27 %","  3.02 %"," 10.39 %","  4.43 %","  4.39 %","  3.52 %","  1.76 %","   .42 %"," 10.38 %","  3.01 %","   .82 %","  2.25 %","  5.77 %","  2.36 %","  4.30 %"
"2020-08-27","  2.11 %","  3.83 %","","   .79 %","  6.00 %","","  1.25 %","  3.18 %","","  2.15 %","  4.10 %","  7.48 %","  1.58 %","  3.10 %","  4.20 %","  2.60 %","  1.05 %","  5.14 %","  2.51 %","  2.34 %","  1.72 %","  4.20 %","  3.11 %","  6.55 %"
"2020-08-28","  2.33 %","  2.25 %","","   .94 %","  2.41 %","","  1.10 %","  5.55 %","","  2.10 %","","  4.71 %","  4.21 %","  5.08 %","  3.39 %","  1.27 %","   .90 %","  2.91 %","  3.22 %","  1.65 %","  2.27 %","  3.77 %","  2.45 %","  6.15 %"
"2020-08-29","  2.79 %","  4.79 %","","  1.28 %","  2.71 %","","  1.07 %","  3.73 %","","   .86 %","","  7.82 %","  5.66 %","  4.77 %","  1.18 %","  1.39 %","   .76 %","  4.85 %","  1.95 %","  3.30 %","  1.27 %","  3.47 %","  1.80 %","  6.22 %"
"2020-08-30","  3.33 %","  1.95 %","  1.13 %","   .95 %","  6.41 %","","  1.07 %","  3.13 %","","  1.87 %","  8.82 %","  2.88 %","  4.63 %","  3.46 %","  3.18 %","   .27 %","  1.09 %","  3.71 %","  2.47 %","  1.57 %","  1.39 %","  4.15 %","   .94 %","  5.72 %"
"2020-08-31","  3.06 %","  2.50 %","   .74 %","   .82 %","  1.83 %","","   .96 %","  3.84 %","","  3.17 %","  8.79 %","  3.86 %","  4.94 %","  3.35 %","  3.55 %","  1.09 %","  1.62 %","  3.62 %","  4.42 %","   .77 %","  2.51 %","  5.14 %","  2.54 %","  3.82 %"
"2020-09-01","  2.03 %","  2.65 %","  7.75 %","  1.04 %","  2.54 %","","  1.64 %","  4.22 %","","  2.51 %","  5.86 %","  4.93 %","  4.91 %","  4.77 %","  3.26 %","  2.16 %","  1.26 %","  4.39 %","  4.43 %","  2.24 %","  1.98 %","  4.38 %","  2.95 %","  5.09 %"
"2020-09-02","  2.45 %","  6.22 %","   .68 %","  1.19 %","  2.78 %","","  1.52 %","  4.71 %","","  3.08 %","","  7.89 %","  4.32 %","  6.83 %","  1.99 %","  1.46 %","  1.51 %","  9.28 %","  3.74 %","  1.69 %","  2.96 %","  3.00 %","   .60 %","  5.54 %"
"2020-09-03","  2.29 %","  1.71 %","  3.40 %","  1.16 %","  5.02 %","","  1.82 %","  4.38 %","","  2.14 %","  8.98 %","  3.37 %","  3.57 %","  5.07 %","  3.31 %","  1.96 %","  1.42 %","  5.03 %","  3.25 %","  2.57 %","  1.02 %","  7.80 %","  4.17 %","  5.09 %"
"2020-09-04","  3.09 %","  2.20 %","  3.95 %","  1.68 %","  1.62 %","","  1.83 %","  2.08 %","","  3.00 %","  7.28 %","  4.29 %","  6.86 %","  2.56 %","  3.58 %","  2.94 %","  1.72 %","  4.75 %","  3.39 %","  2.37 %","  1.04 %","  4.66 %","  2.06 %","  4.73 %"
"2020-09-05","  3.78 %","  2.66 %","   .00 %","  2.13 %","  5.55 %","","  2.08 %","  4.15 %","","  2.55 %","  5.38 %","  5.18 %","  6.85 %","  4.71 %","  2.99 %","  1.74 %","  1.32 %","  5.07 %","  5.38 %","  1.12 %","  4.12 %","  2.95 %","  2.58 %","  3.67 %"
"2020-09-06","  4.32 %","  4.37 %","  1.27 %","  2.03 %","  4.27 %","","  2.35 %","  4.26 %","","  3.26 %","   .00 %","  2.25 %","  6.63 %"," 10.34 %","  3.20 %","  2.69 %","   .93 %","  4.66 %","  3.95 %","   .36 %","  2.73 %","  2.57 %","  1.53 %","  3.39 %"
"2020-09-07","  4.10 %","  3.01 %","   .62 %","  1.94 %","  4.61 %","","  1.10 %","  2.52 %","","  3.57 %"," 21.39 %","  4.82 %","  5.20 %","  4.69 %","  2.96 %","  1.43 %","  1.84 %","  2.21 %","  2.61 %","  2.82 %","  2.31 %","  6.04 %","  2.54 %","  4.97 %"
"2020-09-08","  2.05 %","  1.20 %","  1.24 %","  1.88 %","  4.24 %","","  1.91 %","  2.79 %","","  2.85 %","  4.60 %","  3.85 %","  5.38 %","  5.45 %","  3.20 %","  2.81 %","  1.26 %","  5.37 %","  4.32 %","  2.87 %","  4.63 %","  2.63 %","  1.93 %","  3.57 %"
"2020-09-09","  3.70 %","  2.60 %","  2.76 %","  1.99 %","  2.43 %","","  1.89 %","  3.49 %","","  4.00 %","  2.87 %","  1.82 %","  3.65 %","  8.67 %","  1.71 %","  2.62 %","  4.16 %","  4.31 %","  2.58 %","  2.08 %","   .66 %","  2.93 %","  2.67 %","  6.47 %"
"2020-09-10","  4.45 %","  1.99 %","   .60 %","  1.92 %","  3.75 %","","  2.21 %","  3.59 %","","  7.07 %","   .37 %","  3.58 %","  4.15 %","  6.11 %","  3.14 %","  1.44 %","  3.20 %","  5.03 %","  3.94 %","  1.92 %","  2.98 %","  5.69 %","  1.53 %","  5.30 %"
"2020-09-11","  3.18 %","  2.65 %","  1.78 %","  1.87 %","  5.16 %","","  2.02 %","  2.47 %","","  3.65 %","","  3.89 %","  3.27 %","  5.54 %","  2.66 %","  2.74 %","  3.04 %","  4.96 %","  2.91 %","  1.56 %","  2.71 %","  4.71 %","  3.04 %","  3.04 %"
"2020-09-12","  3.62 %","  1.58 %","  2.33 %","  1.82 %","  3.36 %","","  2.23 %","  6.27 %","","  3.13 %"," 16.13 %","  2.32 %","  5.56 %","  5.25 %","  2.30 %","  1.71 %","  2.15 %","  4.67 %","  3.29 %","  1.56 %","  1.97 %","  6.02 %","  2.91 %","  2.28 %"
"2020-09-13","  3.23 %","  3.94 %","  7.12 %","  1.91 %","  2.37 %","","  2.27 %","  3.49 %","","  1.52 %","  3.99 %","  2.56 %","  5.71 %","  3.75 %","  2.61 %","  1.05 %","  1.58 %","  3.01 %","  2.77 %","  1.83 %","  3.57 %","  2.17 %","  2.86 %","  2.88 %"
"2020-09-14","  3.18 %","  3.44 %","  9.31 %","  1.76 %","  4.30 %","","  2.20 %","  3.72 %","","  2.35 %","  4.76 %","  3.68 %","  3.28 %","  4.56 %","  1.91 %","   .93 %","  2.59 %","  2.31 %","  2.25 %","  1.57 %","  3.23 %","  2.42 %","  3.42 %","  2.45 %"
"2020-09-15","  3.16 %","  1.83 %","  1.22 %","  1.67 %"," 10.98 %","","  2.08 %","  5.03 %","","  1.77 %","  1.90 %","  1.20 %","  2.64 %","  3.85 %","  1.21 %","  1.44 %","  2.52 %","  4.30 %","  2.06 %","  1.92 %","  3.55 %","  3.60 %","  1.23 %","  4.26 %"
"2020-09-16","  3.10 %","  3.70 %","   .00 %","  1.78 %","  2.00 %","","  2.64 %","  3.17 %","","  2.67 %","  3.38 %","  1.94 %","  3.40 %","  5.99 %","  1.81 %","  1.01 %","  1.57 %","  2.51 %","  2.22 %","  1.33 %","  4.04 %","  5.64 %","  2.69 %","  3.29 %"
"2020-09-17","  2.50 %","  2.70 %"," 11.78 %","  1.69 %","   .73 %","","  2.41 %","  2.69 %","","  1.35 %","  4.45 %","  2.59 %","  2.96 %","  3.43 %","  3.03 %","  1.10 %","  2.52 %","  2.49 %","  2.60 %","   .82 %","  1.09 %","  3.10 %","  4.20 %","  2.31 %"
"2020-09-18","  2.14 %","  2.40 %","  3.44 %","  1.69 %","  1.73 %","","  2.03 %","  3.87 %","","  2.66 %","  5.06 %","  2.99 %","  2.09 %","  3.06 %","  2.79 %","  1.29 %","  3.50 %","  3.41 %","  1.42 %","  1.47 %","  3.00 %","  4.44 %","  2.55 %","  3.02 %"
"2020-09-19","  3.29 %","  2.65 %","  4.16 %","  1.68 %","  4.21 %","","  2.11 %","  3.37 %","","  2.02 %","  6.08 %","  4.56 %","  1.89 %","  2.69 %","  2.82 %","  1.27 %","  1.96 %","  3.40 %","  2.57 %","  2.09 %","  3.08 %","  4.15 %","  2.16 %","  2.10 %"
"2020-09-20","  2.60 %","  1.48 %","  2.99 %","  1.16 %","  4.04 %","","  2.32 %","  5.55 %","","  1.13 %","","  2.06 %","  1.37 %","  1.12 %","  1.95 %","   .39 %","  2.24 %","  2.70 %","  2.16 %","   .83 %","  1.55 %","  3.71 %","  3.32 %","  2.45 %"
"2020-09-21","  1.30 %","  1.50 %","  1.74 %","  1.41 %","  1.51 %","","  1.76 %","  2.13 %","","  3.02 %","   .12 %","  1.92 %","  1.60 %","  2.16 %","  2.49 %","   .19 %","  2.32 %","   .99 %","  1.18 %","  1.65 %","  1.92 %","  2.90 %","   .94 %","  2.30 %"
"2020-09-22","  1.25 %","  1.85 %","   .95 %","  1.06 %","  1.29 %","","  2.05 %","  2.38 %","","  1.58 %","  7.82 %","  1.70 %","  2.21 %","  1.62 %","  1.43 %","   .96 %","  1.41 %","  1.41 %","  1.36 %","  1.09 %","  1.63 %","   .95 %","   .08 %","  2.79 %"
"2020-09-23","  1.72 %","  1.78 %","  2.08 %","  1.44 %","  2.16 %","","  1.54 %","  4.21 %","","  1.16 %","  3.71 %","  1.59 %","  1.73 %","  2.10 %","  1.12 %","   .76 %","  1.14 %","  2.82 %","  1.14 %","   .25 %","  1.88 %","  2.04 %","  1.78 %","  1.52 %"
"2020-09-24","  1.24 %","   .52 %","   .92 %","  1.30 %","  1.87 %","","  1.53 %","  1.78 %","","  1.32 %","  1.81 %","  1.25 %","   .87 %","  2.57 %","  1.43 %","  1.04 %","  2.29 %","  1.90 %","  1.03 %","  1.50 %","  1.04 %","  3.07 %","  1.18 %","  1.28 %"
"2020-09-25","  1.20 %","  2.80 %","  2.01 %","  1.18 %","   .61 %","","  1.46 %","  2.86 %","","  1.56 %","  4.30 %","  1.81 %","  1.03 %","  2.63 %","  1.70 %","   .47 %","  1.02 %","  2.23 %","  1.14 %","  2.25 %","  1.48 %","  2.44 %","  2.46 %","  2.02 %"
"2020-09-26","   .92 %","   .92 %","  1.97 %","  1.03 %","  2.30 %","","  1.41 %","  2.65 %","","  2.35 %","  1.66 %","  1.43 %","  1.20 %","   .57 %","  2.55 %","  1.12 %","   .97 %","  2.04 %","   .66 %","  1.35 %","  1.91 %","  1.92 %","  1.03 %","  2.30 %"
"2020-09-27","   .78 %","  1.06 %","  1.94 %","   .93 %","  1.37 %","","  1.39 %","  2.03 %","","  1.08 %","","   .85 %","   .93 %","  1.15 %","  1.96 %","   .55 %","   .76 %","  1.18 %","   .79 %","  1.46 %","  1.82 %","  2.08 %","  1.24 %","  2.22 %"
"2020-09-28","   .87 %","  1.35 %","  1.55 %","  1.01 %","  3.16 %","","  1.31 %","  1.83 %","","  1.07 %","   .99 %","  1.27 %","   .52 %","  3.13 %","  1.56 %","   .46 %","   .63 %","  1.05 %","   .60 %","  1.08 %","  2.25 %","  1.84 %","  1.29 %","  2.02 %"
"2020-09-29","   .78 %","  1.00 %","  1.87 %","   .86 %","   .57 %","","  1.20 %","  1.66 %","","   .61 %","   .78 %","  1.00 %","  1.06 %","  2.66 %","  1.04 %","   .46 %","  1.14 %","  1.54 %","   .78 %","  1.66 %","  1.99 %","  1.32 %","  1.39 %","  2.16 %"
"2020-09-30","   .93 %","   .92 %","  2.00 %","   .79 %","  1.57 %","","  1.38 %","  2.35 %","","  1.01 %","","   .83 %","   .94 %","  2.43 %","  1.23 %","  1.36 %","  1.21 %","  1.92 %","   .56 %","  1.46 %","  1.32 %","  2.06 %","  1.46 %","  1.38 %"
"2020-10-01","   .75 %","  1.75 %","  2.29 %","   .82 %","  1.59 %","","  1.00 %","  2.65 %","","  1.41 %","","  1.27 %","   .66 %","   .69 %","   .41 %","   .54 %","  1.43 %","  1.37 %","   .51 %","  1.52 %","   .22 %","  1.01 %","  1.14 %","  1.41 %"
"2020-10-02","  1.07 %","   .97 %","  2.40 %","   .79 %","   .46 %","","  1.25 %","  1.84 %","","  1.47 %","  4.81 %","   .93 %","   .71 %","   .81 %","   .89 %","   .45 %","  1.03 %","   .74 %","   .63 %","  1.31 %","  1.70 %","  1.71 %","   .65 %","  2.26 %"
"2020-10-03","   .62 %","  1.38 %","   .62 %","   .67 %","","","  1.31 %","  1.79 %","","  1.48 %","   .88 %","   .40 %","   .58 %","   .89 %","  1.03 %","   .18 %","   .86 %","  1.14 %","   .35 %","  1.04 %","   .96 %","  1.24 %","   .65 %","   .65 %"
"2020-10-04","   .89 %","   .73 %","  1.40 %","   .61 %","  2.48 %","","  1.34 %","  1.97 %","","   .85 %","  1.19 %","   .60 %","   .60 %","   .47 %","  1.53 %","   .18 %","   .93 %","   .52 %","   .66 %","   .72 %","  1.53 %","  1.51 %","   .59 %","  1.33 %"
"2020-10-05","   .43 %","  1.67 %","   .77 %","   .63 %","   .00 %","","   .95 %","  1.12 %","","  1.22 %","  1.00 %","  1.31 %","   .37 %","","  1.67 %","   .53 %","   .78 %","   .69 %","   .17 %","  1.05 %","   .58 %","  1.81 %","   .66 %","  1.09 %"
"2020-10-06","   .69 %","  1.09 %","  2.58 %","   .72 %","   .00 %","","  1.21 %","  1.41 %","","   .87 %","   .00 %","   .55 %","   .66 %","  1.45 %","  1.01 %","  4.48 %","  1.17 %","   .85 %","   .43 %","   .75 %","  1.35 %","   .81 %","   .39 %","   .43 %"
"2020-10-07","   .68 %","  1.35 %","  1.48 %","   .86 %","  2.21 %","","  1.32 %","   .94 %","","  1.08 %","  3.28 %","   .55 %","   .68 %","   .54 %","  1.30 %","   .00 %","   .94 %","   .85 %","   .23 %","   .81 %","  1.27 %","  1.25 %","   .51 %","   .40 %"
"2020-10-08","   .59 %","   .87 %","  1.17 %","   .87 %","   .56 %","","  1.17 %","  1.86 %","","  1.15 %","   .96 %","  1.05 %","  1.31 %","   .62 %","   .91 %","   .00 %","  1.08 %","  1.26 %","   .49 %","   .57 %","   .74 %","   .63 %","   .75 %","   .91 %"
"2020-10-09","   .51 %","  1.22 %","  1.30 %","   .73 %","  1.00 %","","  1.15 %","  1.53 %","","  1.39 %","  1.16 %","   .31 %","   .56 %","   .44 %","   .80 %","   .00 %","  1.24 %","   .64 %","   .66 %","   .91 %","  1.17 %","  1.80 %","  1.02 %","   .46 %"
"2020-10-10","   .53 %","  1.08 %","","   .70 %","   .32 %","","  1.15 %","  1.56 %","","   .87 %","   .17 %","  1.45 %","   .33 %","   .75 %","   .37 %","","  1.05 %","   .99 %","   .21 %","  1.40 %","   .92 %","   .97 %","   .80 %","   .61 %"
"2020-10-11","   .31 %","   .68 %","  3.42 %","   .65 %","   .55 %","","  1.03 %","  2.08 %","","   .68 %","   .17 %","   .53 %","   .42 %","   .50 %","  1.26 %","   .00 %","   .66 %","   .56 %","   .18 %","  1.30 %","   .33 %","  1.15 %","   .62 %","   .50 %"
"2020-10-12","   .33 %","   .61 %","   .28 %","   .75 %","   .74 %","","  1.16 %","   .82 %","","   .99 %","  1.70 %","   .68 %","   .27 %","   .84 %","   .62 %","   .00 %","   .52 %","   .71 %","   .24 %","  1.00 %","   .67 %","   .97 %","   .56 %","   .84 %"
"2020-10-13","   .47 %","  1.12 %","  2.61 %","   .78 %","   .82 %","","  1.05 %","  1.13 %","","   .91 %","  1.38 %","   .67 %","   .29 %","   .61 %","  1.29 %","   .00 %","   .51 %","   .26 %","   .31 %","  1.11 %","   .62 %","   .92 %","   .47 %","   .54 %"
"2020-10-14","   .58 %","  1.07 %","  1.61 %","   .75 %","   .31 %","","  1.12 %","  1.38 %","","  1.04 %","","   .96 %","   .39 %","  1.11 %","  1.25 %","   .59 %","   .51 %","   .41 %","   .25 %","  1.09 %","  1.03 %","  1.32 %","   .74 %","   .58 %"
"2020-10-15","   .21 %","   .41 %","  1.45 %","   .88 %","  2.42 %","","  1.05 %","  1.83 %","","  1.07 %","  1.03 %","  1.65 %","   .49 %","   .79 %","   .98 %","   .50 %","   .51 %","   .42 %","   .17 %","  1.08 %","","   .78 %","   .70 %","   .93 %"
"2020-10-16","   .35 %","  1.12 %","   .91 %","   .85 %","   .15 %","","  1.20 %","  1.36 %","","  1.26 %","  1.14 %","   .54 %","   .34 %","   .29 %","  1.09 %","   .17 %","  1.01 %","   .89 %","   .31 %","   .81 %","   .89 %","  1.20 %","   .81 %","   .69 %"
"2020-10-17","   .34 %","   .65 %","  1.93 %","   .71 %","   .90 %","","  1.09 %","  1.48 %","","  1.45 %","   .16 %","   .50 %","   .28 %","   .46 %","  1.03 %","   .25 %","   .87 %","   .55 %","   .18 %","   .10 %","  1.90 %","  1.58 %","   .51 %","   .46 %"
"2020-10-18","   .22 %","   .43 %","  2.02 %","   .79 %","   .71 %","","   .99 %","  1.62 %","","   .73 %","  1.05 %","   .11 %","   .14 %","   .38 %","  1.29 %","   .08 %","   .80 %","   .41 %","   .10 %","   .01 %","   .65 %","   .32 %","   .40 %","   .60 %"
"2020-10-19","   .11 %","  1.61 %","   .74 %","   .67 %","   .74 %","","   .90 %","  1.44 %","","   .99 %","  1.75 %","   .50 %","   .20 %","   .30 %","   .67 %","  1.24 %","  1.22 %","   .26 %","   .13 %","  1.96 %","   .87 %","  1.27 %","   .76 %","  1.22 %"
"2020-10-20","   .24 %","   .90 %","   .12 %","   .48 %","   .73 %","","   .99 %","  1.06 %","","   .88 %","   .70 %","   .21 %","   .25 %","   .22 %","  1.29 %","   .57 %","   .65 %","   .22 %","   .08 %","   .89 %","   .70 %","   .96 %","   .43 %","   .69 %"
"2020-10-21","   .29 %","  1.36 %","  2.09 %","   .81 %","   .47 %","","  1.17 %","  1.24 %","","  1.62 %","  1.13 %","   .64 %","   .17 %","   .52 %","   .97 %","   .49 %","   .81 %","   .44 %","   .30 %","   .98 %","   .41 %","   .76 %","   .70 %","   .59 %"
"2020-10-22","   .26 %","   .99 %","  1.08 %","   .86 %","   .40 %","","  1.24 %","  1.61 %","","   .86 %","   .38 %","   .14 %","   .35 %","   .28 %","   .91 %","   .65 %","  1.47 %","   .32 %","   .14 %","   .93 %","   .42 %","   .44 %","   .54 %","   .22 %"
"2020-10-23","   .19 %","  1.16 %","  1.43 %","   .81 %","  1.51 %","","  1.32 %","  1.45 %","","  1.55 %","   .34 %","   .84 %","   .31 %","   .61 %","  1.53 %","   .08 %","   .69 %","   .22 %","   .11 %","   .91 %","   .80 %","  1.02 %","   .56 %","   .26 %"
"2020-10-24","   .18 %","   .63 %","  1.06 %","   .82 %","  1.10 %","","  1.48 %","  1.58 %","","  1.52 %","   .19 %","   .49 %","   .23 %","   .31 %","  1.62 %","   .08 %","   .47 %","   .49 %","   .23 %","   .81 %","   .87 %","   .85 %","   .74 %","   .24 %"
"2020-10-25","   .12 %","  1.19 %","   .35 %","   .78 %","  2.21 %","","  1.34 %","  1.13 %","","   .83 %","   .76 %","   .21 %","   .09 %","   .69 %","  1.44 %","   .24 %","   .81 %","   .11 %","   .27 %","   .92 %","   .77 %","  1.33 %","   .45 %","   .22 %"
"2020-10-26","   .23 %","   .79 %","   .81 %","   .83 %","   .72 %","","  1.25 %","  1.29 %","","  1.00 %","   .23 %","   .00 %","   .17 %","   .23 %","  1.66 %","   .08 %","   .50 %","   .07 %","   .14 %","   .99 %","   .76 %","   .81 %","   .48 %","   .52 %"
"2020-10-27","   .32 %","   .92 %","   .92 %","   .79 %","   .17 %","","  1.24 %","  1.21 %","","  1.53 %","  1.21 %","   .00 %","   .27 %","   .35 %","   .98 %","   .88 %","   .62 %","   .47 %","   .39 %","  1.12 %","  1.07 %","   .94 %","   .38 %","   .30 %"
"2020-10-28","   .35 %","  1.49 %","  2.61 %","   .86 %","  1.19 %","","  1.40 %","  1.69 %","","  1.69 %","   .82 %","   .10 %","   .24 %","   .23 %","  1.62 %","   .63 %","  1.01 %","   .31 %","   .23 %","  1.47 %","  1.29 %","  1.47 %","   .47 %","   .28 %"
"2020-10-29","   .19 %","  1.28 %","  1.99 %","  1.00 %","   .03 %","","  1.38 %","  2.02 %","","   .99 %","  1.33 %","   .66 %","   .18 %","   .84 %","  1.84 %","   .32 %","   .73 %","   .55 %","   .33 %","  1.24 %","  1.35 %","  1.31 %","   .68 %","   .20 %"
"2020-10-30","   .27 %","  1.02 %","  2.17 %","  1.09 %","  1.11 %","","  1.37 %","  2.03 %","","  1.64 %","   .22 %","   .10 %","   .67 %","   .47 %","  1.42 %","   .39 %","   .45 %","   .65 %","   .29 %","  1.10 %","  1.38 %","  1.77 %","   .70 %","   .22 %"
"2020-10-31","   .27 %","  1.52 %","  2.55 %","  1.13 %","   .77 %","","  1.69 %","  2.06 %","","  1.48 %","   .55 %","   .62 %","   .27 %","   .53 %","  1.52 %","   .23 %","   .78 %","   .36 %","   .15 %","   .95 %","  1.47 %","  1.00 %","  1.02 %","   .18 %"
"2020-11-01","   .23 %","  1.18 %","  1.55 %","  1.17 %","  1.98 %","","  1.76 %","  1.92 %","","  1.29 %","  1.19 %","   .34 %","   .19 %","   .36 %","   .91 %","   .23 %","   .36 %","   .32 %","   .29 %","   .53 %","   .96 %","  1.11 %","   .87 %","   .26 %"
"2020-11-02","   .26 %","  1.74 %","   .92 %","   .87 %","  1.49 %","","  1.30 %","  1.54 %","","  2.21 %","  1.39 %","   .20 %","   .34 %","   .45 %","  1.30 %","   .08 %","   .62 %","   .20 %","   .22 %","  1.47 %","   .79 %","  1.08 %","   .76 %","   .55 %"
"2020-11-03","   .31 %","  1.58 %","  1.82 %","  1.15 %","  1.05 %","","  1.49 %","  1.83 %","","  1.27 %","  1.20 %","  1.53 %","   .35 %","   .64 %","   .69 %","   .47 %","   .53 %","   .61 %","   .26 %","  1.09 %","   .87 %","  1.40 %","   .31 %","   .23 %"
"2020-11-04","   .31 %","  1.78 %","   .79 %","  1.37 %","   .03 %","","  1.95 %","  2.87 %","","  1.39 %","   .28 %","   .03 %","   .36 %","   .46 %","  1.20 %","   .46 %","   .32 %","   .46 %","   .20 %","   .71 %","   .93 %","  1.90 %","   .79 %","   .10 %"
"2020-11-05","   .24 %","   .81 %","","  1.41 %","  2.52 %","","  1.73 %","  1.77 %","","  1.29 %","  1.56 %","   .57 %","   .33 %","   .95 %","  1.22 %","   .93 %","  1.11 %","   .69 %","   .53 %","  1.34 %","   .97 %","  1.08 %","  1.25 %","   .45 %"
"2020-11-06","   .37 %","  1.69 %","  2.27 %","  1.68 %","  1.57 %","","  2.16 %","  1.89 %","","  1.04 %","  1.30 %","   .76 %","   .43 %","   .38 %","  1.19 %","   .61 %","   .20 %","   .94 %","   .64 %","  1.26 %","  1.23 %","  1.62 %","   .52 %","   .27 %"
"2020-11-07","   .28 %","  1.56 %","   .48 %","  1.54 %","   .30 %","","  1.57 %","  2.34 %","","  1.93 %","   .03 %","   .13 %","   .58 %","   .20 %","   .38 %","   .61 %","  1.24 %","   .81 %","   .39 %","  1.31 %","  1.26 %","  1.38 %","   .86 %","   .17 %"
"2020-11-08","   .44 %","  1.44 %","  1.25 %","  1.41 %","  1.78 %","","  2.85 %","  1.50 %","","  1.59 %","   .07 %","  1.45 %","   .28 %","   .25 %","  1.45 %","   .08 %","   .51 %","   .89 %","   .40 %","   .90 %","  1.22 %","  1.33 %","   .67 %","   .17 %"
"2020-11-09","   .27 %","  1.38 %","   .57 %","  2.03 %","  1.81 %","","  2.01 %","  2.43 %","","   .87 %","   .17 %","   .06 %","   .35 %","   .42 %","  1.43 %","   .75 %","   .54 %","   .87 %","   .63 %","  1.14 %","  1.29 %","  1.63 %","   .75 %","   .36 %"
"2020-11-10","   .42 %","  2.55 %","  2.26 %","  1.79 %","  1.84 %","","  2.01 %","  1.60 %","","  1.43 %","  3.94 %","   .36 %","   .72 %","   .30 %","  1.47 %","   .97 %","   .39 %","   .92 %","   .42 %","  1.31 %","  1.64 %","   .84 %","   .84 %","   .29 %"
"2020-11-11","   .36 %","  1.08 %","  2.95 %","  1.89 %","  2.15 %","","  2.01 %","  1.95 %","","  1.50 %","  2.17 %","   .06 %","   .39 %","   .57 %","   .78 %","   .82 %","   .17 %","   .88 %","   .67 %","  1.12 %","  1.20 %","  1.61 %","  1.35 %","   .17 %"
"2020-11-12","   .48 %","  3.86 %","  1.61 %","  2.01 %","  1.63 %","","  1.88 %","  2.31 %","","  1.48 %","  1.27 %","   .48 %","   .84 %","   .43 %","  1.70 %","   .37 %","   .22 %","   .93 %","   .50 %","  1.05 %","  1.35 %","  1.47 %","  1.45 %","   .25 %"
"2020-11-13","   .59 %","  1.80 %","  1.06 %","  2.08 %","  1.41 %","","  2.12 %","  1.66 %","","  1.51 %","  1.50 %","   .26 %","   .50 %","   .62 %","  1.31 %","   .66 %","   .28 %","   .51 %","   .84 %","  1.10 %","  1.38 %","  1.55 %","   .86 %","   .38 %"
"2020-11-14","   .69 %","  1.34 %","   .35 %","  2.01 %","  1.74 %","","  1.31 %","  1.52 %","","   .74 %","  1.11 %","   .61 %","   .54 %","   .55 %","  1.17 %","   .36 %","   .75 %","   .50 %","   .59 %","   .82 %","   .88 %","  1.10 %","   .00 %","   .28 %"
"2020-11-15","   .19 %","   .79 %","   .09 %","  2.04 %","  1.20 %","","  1.32 %","  1.25 %","","  1.40 %","   .24 %","   .00 %","   .19 %","   .20 %","   .74 %","   .22 %","   .77 %","   .31 %","   .44 %","   .29 %","  1.00 %","   .53 %","  1.21 %","   .19 %"
"2020-11-16","   .44 %","  1.69 %","   .52 %","  2.01 %","   .21 %","","  1.39 %","   .42 %","","   .95 %","  1.25 %","   .96 %","   .40 %","   .25 %","   .73 %","   .29 %","   .52 %","   .67 %","   .61 %","  1.44 %","   .62 %","  1.33 %","  1.18 %","   .38 %"
"2020-11-17","   .86 %","   .75 %","  1.98 %","  2.30 %","   .58 %","","  1.47 %","  2.02 %","","  1.35 %","  1.86 %","   .54 %","   .79 %","   .28 %","   .47 %","   .07 %","   .55 %","  1.05 %","   .29 %","   .57 %","   .84 %","   .85 %","   .68 %","   .41 %"
"2020-11-18","   .76 %","  1.24 %","   .76 %","  1.80 %","  1.55 %","","  1.63 %","  2.59 %","","  1.02 %","  1.24 %","   .13 %","   .60 %","   .53 %","   .69 %","   .07 %","  1.41 %","   .34 %","   .44 %","  1.14 %","  1.11 %","  1.06 %","   .90 %","   .28 %"
"2020-11-19","   .73 %","   .67 %","   .92 %","  1.43 %","   .85 %","","  1.57 %","  1.17 %","","   .77 %","  1.02 %","   .78 %","   .50 %","   .59 %","   .59 %","   .94 %","   .19 %","  1.08 %","   .35 %","  1.14 %","   .83 %","   .97 %","  1.11 %","   .60 %"
"2020-11-20","   .92 %","  1.75 %","   .58 %","  2.54 %","  1.33 %","","  1.90 %","  2.05 %","","   .57 %","  2.37 %","   .62 %","   .44 %","   .52 %","   .78 %","  1.50 %","  1.07 %","   .88 %","   .99 %","   .97 %","  1.11 %","   .83 %","  1.37 %","   .28 %"
"2020-11-21","   .58 %","   .91 %","  1.08 %","  1.77 %","  1.04 %","","  2.20 %","  1.25 %","","  1.24 %","   .76 %","   .34 %","   .65 %","   .56 %","   .45 %","  1.90 %","  1.35 %","   .76 %","   .68 %","   .29 %","  1.04 %","  1.19 %","   .92 %","   .33 %"
"2020-11-22","   .57 %","  1.21 %","  1.88 %","  1.65 %","  1.30 %","","  1.49 %","  1.10 %","","  1.16 %","   .53 %","   .55 %","   .67 %","   .65 %","   .33 %","  1.93 %","   .50 %","   .91 %","   .61 %","   .26 %","   .67 %","   .68 %","  1.06 %","   .29 %"
"2020-11-23","   .56 %","   .66 %","  1.37 %","  1.57 %","  1.13 %","","  1.96 %","   .92 %","","   .80 %","  1.50 %","   .15 %","   .63 %","   .28 %","  1.08 %","   .88 %","   .60 %","   .44 %","   .69 %","  2.15 %","  1.37 %","   .62 %","  1.09 %","   .64 %"
"2020-11-24","   .42 %","   .83 %","   .63 %","  1.49 %","   .98 %","","  1.82 %","  1.11 %","","  1.20 %","   .36 %","   .73 %","   .82 %","   .46 %","   .41 %","   .67 %","   .26 %","   .17 %","   .45 %","  1.19 %","   .96 %","   .62 %","   .48 %","   .58 %"
"2020-11-25","   .63 %","  1.33 %","  1.10 %","  1.28 %","   .19 %","","  1.44 %","   .98 %","","  1.16 %","  1.04 %","   .42 %","   .77 %","   .31 %","   .44 %","   .73 %","   .31 %","   .69 %","   .61 %","   .94 %","   .91 %","  1.14 %","   .80 %","   .31 %"
"2020-11-26","   .33 %","  1.05 %","  1.17 %","  1.19 %","   .65 %","","  1.50 %","   .50 %","","  1.09 %","  1.76 %","   .73 %","   .78 %","   .60 %","   .13 %","   .79 %","   .36 %","   .31 %","  1.05 %","   .93 %","   .92 %","   .68 %","   .81 %","   .14 %"
"2020-11-27","   .98 %","   .60 %","   .38 %","  1.20 %","   .84 %","","  1.48 %","  1.03 %","","   .81 %","   .96 %","   .57 %","   .46 %","   .60 %","   .32 %","   .33 %","   .56 %","   .46 %","   .53 %","   .79 %","  1.01 %","   .57 %","   .60 %","   .36 %"
"2020-11-28","   .28 %","   .60 %","   .15 %","   .98 %","   .48 %","","  1.39 %","   .87 %","","  1.11 %","   .50 %","   .89 %","   .70 %","   .44 %","   .14 %","   .65 %","   .33 %","  1.13 %","   .52 %","   .71 %","   .92 %","   .78 %","   .63 %","   .18 %"
"2020-11-29","   .54 %","   .74 %","   .38 %","   .96 %","   .76 %","","   .98 %","   .84 %","","  1.04 %","  1.73 %","   .33 %","   .52 %","   .72 %","   .11 %","   .26 %","   .66 %","   .74 %","   .68 %","   .53 %","   .61 %","   .50 %","   .90 %","   .36 %"
"2020-11-30","   .47 %","   .57 %","   .99 %","   .84 %","   .45 %","","  1.01 %","   .65 %","","   .73 %","   .90 %","   .53 %","   .35 %","   .57 %","   .19 %","   .13 %","   .53 %","   .21 %","   .17 %","   .39 %","   .83 %","   .47 %","   .85 %","   .86 %"
"2020-12-01","   .36 %","   .43 %","   .60 %","   .97 %","  1.82 %","","  1.00 %","   .43 %","","   .53 %","  1.43 %","  1.00 %","   .52 %","   .41 %","   .72 %","   .52 %","   .63 %","  1.02 %","   .83 %","   .56 %","   .84 %","   .60 %","   .57 %","  1.06 %"
"2020-12-26","   .17 %","   .11 %","   .23 %","   .10 %","   .00 %","","   .20 %","   .11 %","","   .19 %","   .35 %","   .03 %","   .28 %","   .36 %","   .03 %","   .06 %","   .07 %","   .25 %","   .22 %","   .04 %","   .06 %","   .12 %","   .23 %","   .49 %"
"2020-12-27","   .35 %","   .05 %","   .22 %","   .12 %","   .14 %","","   .14 %","   .06 %","","   .12 %","   .30 %","   .12 %","   .22 %","   .28 %","   .09 %","   .06 %","   .20 %","   .41 %","   .17 %","   .00 %","   .11 %","   .08 %","   .12 %","   .33 %"
"2020-12-28","   .27 %","   .11 %","   .07 %","   .12 %","   .16 %","","   .16 %","   .06 %","","   .10 %","   .30 %","   .32 %","   .14 %","   .22 %","   .03 %","   .39 %","   .07 %","   .15 %","   .23 %","   .08 %","   .11 %","   .05 %","   .08 %","   .51 %"
"2020-12-29","   .14 %","   .07 %","   .52 %","   .11 %","   .00 %","","   .19 %","   .13 %","","   .06 %","   .52 %","   .12 %","   .32 %","   .26 %","   .08 %","   .58 %","   .20 %","   .29 %","   .08 %","   .09 %","   .34 %","   .11 %","   .12 %","   .36 %"
"2020-12-30","   .30 %","   .09 %","   .15 %","   .11 %","   .25 %","","   .19 %","   .03 %","","   .15 %","   .25 %","   .20 %","   .15 %","   .17 %","   .05 %","   .00 %","   .25 %","   .21 %","   .13 %","   .29 %","   .07 %","   .04 %","   .17 %","   .50 %"
"2020-12-31","   .09 %","   .02 %","   .22 %","   .07 %","   .11 %","","   .12 %","   .08 %","","   .10 %","   .52 %","   .12 %","   .16 %","   .10 %","   .03 %","   .06 %","   .05 %","   .24 %","   .09 %","   .04 %","   .05 %","   .14 %","   .14 %","   .36 %"
"2021-01-01","   .19 %","   .39 %","   .07 %","   .07 %","   .05 %","","   .13 %","   .01 %","","   .06 %","   .12 %","   .12 %","   .18 %","   .11 %","   .06 %","   .06 %","   .22 %","   .25 %","   .20 %","   .06 %","   .07 %","   .00 %","   .17 %","   .29 %"
"2021-01-02","   .23 %","   .02 %","   .22 %","   .05 %","   .11 %","","   .13 %","   .03 %","","   .06 %","   .07 %","   .11 %","   .16 %","   .14 %","   .02 %","   .06 %","   .02 %","   .22 %","   .20 %","   .02 %","   .06 %","   .08 %","   .08 %","   .26 %"
"2021-01-03","   .14 %","   .04 %","   .15 %","   .07 %","   .02 %","","   .12 %","   .04 %","","   .04 %","   .20 %","   .06 %","   .14 %","   .17 %","   .02 %","","   .12 %","   .21 %","   .07 %","   .04 %","   .05 %","   .03 %","   .08 %","   .17 %"
"2021-01-04","   .16 %","   .02 %","   .15 %","   .07 %","   .07 %","","   .13 %","   .12 %","","   .04 %","   .37 %","   .17 %","   .10 %","   .08 %","   .09 %","   .13 %","   .07 %","   .10 %","   .00 %","   .05 %","   .11 %","   .09 %","   .09 %","   .22 %"
"2021-01-05","   .24 %","   .37 %","   .00 %","   .07 %","   .02 %","","   .07 %","   .04 %","","   .02 %","   .17 %","   .14 %","   .12 %","   .06 %","   .02 %","   .06 %","","   .36 %","   .36 %","   .04 %","   .15 %","   .09 %","   .06 %","   .14 %"
"2021-01-06","   .11 %","   .05 %","   .07 %","   .09 %","   .18 %","","   .19 %","   .06 %","","   .04 %","   .20 %","   .31 %","   .11 %","   .14 %","   .02 %","   .06 %","   .07 %","   .38 %","   .10 %","   .06 %","   .12 %","   .13 %","   .05 %","   .32 %"
"2021-01-07","   .14 %","","   .44 %","   .09 %","   .07 %","","   .16 %","   .01 %","","   .08 %","   .15 %","   .23 %","   .15 %","   .11 %","   .00 %","   .13 %","   .02 %","   .23 %","   .14 %","   .01 %","   .04 %","   .12 %","   .13 %","   .32 %"
"2021-01-08","   .21 %","","   .07 %","   .12 %","   .00 %","","   .12 %","   .05 %","","   .06 %","   .22 %","   .14 %","   .13 %","   .11 %","   .00 %","   .06 %","","   .37 %","   .14 %","   .04 %","   .14 %","   .01 %","   .14 %","   .24 %"
"2021-01-09","   .14 %","","   .07 %","   .09 %","   .02 %","","   .17 %","   .03 %","","   .10 %","   .27 %","   .06 %","   .11 %","   .15 %","   .03 %","   .00 %","   .10 %","   .25 %","   .12 %","   .03 %","   .21 %","   .04 %","   .08 %","   .18 %"
"2021-01-10","   .10 %","","   .07 %","   .09 %","   .14 %","","   .14 %","   .06 %","","   .04 %","   .12 %","   .03 %","   .19 %","   .06 %","   .02 %","   .06 %","   .02 %","   .16 %","   .08 %","   .06 %","   .05 %","   .00 %","   .14 %","   .15 %"
"2021-01-11","   .07 %","","   .07 %","   .09 %","   .05 %","","   .14 %","   .05 %","","   .12 %","   .07 %","   .11 %","   .12 %","   .19 %","   .03 %","   .13 %","   .00 %","   .22 %","   .07 %","   .03 %","   .03 %","   .04 %","   .15 %","   .28 %"
"2021-01-12","   .05 %","","   .07 %","   .08 %","   .09 %","","   .11 %","   .05 %","","   .02 %","","   .11 %","   .17 %","   .09 %","   .00 %","   .19 %","   .00 %","   .16 %","   .04 %","   .03 %","   .07 %","   .09 %","   .04 %","   .15 %"
"2021-01-13","   .08 %","   .12 %","   .00 %","   .09 %","   .11 %","","   .10 %","   .06 %","","   .00 %","   .17 %","   .11 %","   .19 %","   .19 %","   .02 %","","   .02 %","   .16 %","   .03 %","   .02 %","   .05 %","   .13 %","   .06 %","   .23 %"
"2021-01-14","   .09 %","   .05 %","   .07 %","   .08 %","   .02 %","","   .07 %","   .00 %","","   .10 %","   .22 %","   .11 %","   .19 %","   .14 %","   .00 %","   .00 %","   .05 %","   .18 %","   .03 %","   .02 %","   .04 %","   .04 %","   .10 %","   .20 %"
"2021-01-15","   .10 %","   .02 %","","   .07 %","   .00 %","","   .05 %","   .06 %","","   .00 %","   .17 %","   .03 %","   .07 %","   .13 %","   .00 %","   .00 %","   .17 %","   .25 %","   .01 %","   .01 %","   .08 %","   .04 %","   .04 %","   .13 %"
"2021-01-16","   .08 %","   .07 %","   .00 %","   .05 %","   .00 %","","   .07 %","   .01 %","","   .02 %","   .00 %","   .03 %","   .13 %","   .10 %","   .02 %","   .00 %","   .05 %","   .24 %","   .19 %","   .02 %","   .11 %","   .03 %","   .04 %","   .15 %"
"2021-01-17","   .06 %","   .00 %","   .00 %","   .06 %","   .02 %","","   .09 %","   .03 %","","   .02 %","   .41 %","   .11 %","   .09 %","   .09 %","   .02 %","","   .07 %","   .25 %","   .03 %","   .02 %","   .05 %","   .07 %","   .10 %","   .07 %"
"2021-01-18","   .03 %","   .02 %","   .00 %","   .05 %","   .09 %","","   .06 %","   .00 %","","   .00 %","   .05 %","   .00 %","   .06 %","   .06 %","   .03 %","   .00 %","","   .10 %","   .03 %","   .01 %","   .02 %","   .16 %","   .05 %","   .15 %"
"2021-01-19","   .13 %","   .02 %","   .00 %","   .05 %","   .00 %","","   .06 %","   .00 %","","   .10 %","   .12 %","   .14 %","   .10 %","   .06 %","   .02 %","   .06 %","   .00 %","   .27 %","   .06 %","   .03 %","   .02 %","   .12 %","   .01 %","   .15 %"
"2021-01-20","   .06 %","   .02 %","","   .04 %","","","   .03 %","   .00 %","","   .04 %","   .00 %","   .03 %","   .09 %","   .10 %","   .05 %","","","   .19 %","   .00 %","   .01 %","   .05 %","   .04 %","   .02 %","   .16 %"
"2021-01-21","   .08 %","   .02 %","","   .04 %","   .02 %","","   .08 %","   .01 %","","   .00 %","   .02 %","   .25 %","   .09 %","   .09 %","   .02 %","","   .05 %","   .21 %","","   .01 %","   .01 %","   .01 %","   .04 %","   .15 %"
"2021-01-22","   .14 %","   .03 %","   .00 %","   .06 %","","","   .05 %","   .01 %","","   .00 %","   .02 %","   .11 %","   .08 %","   .06 %","   .02 %","","   .02 %","   .16 %","   .00 %","   .01 %","   .05 %","   .01 %","   .02 %","   .13 %"
"2021-01-23","   .13 %","   .03 %","   .00 %","   .06 %","   .05 %","","   .05 %","   .02 %","","   .00 %","   .02 %","   .06 %","   .07 %","   .02 %","","","   .00 %","   .10 %","   .24 %","   .01 %","   .05 %","   .01 %","   .04 %","   .20 %"
"2021-01-24","   .06 %","","   .00 %","   .05 %","","","   .08 %","   .01 %","","   .04 %","   .14 %","   .06 %","   .11 %","   .12 %","   .02 %","","   .02 %","   .10 %","   .04 %","   .00 %","   .07 %","   .00 %","   .00 %","   .10 %"
"2021-01-25","   .06 %","   .03 %","   .00 %","   .05 %","   .02 %","","   .05 %","   .01 %","","   .17 %","","   .00 %","   .04 %","   .15 %","   .00 %","","   .00 %","   .14 %","   .03 %","   .00 %","   .02 %","   .00 %","   .08 %","   .10 %"
"2021-01-26","   .05 %","   .00 %","","   .04 %","   .02 %","","   .07 %","   .01 %","","   .00 %","   .07 %","","   .06 %","   .04 %","   .00 %","","   .00 %","   .11 %","   .02 %","   .00 %","   .02 %","   .01 %","   .01 %","   .15 %"
"2021-01-27","   .08 %","   .02 %","   .00 %","   .03 %","   .00 %","","   .04 %","   .03 %","","","   .07 %","   .03 %","   .06 %","   .05 %","   .00 %","","","   .10 %","   .01 %","   .04 %","   .01 %","   .03 %","   .01 %","   .13 %"
"2021-01-28","   .03 %","   .03 %","   .07 %","   .02 %","","","   .04 %","   .06 %","","   .10 %","","   .17 %","   .09 %","   .01 %","","","   .02 %","   .10 %","","   .01 %","   .08 %","   .03 %","   .01 %","   .15 %"
"2021-01-29","   .03 %","","   .00 %","   .03 %","   .00 %","","   .08 %","   .00 %","","   .00 %","   .07 %","   .06 %","   .10 %","   .04 %","   .00 %","   .06 %","","   .11 %","   .08 %","   .00 %","   .05 %","   .04 %","   .01 %","   .10 %"
"2021-01-30","   .06 %","   .00 %","   .00 %","   .04 %","   .00 %","","   .07 %","   .02 %","   .00 %","   .00 %","   .14 %","   .00 %","   .06 %","   .06 %","   .00 %","   .00 %","   .02 %","   .11 %","   .03 %","   .00 %","   .01 %","   .01 %","   .00 %","   .08 %"
"2021-01-31","   .03 %","   .00 %","   .00 %","   .02 %","   .02 %","","   .03 %","   .01 %","","   .06 %","   .07 %","   .11 %","   .07 %","   .06 %","   .02 %","","   .00 %","   .08 %","   .03 %","","   .04 %","   .01 %","   .07 %","   .21 %"
"2021-02-01","   .04 %","   .05 %","","   .02 %","   .07 %","","   .06 %","   .01 %","","   .02 %","   .00 %","   .03 %","   .06 %","   .04 %","   .02 %","","   .00 %","   .10 %","   .05 %","   .01 %","   .04 %","   .04 %","   .00 %","   .11 %"
"2021-02-02","   .02 %","   .00 %","","   .02 %","","","   .06 %","   .00 %","","","   .02 %","   .28 %","   .05 %","   .04 %","   .02 %","","   .02 %","   .13 %","   .00 %","   .00 %","   .01 %","   .00 %","   .02 %","   .05 %"
"2021-02-03","   .03 %","   .03 %","","   .01 %","","","   .03 %","   .01 %","","   .02 %","   .07 %","   .03 %","   .06 %","   .14 %","","","","   .09 %","   .02 %","   .01 %","   .01 %","   .03 %","   .01 %","   .06 %"
"2021-02-04","   .06 %","   .00 %","","   .02 %","   .00 %","","   .03 %","   .01 %","","","","   .08 %","   .05 %","   .07 %","","   .06 %","","   .15 %","   .01 %","","   .03 %","   .01 %","   .03 %","   .06 %"
"2021-02-05","   .05 %","   .02 %","","   .01 %","","","   .04 %","   .00 %","","   .08 %","   .02 %","   .06 %","   .05 %","   .06 %","","   .06 %","","   .19 %","   .06 %","","   .02 %","   .05 %","   .00 %","   .05 %"
"2021-02-06","   .01 %","   .02 %","","   .03 %","   .05 %","","   .03 %","   .02 %","","   .08 %","   .00 %","   .00 %","   .05 %","   .05 %","","","   .02 %","   .12 %","   .04 %","   .00 %","","   .04 %","","   .08 %"
"2021-02-07","   .05 %","","","   .02 %","","","   .03 %","   .01 %","","","   .02 %","   .14 %","   .05 %","   .02 %","","","   .00 %","   .08 %","   .07 %","","   .01 %","   .01 %","   .04 %","   .03 %"
"2021-02-08","   .03 %","   .02 %","","   .02 %","   .04 %","","   .04 %","   .02 %","","   .10 %","   .09 %","   .06 %","   .03 %","   .04 %","   .00 %","   .13 %","   .02 %","   .07 %","   .01 %","   .01 %","   .01 %","   .00 %","   .01 %","   .08 %"
"2021-02-09","   .03 %","   .03 %","   .07 %","   .02 %","   .00 %","","   .04 %","   .01 %","","   .15 %","","   .06 %","   .04 %","   .09 %","   .00 %","   .06 %","   .02 %","   .10 %","   .13 %","","   .03 %","   .04 %","   .01 %","   .05 %"
"2021-02-10","   .03 %","","","   .00 %","   .00 %","","   .05 %","   .01 %","","   .15 %","   .07 %","   .08 %","   .02 %","   .06 %","","","   .02 %","   .07 %","   .04 %","   .00 %","   .03 %","   .04 %","","   .05 %"
"2021-02-11","   .01 %","   .05 %","","   .03 %","   .02 %","","   .07 %","   .03 %","","   .19 %","","   .08 %","   .08 %","   .06 %","","","","   .08 %","   .06 %","","   .00 %","   .01 %","   .01 %","   .10 %"
"2021-02-12","   .05 %","   .00 %","","   .03 %","   .02 %","","   .06 %","   .00 %","","   .17 %","   .12 %","   .00 %","   .08 %","   .05 %","","","   .00 %","   .13 %","   .00 %","   .00 %","   .01 %","   .04 %","   .01 %","   .18 %"
"2021-02-13","   .02 %","   .03 %","","   .01 %","","","   .04 %","   .02 %","","","","   .08 %","   .08 %","   .09 %","","   .00 %","","   .10 %","   .05 %","","   .01 %","   .01 %","","   .24 %"
"2021-02-14","   .06 %","","","   .01 %","   .00 %","","   .04 %","   .00 %","","   .00 %","   .07 %","   .03 %","   .08 %","   .05 %","","","","   .08 %","   .07 %","","   .01 %","   .00 %","   .03 %","   .18 %"
"2021-02-15","   .05 %","   .03 %","","   .00 %","   .02 %","","   .07 %","   .01 %","","","","   .08 %","   .04 %","   .10 %","   .00 %","   .06 %","   .05 %","   .12 %","   .08 %","   .01 %","   .03 %","   .01 %","   .03 %","   .18 %"
"2021-02-16","   .03 %","   .00 %","   .07 %","   .02 %","","","   .05 %","   .00 %","","   .02 %","   .02 %","   .00 %","   .12 %","   .02 %","","","","   .07 %","   .16 %","","   .01 %","   .00 %","   .02 %","   .13 %"
"2021-02-17","   .04 %","","","   .03 %","   .00 %","","   .03 %","   .03 %","","","   .00 %","   .19 %","   .11 %","   .11 %","","   .06 %","   .02 %","   .07 %","   .03 %","   .01 %","   .00 %","   .00 %","   .01 %","   .03 %"
"2021-02-18","   .03 %","   .03 %","   .07 %","   .02 %","","","   .03 %","   .00 %","","","","   .06 %","   .13 %","   .11 %","","","","   .09 %","   .08 %","","   .01 %","   .01 %","   .01 %","   .10 %"
"2021-02-19","   .05 %","   .03 %","","   .02 %","   .04 %","","   .04 %","   .02 %","","","   .05 %","   .06 %","   .12 %","   .15 %","","   .06 %","","   .16 %","   .02 %","","   .01 %","","   .01 %","   .05 %"
"2021-02-20","   .09 %","","   .07 %","   .02 %","","","   .05 %","   .00 %","","   .02 %","   .02 %","   .06 %","   .23 %","   .13 %","","","","   .17 %","   .03 %","   .00 %","   .01 %","   .00 %","   .01 %","   .11 %"
"2021-02-21","   .08 %","","","   .02 %","   .04 %","","   .06 %","   .04 %","","   .04 %","   .02 %","   .08 %","   .14 %","   .24 %","","   .06 %","","   .09 %","   .06 %","","","   .03 %","   .00 %","   .08 %"
"2021-02-22","   .12 %","   .00 %","   .00 %","   .03 %","   .02 %","","   .04 %","   .01 %","","   .02 %","   .00 %","   .11 %","   .09 %","   .09 %","","   .00 %","","   .10 %","   .06 %","   .01 %","   .01 %","   .01 %","   .03 %","   .14 %"
"2021-02-23","   .06 %","   .05 %","","   .02 %","   .02 %","","   .09 %","   .01 %","","   .06 %","","   .11 %","   .23 %","   .08 %","","","","   .09 %","   .03 %","","   .00 %","   .00 %","   .04 %","   .11 %"
"2021-02-24","   .08 %","   .03 %","   .00 %","   .02 %","   .07 %","","   .07 %","   .01 %","","","   .09 %","   .05 %","   .16 %","   .19 %","","","","   .10 %","   .08 %","   .00 %","   .00 %","   .00 %","   .01 %","   .10 %"
"2021-02-25","   .17 %","   .05 %","","   .01 %","","","   .07 %","   .02 %","","   .02 %","   .07 %","   .19 %","   .31 %","   .25 %","","   .06 %","","   .15 %","   .10 %","   .01 %","   .01 %","","   .01 %","   .11 %"
"2021-02-26","   .10 %","","","   .02 %","   .02 %","","   .06 %","   .00 %","","","   .02 %","   .25 %","   .29 %","   .28 %","","","   .05 %","   .22 %","   .04 %","","   .02 %","   .01 %","   .01 %","   .08 %"
"2021-02-27","   .18 %","   .02 %","","   .02 %","","","   .12 %","   .02 %","","   .00 %","   .07 %","   .03 %","   .31 %","   .35 %","","   .00 %","","   .21 %","   .05 %","","","   .08 %","   .03 %","   .08 %"
"2021-02-28","   .19 %","   .02 %","","   .02 %","   .04 %","","   .11 %","   .03 %","","   .02 %","   .12 %","   .14 %","   .11 %","   .24 %","","","   .05 %","   .10 %","   .10 %","","   .01 %","   .03 %","   .03 %","   .11 %"
"2021-03-01","   .13 %","","   .07 %","   .01 %","   .04 %","","   .07 %","   .04 %","","   .00 %","","   .22 %","   .20 %","   .38 %","","","   .00 %","   .08 %","   .19 %","   .00 %","   .02 %","   .00 %","   .01 %","   .14 %"
"2021-03-02","   .16 %","","   .07 %","   .03 %","   .00 %","","   .09 %","   .01 %","","","   .05 %","   .05 %","   .19 %","   .37 %","","   .00 %","   .00 %","   .17 %","   .06 %","","   .01 %","   .01 %","   .02 %","   .19 %"
"2021-03-03","   .16 %","   .03 %","","   .05 %","   .02 %","","   .08 %","   .01 %","","   .02 %","   .07 %","   .35 %","   .42 %","   .44 %","   .02 %","","","   .22 %","   .14 %","","   .01 %","   .03 %","   .02 %","   .19 %"
"2021-03-04","   .31 %","   .00 %","   .07 %","   .04 %","   .13 %","","   .10 %","   .00 %","","","   .12 %","   .24 %","   .57 %","   .40 %","","   .06 %","","   .45 %","   .10 %","   .02 %","   .03 %","   .01 %","   .02 %","   .19 %"
"2021-03-05","   .13 %","   .03 %","","   .03 %","   .00 %","","   .10 %","   .01 %","","   .02 %","   .16 %","   .57 %","   .18 %","   .22 %","","   .06 %","   .00 %","   .42 %","   .23 %","","","   .03 %","   .04 %","   .17 %"
"2021-03-06","   .32 %","   .00 %","   .36 %","   .05 %","   .29 %","","   .09 %","   .02 %","","   .02 %","","   .24 %","   .54 %","   .49 %","","","","   .35 %","   .23 %","   .02 %","   .01 %","   .05 %","   .03 %","   .23 %"
"2021-03-07","   .26 %","   .10 %","   .07 %","   .03 %","","","   .12 %","   .01 %","","   .04 %","   .30 %","  1.02 %","   .42 %","   .34 %","   .02 %","","   .05 %","   .30 %","   .01 %","","   .02 %","   .03 %","   .02 %","   .39 %"
"2021-03-08","   .13 %","   .07 %","","   .05 %","   .07 %","","   .07 %","   .02 %","","   .00 %","   .23 %","   .58 %","   .26 %","   .21 %","","","   .00 %","   .23 %","   .06 %","","   .02 %","   .00 %","   .06 %","   .40 %"
"2021-03-09","   .36 %","   .03 %","","   .05 %","   .02 %","","   .14 %","   .01 %","","   .02 %","   .21 %","   .11 %","   .49 %","   .63 %","","   .19 %","   .00 %","   .44 %","   .07 %","","   .02 %","   .05 %","   .01 %","   .19 %"
"2021-03-10","   .27 %","   .02 %","","   .05 %","   .00 %","","   .15 %","   .02 %","","   .00 %","   .09 %","   .34 %","   .76 %","   .35 %","","","","   .55 %","   .05 %","   .02 %","   .02 %","   .04 %","   .07 %","   .28 %"
"2021-03-11","   .26 %","   .03 %","","   .05 %","   .00 %","","   .15 %","   .01 %","","   .06 %","   .32 %","   .76 %","  1.11 %","   .47 %","   .00 %","","","   .39 %","   .12 %","","   .05 %","   .07 %","   .05 %","   .43 %"
"2021-03-12","   .35 %","   .07 %","   .14 %","   .04 %","   .13 %","","   .16 %","   .01 %","","   .00 %","   .12 %","   .60 %","   .45 %","   .72 %","   .03 %","","","   .29 %","   .14 %","","   .04 %","   .04 %","   .01 %","   .44 %"
"2021-03-13","   .35 %","   .00 %","","   .08 %","   .07 %","","   .13 %","   .04 %","","   .00 %","   .07 %","   .03 %","   .86 %","   .59 %","","   .00 %","","   .61 %","   .09 %","   .00 %","   .03 %","   .01 %","   .07 %","   .50 %"
"2021-03-14","   .43 %","   .03 %","","   .09 %","   .04 %","","   .12 %","   .04 %","","   .02 %","   .09 %","   .54 %","   .89 %","   .61 %","   .02 %","   .00 %","   .00 %","   .46 %","   .13 %","   .01 %","   .04 %","   .00 %","   .10 %","   .24 %"
"2021-03-15","   .16 %","   .05 %","","   .07 %","   .13 %","","   .15 %","   .02 %","","   .02 %","   .46 %","   .18 %","   .27 %","   .89 %","   .02 %","","","   .39 %","   .09 %","","   .09 %","   .15 %","   .07 %","   .89 %"
"2021-03-16","   .39 %","   .02 %","   .29 %","   .06 %","   .07 %","","   .16 %","   .04 %","","   .02 %","   .11 %","   .23 %","   .82 %","   .62 %","   .02 %","   .12 %","   .02 %","   .93 %","   .05 %","","   .02 %","   .22 %","   .11 %","   .74 %"
"2021-03-17","   .57 %","   .03 %","   .00 %","   .07 %","   .60 %","","   .18 %","   .03 %","","   .06 %","   .07 %","   .59 %","   .71 %","   .95 %","","","   .00 %","   .58 %","   .09 %","   .04 %","   .04 %","   .05 %","   .10 %","   .58 %"
"2021-03-18","   .78 %","   .02 %","   .07 %","   .12 %","   .24 %","","   .19 %","   .01 %","","   .06 %","   .62 %","   .38 %","   .82 %","   .93 %","   .03 %","   .00 %","   .07 %","   .44 %","   .25 %","   .05 %","   .09 %","   .07 %","   .04 %","   .67 %"
"2021-03-19","   .75 %","   .02 %","","   .08 %","   .07 %","","   .34 %","   .12 %","","   .06 %","   .50 %","   .74 %","   .98 %","   .92 %","   .00 %","","","  1.58 %","   .23 %","   .01 %","   .06 %","   .07 %","   .21 %","   .87 %"
"2021-03-20","   .92 %","   .05 %","","   .12 %","   .24 %","","   .26 %","   .10 %","","   .11 %","   .50 %","   .35 %","  1.05 %","  1.19 %","","","","   .80 %","   .09 %","","   .05 %","   .22 %","   .23 %","  1.01 %"
"2021-03-21","   .63 %","   .03 %","   .14 %","   .09 %","   .64 %","","   .33 %","   .07 %","","   .11 %","   .52 %","   .58 %","  1.20 %","  1.10 %","","","   .02 %","   .86 %","   .40 %","   .04 %","   .04 %","   .16 %","   .18 %","   .75 %"
"2021-03-22","   .75 %","   .02 %","","   .08 %","  1.07 %","","   .22 %","   .07 %","","   .06 %","  1.03 %","   .72 %","   .97 %","   .77 %","   .22 %","","   .02 %","   .72 %","   .39 %","   .07 %","   .07 %","   .18 %","   .28 %","  1.28 %"
"2021-03-23","   .98 %","   .07 %","   .00 %","   .10 %","   .13 %","","   .34 %","   .06 %","","   .04 %","   .13 %","  1.24 %","  1.15 %","   .82 %","","","   .00 %","   .81 %","   .23 %","   .04 %","   .13 %","   .21 %","   .13 %","  1.25 %"
"2021-03-24","  1.20 %","   .03 %","","   .16 %","   .52 %","","   .34 %","   .14 %","","   .26 %","   .22 %","   .22 %","  1.03 %","   .79 %","   .05 %","","   .15 %","   .86 %","   .37 %","   .02 %","   .19 %","   .31 %","   .25 %","  1.02 %"
"2021-03-25","   .70 %","   .00 %","   .22 %","   .21 %","   .84 %","","   .47 %","   .10 %","","   .13 %","   .93 %","   .81 %","   .82 %","   .92 %","","   .00 %","   .00 %","  1.04 %","   .01 %","   .04 %","   .20 %","   .26 %","   .21 %","  1.37 %"
"2021-03-26","   .85 %","   .02 %","   .07 %","   .15 %","   .51 %","","   .49 %","   .22 %","","   .26 %","   .88 %","  1.29 %","  1.63 %","   .80 %","   .09 %","","   .00 %","  1.17 %","  1.16 %","   .00 %","   .12 %","   .25 %","   .42 %","  1.20 %"
"2021-03-27","  1.33 %","   .14 %","   .21 %","   .20 %","   .76 %","","   .44 %","   .13 %","","   .09 %","  1.35 %","   .74 %","  1.73 %","  1.29 %","   .03 %","   .06 %","   .05 %","  1.34 %","   .55 %","","   .35 %","   .30 %","   .28 %","   .78 %"
"2021-03-28","  1.10 %","   .15 %","   .21 %","   .27 %","   .52 %","","   .58 %","   .08 %","","   .26 %","   .96 %","  1.02 %","  1.39 %","  1.12 %","   .08 %","","   .00 %","  1.47 %","   .32 %","   .05 %","   .14 %","   .31 %","   .33 %","   .94 %"
"2021-03-29","   .71 %","   .03 %","   .14 %","   .22 %","   .17 %","","   .50 %","   .18 %","","   .13 %","   .06 %","   .96 %","  1.21 %","   .23 %","   .02 %","","   .05 %","   .74 %","   .00 %","   .00 %","   .03 %","   .22 %","   .31 %","  1.34 %"
"2021-03-30","   .84 %","   .14 %","   .07 %","   .11 %","   .29 %","","   .29 %","   .06 %","","   .09 %","","   .49 %","   .60 %","  1.02 %","   .02 %","   .12 %","","   .87 %","  1.36 %","   .04 %","   .17 %","   .15 %","   .28 %","  1.27 %"
"2021-03-31","   .81 %","   .17 %","   .07 %","   .16 %","   .02 %","","   .49 %","   .11 %","","   .17 %","  2.08 %","   .28 %","  1.37 %","   .79 %","   .02 %","   .06 %","","   .78 %","   .11 %","   .04 %","   .10 %","   .28 %","   .04 %","  1.20 %"
"2021-04-01","   .92 %","   .17 %","   .14 %","   .25 %","   .93 %","","   .67 %","   .18 %","","   .35 %","   .62 %","   .88 %","  1.58 %","   .78 %","   .06 %","","   .10 %","  1.33 %","   .54 %","   .07 %","   .59 %","   .60 %","   .72 %","  1.06 %"
"2021-04-02","   .96 %","   .24 %","","   .34 %","   .56 %","","   .70 %","   .21 %","","   .46 %","  1.09 %","  2.45 %","  1.90 %","  1.12 %","   .06 %","   .12 %","   .05 %","  1.51 %","   .90 %","   .09 %","   .36 %","   .39 %","   .40 %","  1.61 %"
"2021-04-03","  1.03 %","   .46 %","   .21 %","   .32 %","  1.08 %","","  1.05 %","   .30 %","","   .48 %","  1.39 %","  1.41 %","  1.96 %","  1.18 %","   .11 %","","   .12 %","   .67 %","   .48 %","   .10 %","   .63 %","   .62 %","   .34 %","   .78 %"
"2021-04-04","   .84 %","   .27 %","   .35 %","   .34 %","   .06 %","","   .95 %","   .27 %","","   .69 %","   .68 %","   .13 %","  1.30 %","  1.27 %","   .08 %","   .12 %","   .29 %","  1.61 %","  1.31 %","   .04 %","   .44 %","   .39 %","   .50 %","  1.21 %"
"2021-04-05","  1.36 %","   .10 %","   .92 %","   .35 %","   .87 %","","   .99 %","   .30 %","","   .38 %","  2.22 %","   .82 %","  1.38 %","  1.58 %","   .12 %","   .06 %","   .12 %","   .98 %","   .54 %","   .09 %","   .36 %","   .40 %","   .46 %","  1.50 %"
"2021-04-06","   .77 %","   .13 %","   .42 %","   .54 %","   .72 %","","  1.02 %","   .30 %","","  1.01 %","  1.92 %","   .70 %","   .94 %","   .92 %","   .02 %","   .00 %","   .48 %","  1.33 %","   .78 %","   .25 %","   .42 %","   .58 %","   .66 %","  1.62 %"
"2021-04-07","   .93 %","   .45 %","   .21 %","   .63 %","   .66 %","","  1.02 %","   .35 %","","   .84 %","  2.15 %","   .20 %","  1.50 %","  1.50 %","   .06 %","   .12 %","   .07 %","   .83 %","  1.01 %","   .08 %","   .68 %","   .53 %","  1.17 %","  1.67 %"
"2021-04-08","  1.42 %","   .62 %","   .62 %","   .85 %","  1.19 %","","  1.22 %","   .70 %","","   .94 %","  1.26 %","  1.65 %","  1.89 %","  1.66 %","   .08 %","   .12 %","   .05 %","  1.84 %","   .67 %","   .27 %","   .14 %","   .87 %","   .61 %","  1.59 %"
"2021-04-09","   .53 %","   .75 %","   .48 %","   .60 %","  1.45 %","","  1.15 %","   .73 %","","  1.42 %","  3.34 %","  1.11 %","  1.85 %","  1.01 %","   .11 %","   .12 %","   .29 %","  1.72 %","   .80 %","   .41 %","   .19 %","  1.99 %","  1.17 %","  2.82 %"
"2021-04-10","   .86 %","   .46 %","   .21 %","   .44 %","  1.02 %","","  1.39 %","   .73 %","","  1.21 %","   .25 %","  1.64 %","  1.74 %","  1.57 %","   .05 %","   .25 %","   .12 %","  1.61 %","   .91 %","   .23 %","  1.03 %","   .93 %","  1.36 %","  1.87 %"
"2021-04-11","  1.27 %","   .81 %","   .75 %","   .98 %","   .93 %","","  1.72 %","  1.04 %","","  1.08 %","  2.47 %","  1.22 %","  1.67 %","  1.66 %","   .39 %","   .37 %","   .24 %","   .85 %","   .95 %","   .06 %","   .45 %","  1.10 %","  1.02 %","  1.63 %"
"2021-04-12","   .77 %","  1.17 %","   .48 %","  1.03 %","   .19 %","","  1.77 %","  1.05 %","","  1.52 %","  1.12 %","  2.54 %","  2.03 %","  1.22 %","   .28 %","   .61 %","   .62 %","  1.62 %","  1.36 %","   .36 %","   .77 %","  1.49 %","  1.49 %","  1.72 %"
"2021-04-13","   .93 %","   .87 %","   .68 %","   .90 %","  3.85 %","","  1.53 %","   .70 %","","  1.47 %","  1.99 %","  1.18 %","  1.97 %","  1.19 %","   .06 %","   .61 %","   .78 %","  1.98 %","  1.92 %","   .37 %","   .78 %","   .76 %","  1.58 %","  1.87 %"
"2021-04-14","  1.36 %","  1.76 %","  1.88 %","  1.79 %","  3.00 %","","  1.74 %","  1.49 %","","  2.63 %","  6.41 %","  1.13 %","  2.14 %","  1.28 %","   .61 %","  1.21 %","   .40 %","  1.93 %","  1.56 %","   .30 %","  1.51 %","  1.95 %","  2.45 %","  2.27 %"
"2021-04-15","  1.95 %","  1.46 %","  1.91 %","  1.70 %","  2.63 %","","  2.13 %","  2.13 %","","  2.00 %","  3.87 %","  4.08 %","  2.16 %","  1.02 %","   .84 %","   .90 %","  1.03 %","  2.16 %","  2.03 %","   .66 %","  1.77 %","  1.35 %","  2.08 %","  1.77 %"
"2021-04-16","  1.75 %","  1.56 %","  2.65 %","  2.02 %","  1.77 %","","  2.79 %","  1.59 %","","  2.32 %","  2.50 %","  1.74 %","  2.57 %","  1.95 %","   .38 %","  1.31 %","   .76 %","  2.11 %","  1.24 %","   .54 %","   .88 %","  2.24 %","  2.53 %","  1.42 %"
"2021-04-17","  1.11 %","  2.29 %","  1.07 %","  2.00 %","  3.78 %","","  3.61 %","  2.75 %","","  1.87 %","  4.06 %","  2.56 %","  2.66 %","  1.58 %","   .47 %","   .70 %","   .92 %","  2.30 %","  1.98 %","   .42 %","   .55 %","  2.51 %","  3.81 %","  2.21 %"
"2021-04-18","  1.40 %","  2.68 %","   .25 %","  1.98 %","  2.05 %","","  3.28 %","  2.75 %","","  1.76 %","  3.31 %","   .18 %","  2.72 %","  1.49 %","  1.23 %","  1.05 %","  1.02 %","  1.15 %","  1.62 %","   .36 %","  1.14 %","  2.26 %","  3.26 %","  1.65 %"
"2021-04-19","  1.35 %","  1.99 %","  2.86 %","  2.10 %","  3.22 %","","  2.39 %","  2.71 %","","  2.42 %","  3.93 %","  1.78 %","  1.14 %","  1.53 %","   .86 %","  1.32 %","   .72 %","  1.76 %","  2.69 %","   .74 %","  1.16 %","  1.23 %","  3.24 %","  1.75 %"
"2021-04-20","  1.40 %","  2.32 %","  3.02 %","  2.37 %","  2.44 %","","  3.03 %","  2.40 %","","  2.09 %","  2.79 %","   .60 %","  2.86 %","  2.11 %","   .77 %","  3.52 %","   .45 %","  1.87 %","  2.32 %","  1.10 %","   .80 %","  1.75 %","  3.24 %","  1.67 %"
"2021-04-21","  1.57 %","  2.93 %","  2.82 %","  2.49 %","  3.62 %","","  3.75 %","  3.24 %","","  1.98 %","  4.48 %","  1.86 %","  2.79 %","  1.73 %","   .89 %","  1.54 %","   .93 %","  1.28 %","  3.99 %","   .59 %","  1.32 %","  1.61 %","  4.96 %","  2.32 %"
"2021-04-22","  1.55 %","  2.55 %","  2.06 %","  2.44 %","  2.95 %","","  4.30 %","  2.74 %","","  2.30 %","  2.17 %","  2.99 %","  2.62 %","  1.73 %","   .83 %","  1.73 %","   .84 %","  2.78 %","  2.52 %","   .97 %","   .77 %","  1.07 %","  4.19 %","  1.60 %"
"2021-04-23","  1.48 %","  2.79 %","  2.24 %","  2.57 %","  3.79 %","","  5.01 %","  4.07 %","","  3.18 %","  4.04 %","  1.05 %","  2.97 %","  1.22 %","  1.94 %","  1.81 %","  1.46 %","  2.67 %","  2.71 %","   .91 %","   .60 %","  3.99 %","  4.32 %","  3.70 %"
"2021-04-24","  2.18 %","  2.15 %","  3.50 %","  2.64 %","  3.70 %","","  3.46 %","  3.79 %","","  2.90 %","  3.06 %","   .71 %","  2.70 %","  1.93 %","   .13 %","  1.10 %","  1.18 %","  1.45 %","  3.49 %","   .90 %","  1.66 %","  3.27 %","  3.63 %","  3.14 %"
"2021-04-25","  1.93 %","  2.16 %","  3.49 %","  2.63 %","  1.96 %","","  3.64 %","  4.01 %","","  2.77 %","  3.29 %","  1.54 %","  2.60 %","  1.90 %","  4.11 %","  2.63 %","  1.23 %","  2.08 %","  3.16 %","   .98 %","  1.09 %","  4.27 %","  2.67 %","  2.45 %"
"2021-04-26","  1.88 %","  3.11 %","  1.48 %","  2.54 %","  2.42 %","","  3.66 %","  3.72 %","","  2.55 %","  4.61 %","  1.29 %","  2.99 %","  1.30 %","  5.26 %","  2.32 %","  1.01 %","  2.41 %","  3.26 %","   .86 %","  1.87 %","  1.97 %","  3.03 %","  3.07 %"
"2021-04-27","  1.81 %","  1.73 %","  2.37 %","  2.13 %","  2.75 %","","  3.66 %","  2.54 %","","  2.64 %","  5.91 %","  5.19 %","  3.13 %","  1.38 %","  3.93 %","  1.82 %","  1.25 %","  1.37 %","  3.40 %","   .73 %","  2.22 %","  5.32 %","  3.88 %","  2.46 %"
"2021-04-28","  1.88 %","  5.30 %","  2.31 %","  2.51 %","  3.23 %","","  2.81 %","  4.01 %","","  2.87 %","  8.46 %","  2.08 %","  3.18 %","  1.33 %","  2.41 %","  4.40 %","  2.34 %","  2.78 %","  3.90 %","  1.15 %","  1.63 %","  3.50 %","  3.46 %","  2.27 %"
"2021-04-29","  2.57 %","  2.30 %","  5.00 %","  2.39 %","  3.71 %","","  4.70 %","  3.05 %","","  2.56 %","  4.24 %","  3.75 %","  3.04 %","   .60 %","  4.94 %","  2.22 %","  1.61 %","  2.11 %","  2.59 %","  1.58 %","  3.03 %","  3.87 %","  3.23 %","  1.90 %"
"2021-04-30","  2.13 %","  2.67 %","  1.79 %","  2.14 %","  3.66 %","","  3.95 %","  3.09 %","","  2.47 %","  4.30 %","  1.60 %","  3.47 %","  1.85 %","  5.42 %","  2.08 %","  2.96 %","  1.65 %","  2.88 %","  2.10 %","  2.49 %","  4.26 %","  3.40 %","  3.38 %"
"2021-05-01","  1.84 %","  3.30 %","   .94 %","  2.56 %","  3.21 %","","  3.51 %","  3.13 %","","  2.88 %","  3.86 %","  2.92 %","  2.81 %","  1.34 %","  5.73 %","  4.66 %","  1.92 %","  2.23 %","  2.92 %","  1.88 %","  2.25 %","  2.97 %","  3.31 %","  2.35 %"
"2021-05-02","  1.56 %","  4.38 %","  1.43 %","  2.50 %","  2.31 %","","  2.99 %","  2.97 %","","  2.81 %","  3.29 %","  3.15 %","  2.86 %","   .90 %","  6.01 %","  4.19 %","  1.90 %","   .97 %","  4.11 %","   .38 %","  3.31 %","  4.50 %","  3.26 %","  2.41 %"
"2021-05-03","  1.84 %","  4.58 %","  1.45 %","  2.51 %","  3.72 %","","  2.44 %","  3.80 %","","  2.99 %","  3.23 %","  3.47 %","  1.61 %","  1.97 %","  2.31 %","  7.85 %","  2.35 %","  1.21 %","  3.24 %","  2.27 %","  2.51 %","  2.44 %","  4.00 %","  1.45 %"
"2021-05-04","  2.91 %","  7.70 %","  2.25 %","  2.14 %","  3.49 %","","  3.51 %","  3.95 %","","  4.52 %","  2.74 %","   .81 %","  1.93 %","   .86 %","  6.19 %","  7.65 %","  2.91 %","  2.80 %","  2.96 %","  2.41 %","  1.67 %","  4.73 %","  3.54 %","  3.13 %"
"2021-05-05","  1.93 %","  3.62 %","  1.61 %","  2.14 %","  3.03 %","","  3.59 %","  3.00 %","","  3.02 %","  2.35 %","  1.68 %","  2.66 %","  1.92 %","  5.75 %","  3.75 %","  2.82 %","  3.05 %","  3.01 %","  2.61 %","  1.95 %","  4.24 %","  3.67 %","  2.01 %"
"2021-05-06","  1.82 %","  3.95 %","  4.88 %","  2.00 %","  4.29 %","","  2.73 %","  3.53 %","","  3.76 %","  1.80 %","  1.11 %","  2.10 %","  1.38 %","  9.17 %","  8.10 %","  2.61 %","  1.78 %","  3.59 %","  1.86 %","  1.27 %","  3.66 %","  3.16 %","  3.43 %"
"2021-05-07","  1.82 %","   .60 %","  3.02 %","  2.02 %","  3.66 %","","  2.55 %","  3.26 %","","  2.92 %","  3.34 %","  1.97 %","  1.66 %","  1.34 %","  6.80 %","  5.65 %","  3.89 %","  2.32 %","  2.18 %","  1.81 %","  2.27 %","  2.67 %","  3.15 %","  2.46 %"
"2021-05-08","  2.41 %","  5.77 %","  4.71 %","  2.14 %","  2.03 %","","  2.39 %","  4.05 %","","  3.21 %","  3.00 %","  3.34 %","  1.92 %","  1.74 %","  4.70 %","  3.25 %","  1.89 %","  1.57 %","  2.09 %","  1.79 %","  2.01 %","  3.88 %","  2.83 %","  2.60 %"
"2021-05-09","  2.14 %","  5.95 %","  4.53 %","  2.44 %","  2.77 %","","  1.93 %","  3.53 %","","  2.71 %","  1.77 %","   .80 %","  2.05 %","  1.12 %","  4.10 %","  1.75 %","  1.77 %","  2.04 %","  2.36 %","   .91 %","  1.24 %","  3.77 %","  2.73 %","  1.85 %"
"2021-05-10","  1.57 %","  4.74 %","  5.60 %","  1.61 %","  3.11 %","","  1.83 %","  3.04 %","","  2.31 %","  1.89 %","  1.39 %","  1.78 %","  1.47 %","  4.60 %","  3.88 %","  5.82 %","  1.54 %","  2.10 %","  1.58 %","  1.81 %","  2.83 %","  2.36 %","  1.63 %"
"2021-05-11","  1.54 %","  2.34 %","  8.34 %","  1.47 %","  2.21 %","","  1.74 %","  2.31 %","","  3.29 %","  3.08 %","  1.69 %","  1.09 %","  1.08 %","  3.60 %","  3.79 %","  2.95 %","  1.95 %","  2.88 %","  1.14 %","  2.01 %","  2.17 %","  1.60 %","  1.64 %"
"2021-05-12","  1.50 %","  5.37 %","  4.71 %","  1.43 %","  2.38 %","","  1.76 %","  2.38 %","","  1.41 %","  2.62 %","  1.74 %","  2.01 %","  1.61 %","  2.76 %","  1.64 %","  2.68 %","  2.40 %","  1.88 %","  1.03 %","  2.33 %","  3.92 %","  1.84 %","  1.77 %"
"2021-05-13","  1.43 %","  2.26 %","  3.35 %","  1.25 %","  3.10 %","","  1.36 %","  2.77 %","","  3.21 %","  2.54 %","  1.29 %","  1.55 %","  1.13 %","  3.35 %","  2.36 %","  2.79 %","  1.15 %","  2.39 %","  1.13 %","  3.24 %","  6.50 %","  1.68 %","  2.00 %"
"2021-05-14","  1.47 %","  2.87 %","  1.68 %","   .93 %","  2.50 %","","  1.33 %","  2.65 %","","  1.92 %","  2.44 %","   .69 %","  1.42 %","  1.38 %","  3.34 %","  1.91 %","  2.91 %","  1.63 %","  1.31 %","  1.14 %","  1.80 %","  2.19 %","  1.87 %","  2.00 %"
"2021-05-15","  1.71 %","  3.42 %","  3.72 %","   .97 %","  2.26 %","","  1.04 %","  1.74 %","","  3.66 %","  1.61 %","  1.52 %","  1.29 %","   .95 %","  2.50 %","  2.31 %","  3.22 %","   .81 %","   .99 %","  1.42 %","  1.32 %","  2.06 %","  1.81 %","  2.01 %"
"2021-05-16","  1.18 %","  2.57 %","  3.43 %","   .78 %","  2.45 %","","  1.13 %","  1.58 %","","  2.99 %","  1.37 %","  1.01 %","  1.13 %","   .77 %","  2.83 %","   .70 %","  2.01 %","  1.09 %","  1.57 %","   .77 %","  1.86 %","  2.06 %","  1.25 %","  1.98 %"
"2021-05-17","  1.11 %","  2.54 %","  2.71 %","   .56 %","  1.76 %","","   .71 %","  1.81 %","","  1.97 %","   .88 %","  1.32 %","   .73 %","   .77 %","  2.49 %","  1.22 %","  3.02 %","   .91 %","  1.34 %","  1.14 %","  1.67 %","  1.05 %","  1.02 %","  1.55 %"
"2021-05-18","   .67 %","  2.94 %","  3.23 %","   .47 %","  1.19 %","","   .74 %","  1.35 %","","  3.03 %","  1.85 %","   .78 %","  1.06 %","   .84 %","  1.54 %","  1.30 %","  3.15 %","  1.01 %","   .55 %","  1.73 %","  1.49 %","  2.91 %","   .96 %","  1.56 %"
"2021-05-19","   .74 %","   .62 %","  2.95 %","   .47 %","  1.54 %","","   .69 %","  1.19 %","","  1.78 %","  1.31 %","   .85 %","   .75 %","   .73 %","  1.91 %","  1.07 %","  1.78 %","  1.40 %","  1.44 %","  1.72 %","  1.47 %","  1.02 %","  1.15 %","  1.35 %"
"2021-05-20","   .74 %","  2.14 %","  2.41 %","   .41 %","  1.62 %","","   .64 %","  1.31 %","","  1.79 %","  1.16 %","  1.04 %","   .78 %","   .67 %","  1.16 %","  1.87 %","  2.64 %","   .75 %","   .47 %","  1.38 %","  1.39 %","  1.39 %","   .77 %","  1.43 %"
"2021-05-21","   .58 %","  1.93 %","  1.70 %","   .26 %","  1.46 %","","   .36 %","   .96 %","","  2.21 %","   .61 %","   .73 %","   .68 %","   .59 %","   .70 %","  3.64 %","  2.29 %","   .75 %","   .63 %","  2.54 %","  1.48 %","  1.57 %","   .68 %","  1.10 %"
"2021-05-22","   .64 %","   .98 %","   .73 %","   .25 %","  1.24 %","","   .30 %","  1.81 %","","  2.36 %","   .79 %","   .82 %","   .54 %","   .54 %","   .94 %","   .44 %","  1.42 %","   .56 %","   .41 %","  1.50 %","  1.28 %","  1.01 %","   .56 %","   .96 %"
"2021-05-23","   .51 %","  2.52 %","  1.96 %","   .32 %","  1.30 %","","   .18 %","   .77 %","","  2.13 %","   .61 %","   .91 %","   .54 %","   .41 %","   .70 %","   .65 %","  1.09 %","   .44 %","   .42 %","  1.29 %","   .66 %","  1.07 %","   .59 %","   .96 %"
"2021-05-24","   .40 %","  2.49 %","   .67 %","   .20 %","  1.09 %","","   .12 %","   .49 %","","  1.52 %","   .81 %","   .67 %","   .44 %","   .34 %","   .59 %","   .54 %","  1.22 %","   .53 %","   .26 %","  1.57 %","   .95 %","   .77 %","   .48 %","   .85 %"
