"date","Kerala/Alappuzha","Kerala/Emakulam","Kerala/Ernakulam","Kerala/Idukki","Kerala/KAsaragod","Kerala/Kannur","Kerala/Kasaargod","Kerala/Kasaragod","Kerala/Kollam","Kerala/Kottayam","Kerala/Kozhikode","Kerala/Malappuram","Kerala/Other State","Kerala/Palakkad","Kerala/Pathanamthitta","Kerala/Thiruvananthapuram","Kerala/Thrissur","Kerala/Wayanad","Kerala/Will add when bulletin is released","Kerala/idukki"
"2020-01-30","","","","","","","","","","","","","","","","","   .00 %","","",""
"2020-02-02","   .00 %","","","","","","","","","","","","","","","","","","",""
"2020-02-03","","","","","","","","   .00 %","","","","","","","","","","","",""
"2020-03-08","","","","","","","","","","","","","","","   .00 %","","","","",""
"2020-03-09","","","","","","   .00 %","","","","","","","","","","","","","",""
"2020-03-10","","","   .00 %","","","   .00 %","","","","   .00 %","","","","","   .00 %","","","","",""
"2020-03-12","","","","","","   .00 %","","","","","","","","","","","   .00 %","","",""
"2020-03-13","","","","","","","","","","","","","","","","   .00 %","","","",""
"2020-03-15","","","","","","","","","","","","","","","","   .00 %","","","",""
"2020-03-16","","","","","","","","   .00 %","","","","   .00 %","","","","","","","",""
"2020-03-19","","","","","","",""," ##.## %","","","","","","","","","","","",""
"2020-03-20","","","   .00 %","","","",""," ##.## %","","","","","","","","","","","",""
"2020-03-21","","","   .00 %","","","   .00 %",""," 62.50 %","","","","","","","","","","","",""
"2020-03-22","",""," 33.33 %","","","   .00 %",""," 38.46 %","","","   .00 %"," ##.## %","","","","","","","",""
"2020-03-23","",""," 25.00 %","",""," 75.00 %",""," ##.## %","","","","","",""," ##.## %","","   .00 %","","",""
"2020-03-24","   .00 %",""," 20.00 %","","","",""," 16.67 %","","   .00 %"," ##.## %"," 33.33 %","","   .00 %","","   .00 %","","","",""
"2020-03-25","",""," 50.00 %","   .00 %","","","","","",""," 33.33 %","",""," ##.## %"," ##.## %","","","","",""
"2020-03-26","","","","   .00 %",""," 71.43 %","","  4.76 %","","",""," 50.00 %","","","",""," ##.## %","   .00 %","",""
"2020-03-27","","","","",""," 16.67 %",""," 75.00 %","   .00 %","","   .00 %","","","","",""," 33.33 %","","",""
"2020-03-28","","","","","","","","  1.30 %"," ##.## %","",""," 16.67 %",""," 33.33 %",""," ##.## %","","","",""
"2020-03-29","",""," 11.11 %","",""," 14.29 %","","  8.97 %","","",""," 14.29 %",""," 25.00 %","","   .00 %"," 25.00 %","","",""
"2020-03-30","","","","   .00 %",""," 50.00 %",""," 20.00 %","","","","","","","","","","   .00 %","",""
"2020-03-31","","","","","","  4.17 %","","  1.96 %"," 50.00 %","","","","","",""," 66.67 %"," 20.00 %","","",""
"2020-04-01","",""," 30.00 %","","","  8.00 %",""," 11.54 %","","",""," 25.00 %",""," 20.00 %",""," 40.00 %"," 33.33 %","","",""
"2020-04-02","","",""," ##.## %","","  3.70 %","","  6.90 %"," 66.67 %",""," 25.00 %"," 10.00 %","",""," 25.00 %"," 14.29 %"," 12.50 %","","",""
"2020-04-03","","","","","","  3.57 %","","  5.65 %","","","","","","","",""," 11.11 %","","",""
"2020-04-04"," ##.## %","","  7.69 %","","","  3.45 %","","  4.58 %"," 20.00 %","","","",""," 16.67 %","","","","","",""
"2020-04-05","","","","","","  3.33 %","","   .73 %","",""," ##.## %","","",""," 20.00 %","","","","",""
"2020-04-06","","","","","","","","  6.52 %"," 16.67 %","",""," 18.18 %","",""," 16.67 %","","","","",""
"2020-04-07","","","","","","  6.45 %","","  2.72 %"," 14.29 %","","","  7.69 %","","","","","","","",""
"2020-04-08"," ##.## %","","","",""," 12.12 %","","   .66 %","","","","","",""," 14.29 %",""," 10.00 %","","",""
"2020-04-09","","","","",""," 10.81 %","","  2.63 %"," 12.50 %","",""," 14.29 %","","",""," 12.50 %","","","",""
"2020-04-10","","","","","","  4.88 %","","  1.92 %","","",""," 12.50 %","","","","","","","",""
"2020-04-11","","","","",""," 16.28 %","","  1.26 %","",""," 10.00 %","","","","","","","","",""
"2020-04-12","","","","","","  2.00 %","","","","","","","",""," 12.50 %","","","","",""
"2020-04-13","","","","","","  3.92 %","","","","","","",""," 14.29 %","","","","","",""
"2020-04-14","","","","","","  7.55 %","","   .62 %","",""," 27.27 %","","","","","","","","",""
"2020-04-15","","","","","","  1.75 %","","","","","","","","","","","","","",""
"2020-04-16","","","","","","  6.90 %","","   .62 %","",""," 14.29 %","","","","","","","","",""
"2020-04-17","","","","","","","","","","","  6.25 %","","","","","","","","",""
"2020-04-18","","","","","","  4.84 %","","","","","  5.88 %","","","","","","","","",""
"2020-04-19","","","","","","  1.54 %","","   .61 %","","","","","","","","","","","",""
"2020-04-20","","","","","","  9.09 %","","","","","","","","","","","","","",""
"2020-04-21","","","","",""," 13.89 %","","  1.83 %"," 11.11 %","","","  5.56 %",""," 50.00 %","","","","","",""
"2020-04-22","","","","","","  8.54 %","","","","   .00 %"," 11.11 %","  5.26 %","","","","","","","",""
"2020-04-23","","",""," 57.14 %","","","",""," 10.00 %"," ##.## %"," 10.00 %","","","",""," 11.11 %","","","",""
"2020-04-24","","","","","","","","  1.80 %","","","","","","","","","","","",""
"2020-04-25","","","","","","  1.12 %","",""," 27.27 %"," ##.## %","","","","","","","","","",""
"2020-04-26","","",""," 54.55 %","","","","",""," 83.33 %","","","","","","","","","",""
"2020-04-27","","","   .00 %"," 23.53 %","","  1.11 %","","",""," 54.55 %","   .00 %","  5.00 %","","  8.33 %","","   .00 %","","","",""
"2020-04-28","","","","","","  3.30 %","","   .59 %","","","","","","","","","","","",""
"2020-04-29","","","","","","   .00 %","","  1.17 %"," 42.86 %","","   .00 %","","","","   .00 %"," 20.00 %","","","",""
"2020-04-30","","","","","","   .00 %","","   .58 %","   .00 %","","   .00 %","  4.76 %","","   .00 %","   .00 %","","","","",""
"2020-05-01","","","   .00 %","","","   .00 %","","   .00 %","","","","","","","","","","","",""
"2020-05-02","","","","   .00 %","","  1.06 %","","","","","","","","","","",""," ##.## %","",""
"2020-05-03","","","","   .00 %","","","","   .00 %","","   .00 %","","","","","","","","","",""
"2020-05-04","","","","   .00 %","","   .00 %","","   .00 %","   .00 %","   .00 %","   .00 %","   .00 %","","   .00 %","","   .00 %","","","",""
"2020-05-05","","","","","","","","","","","","","","","","",""," ##.## %","",""
"2020-05-06","","","","   .00 %","","","","","","   .00 %","","","","","   .00 %","","","","",""
"2020-05-07","","","","","","   .00 %","","   .00 %","","","","","","","","","","","",""
"2020-05-08","","","  7.14 %","","","   .00 %","","","","","","","","","","","","","",""
"2020-05-09","","","   .00 %","   .00 %","","","","","","","   .00 %","  9.09 %","","","","","","","",""
"2020-05-10","","","  6.67 %","","","   .00 %","","   .00 %","","","","  4.17 %","","   .00 %","",""," 18.18 %"," 60.00 %","",""
"2020-05-11","","","","","","","","  2.30 %","","","","  4.00 %","","  7.69 %","","",""," 12.50 %","",""
"2020-05-12","","","","","","","","","","  5.88 %",""," 11.54 %","",""," 11.11 %","","","","",""
"2020-05-13","","","","","","  1.05 %","","","   .00 %","  5.56 %","  4.55 %"," 10.34 %",""," 14.29 %","","",""," 22.22 %","",""
"2020-05-14","","","","  4.76 %","","  2.08 %","","  5.62 %","   .00 %","","  4.35 %"," 15.62 %",""," 18.75 %"," 10.00 %","",""," 27.27 %","",""
"2020-05-15"," 50.00 %","","","","","","","   .53 %","  5.00 %","","  8.33 %"," 10.81 %","","  5.26 %","","",""," 35.71 %","",""
"2020-05-16","","","","","","   .00 %","","","",""," 11.54 %","  4.88 %",""," 10.00 %","",""," 30.77 %","   .00 %","",""
"2020-05-17","","","  6.25 %","","","  2.04 %","","   .53 %","  4.76 %","","  6.90 %","  9.30 %","","  9.09 %","","","  5.88 %","","",""
"2020-05-18"," 33.33 %","","  5.88 %","","","  3.00 %","","  1.05 %"," 27.27 %"," 10.53 %","  6.45 %","  2.13 %","","  4.17 %"," 18.18 %"," 25.00 %"," 22.22 %","","",""
"2020-05-19"," 12.50 %","","","","","  4.85 %","","","","","","  6.25 %","","  4.00 %","  7.69 %","","  4.55 %","","",""
"2020-05-20"," 11.11 %","","  5.56 %","","","  2.78 %","","   .52 %","","","  3.03 %","  7.84 %",""," 26.92 %"," 14.29 %"," 13.33 %","  8.70 %","   .00 %","",""
"2020-05-21"," 20.00 %","","   .00 %","  4.55 %","","  3.60 %","","   .52 %","  7.14 %"," 14.29 %","   .00 %","  9.09 %","","  3.03 %",""," 11.76 %"," 12.00 %","   .00 %","",""
"2020-05-22","","","","",""," 10.43 %","","  3.61 %","  3.33 %","  8.33 %"," 14.71 %","  6.67 %",""," 14.71 %","  6.25 %",""," 14.29 %","  5.26 %","",""
"2020-05-23"," 41.67 %","","","",""," 12.60 %","","  1.99 %","  9.68 %","  7.69 %"," 10.26 %"," 12.50 %",""," 48.72 %","","","","  5.00 %","",""
"2020-05-24"," 23.53 %",""," 21.05 %","","","  8.39 %","","  2.44 %","  8.82 %","","  2.33 %","  6.94 %","","  6.90 %"," 11.76 %"," 68.42 %","","   .00 %","",""
"2020-05-25"," 14.29 %","","   .00 %","  4.35 %","","  6.45 %","","  6.67 %","  5.41 %","  7.14 %","  9.09 %","   .00 %","","  8.06 %"," 15.79 %"," 15.62 %","","   .00 %","",""
"2020-05-26"," 12.50 %",""," 21.74 %","","","  4.85 %","","  1.34 %"," 10.26 %"," 20.00 %","   .00 %","  6.49 %",""," 43.28 %","",""," 12.50 %","","",""
"2020-05-27"," 25.93 %","","  7.14 %","","","   .58 %","","  4.41 %","  9.30 %","","  4.17 %","   .00 %","","  8.33 %"," 13.64 %","",""," 14.29 %","",""
"2020-05-28","  2.94 %","","","  4.17 %","","  5.75 %","","  7.59 %","  2.13 %","  8.33 %"," 12.00 %","  9.76 %",""," 15.38 %"," 24.00 %"," 21.62 %"," 19.44 %","","",""
"2020-05-29","  8.57 %",""," 13.33 %","  4.00 %","","  4.35 %","","  1.57 %","  4.17 %","  2.56 %","  3.57 %","  5.56 %","   .00 %"," 11.67 %"," 16.13 %"," 11.11 %"," 13.95 %","  8.33 %","",""
"2020-05-30","  5.26 %",""," 11.76 %"," 15.38 %","","  7.81 %","","  1.16 %","  8.00 %","  2.50 %","  6.90 %","   .00 %","","  6.72 %","","  4.00 %"," 20.41 %","","",""
"2020-05-31"," 15.00 %","","  2.63 %","","","  3.38 %","","  3.82 %"," 11.11 %","","  3.23 %","  3.16 %","","  8.39 %"," 11.11 %","  7.69 %","  5.08 %"," 11.54 %","",""
"2020-06-01","  4.35 %","","  7.69 %","  3.33 %","","   .00 %","","  5.15 %","  8.33 %","   .00 %","   .00 %"," 14.29 %","","  1.29 %"," 10.00 %","  5.36 %"," 14.52 %","   .00 %","",""
"2020-06-02"," 20.83 %","","  7.14 %","","","  2.34 %","","  3.15 %"," 12.31 %"," 14.63 %","  7.81 %"," 13.39 %","","  3.18 %","  2.27 %"," 11.86 %","  8.45 %"," 20.69 %","",""
"2020-06-03"," 12.07 %",""," 11.11 %"," 29.03 %","","   .91 %","","  1.02 %","  6.85 %"," 17.02 %"," 10.14 %","  8.66 %","","  3.09 %","  4.44 %"," 21.21 %","  5.19 %","","",""
"2020-06-04"," 12.31 %","","  4.00 %","","","  2.71 %","","  4.03 %"," 14.10 %","  9.09 %"," 13.16 %","  5.80 %","","  4.19 %"," 29.79 %","  6.25 %","  4.94 %","  5.71 %","",""
"2020-06-05","  6.85 %",""," 19.23 %","  7.50 %","","","","   .32 %","  2.25 %","  1.67 %","  4.65 %"," 12.33 %",""," 22.99 %"," 18.03 %","  5.88 %","  9.41 %","  8.11 %","",""
"2020-06-06","  5.13 %","","  4.84 %","  6.98 %","","  5.29 %","","  3.22 %"," 20.88 %","  3.28 %","  4.44 %","  7.32 %","","  5.14 %"," 12.50 %","  3.33 %"," 17.20 %","","",""
"2020-06-07","  8.54 %","","","  2.17 %","","   .84 %","","   .93 %","  8.18 %","  4.76 %","  6.38 %"," 15.34 %","","  2.67 %"," 16.05 %","  4.30 %"," 23.85 %","","",""
"2020-06-08","  5.62 %","","  4.62 %","","","  1.66 %","","  2.47 %","  4.20 %","  4.55 %"," 13.00 %","  6.90 %","","   .43 %","  3.19 %","  3.09 %"," 20.00 %","  5.00 %","",""
"2020-06-09"," 11.70 %","","  5.88 %","   .00 %","","  2.04 %","","   .60 %","  4.03 %"," 11.59 %","  6.19 %","  2.76 %","","  6.03 %","  7.22 %"," 10.00 %","  3.70 %"," 14.29 %","",""
"2020-06-10","   .95 %","","  5.56 %","  8.51 %","","  1.60 %","","   .00 %","  3.10 %","  3.90 %","  8.33 %","  3.14 %","","  2.44 %","  2.88 %","  5.45 %","  5.36 %","  8.33 %","",""
"2020-06-11","   .00 %","","  2.63 %","","","  2.76 %","","  2.99 %","  6.02 %","  2.50 %","   .77 %","  4.35 %","","  5.16 %","  4.67 %","   .00 %"," 14.12 %","","",""
"2020-06-12"," 12.26 %","","  6.41 %","  1.96 %","","  1.15 %","","  1.16 %","  2.84 %","  3.66 %","  3.05 %","  5.83 %","","  1.89 %","  6.25 %","   .86 %","  6.93 %","","",""
"2020-06-13","  7.56 %","","  8.43 %","  7.69 %","","  5.30 %","","  2.59 %","","  1.18 %","  8.89 %","  5.91 %","","  2.96 %","   .84 %","   .00 %","  1.85 %","  1.92 %","",""
"2020-06-14","   .00 %","","  7.78 %","  3.57 %","","  1.44 %","","  1.68 %","   .69 %","  3.49 %","  5.44 %","  1.12 %","","  2.16 %","  1.67 %","  3.42 %","  3.18 %","  1.89 %","",""
"2020-06-15","  3.91 %",""," 13.40 %","  3.45 %","","  3.55 %","","   .83 %","  2.74 %"," 11.24 %","  3.87 %","  2.21 %","","  2.46 %","  9.02 %","   .83 %","  1.32 %","  1.85 %","",""
"2020-06-16","  5.26 %",""," 11.82 %","","","  2.40 %","","   .55 %","  2.67 %","  4.04 %","  2.48 %","  5.40 %","","  2.06 %","  4.51 %","  3.28 %","  3.04 %","   .00 %","",""
"2020-06-17","   .71 %","","  4.07 %","","","  1.34 %","","  2.45 %","  9.09 %","  3.88 %","  3.64 %","  3.75 %","","  2.02 %","   .72 %","  2.38 %","  3.38 %","  5.45 %","",""
"2020-06-18","  6.38 %","","  4.69 %"," 10.00 %","","  1.32 %","","   .80 %","  7.74 %"," 10.28 %","  2.92 %","  1.32 %","","  4.62 %","  7.86 %","  3.88 %","  2.45 %","   .00 %","",""
"2020-06-19","  8.67 %","","  8.21 %","  3.03 %","","  2.61 %","","  1.05 %","  9.39 %","  5.93 %","  3.41 %","  5.84 %","","  3.15 %","  5.96 %","  5.97 %","   .40 %","  6.90 %","",""
"2020-06-20","  2.45 %","","  2.07 %","  1.47 %","","  1.27 %","","  1.82 %"," 12.12 %","  8.80 %","  6.59 %","  1.53 %","","  7.03 %"," 10.62 %","  3.52 %","  2.38 %","  8.06 %","",""
"2020-06-21","  5.99 %","","  3.38 %"," 15.94 %","","  3.13 %","","  1.53 %","  5.86 %","  7.35 %","  5.15 %","  3.02 %","","  4.29 %","  4.52 %","  6.12 %","  6.20 %","","",""
"2020-06-22","  6.78 %","","  9.15 %","  5.00 %","","   .91 %","","  2.27 %","  5.53 %","  8.90 %","  2.45 %","  4.99 %","","  4.38 %","  2.16 %","  7.05 %","  4.38 %","  7.46 %","",""
"2020-06-23"," 10.05 %","","  7.78 %","   .00 %","","  1.81 %","","","  1.61 %","  5.03 %","  2.87 %","  3.07 %","","  7.09 %"," 14.29 %","  2.40 %","  4.90 %","  2.78 %","",""
"2020-06-24","  7.21 %","","  4.44 %","  7.14 %","","  5.03 %","","  1.48 %","  7.14 %","  4.19 %","  1.40 %","  2.71 %","","  3.92 %"," 11.57 %","  2.34 %","  5.00 %","  2.70 %","",""
"2020-06-25","  8.07 %","","  5.32 %","  3.33 %","","  2.54 %","","   .97 %","  4.81 %","  1.15 %","  3.21 %","  1.58 %","","  5.66 %","  5.39 %","  1.14 %","  3.17 %","  2.63 %","",""
"2020-06-26","  8.71 %","","  4.55 %","  2.15 %","","  3.57 %","","   .48 %","  5.65 %"," 10.23 %","  3.11 %","  4.16 %","","  5.13 %","  1.57 %","  3.95 %","  2.15 %","  6.41 %","",""
"2020-06-27","  4.96 %","","  6.76 %","  2.11 %","","  2.92 %","","  2.63 %","  4.01 %","  7.73 %","  3.45 %"," 11.72 %","","  5.31 %","  2.33 %","  2.17 %","  6.63 %","  6.02 %","",""
"2020-06-28","  3.64 %","","  3.17 %","  4.12 %","","  6.70 %","","  1.40 %","  3.22 %","  2.39 %","  2.92 %","  1.12 %","","   .81 %","  1.14 %","  4.79 %","  4.80 %","  5.68 %","",""
"2020-06-29","  1.75 %","","  2.19 %","  4.95 %","","  3.38 %","","   .92 %","  3.43 %","   .00 %","  3.64 %","  3.09 %","","  2.40 %","  4.87 %","  2.03 %","  7.01 %","","",""
"2020-06-30","  3.10 %","","  4.29 %","   .00 %","","  6.07 %","","  1.82 %","  3.61 %","  1.40 %","  1.56 %","  6.85 %","","  3.32 %","   .36 %","  2.49 %","  1.01 %","   .00 %","",""
"2020-07-01","  2.68 %","","  4.94 %","   .94 %","","  5.95 %","","  2.24 %","   .87 %","  1.84 %","  2.31 %","  6.81 %","","  3.21 %","  2.14 %","  1.94 %","  3.99 %","  3.23 %","",""
"2020-07-02","  5.21 %","","  3.53 %","  7.48 %","","  1.87 %","","  1.09 %","  2.59 %","  4.07 %","  2.63 %","  4.50 %","","  3.30 %","  9.41 %","  4.29 %","  2.16 %","  1.04 %","",""
"2020-07-03","  6.50 %","","  6.44 %","  1.74 %","","  3.67 %","","  1.52 %","  6.46 %","  6.09 %","  5.13 %","  6.28 %","","  2.48 %","  2.23 %","  7.76 %","  4.93 %","  1.03 %","",""
"2020-07-04","  5.81 %","","  4.63 %","  1.71 %","","  6.89 %","","  2.99 %","  4.22 %","  2.46 %","  2.79 %","  6.25 %","","  5.02 %","  6.85 %","  6.78 %","  4.47 %","  2.04 %","",""
"2020-07-05","  3.57 %","","  4.08 %","  5.04 %","","  4.60 %","","  5.80 %","  2.53 %","  3.20 %","  6.78 %","  4.13 %","","  4.78 %","   .87 %"," 10.71 %","  2.57 %","  6.00 %","",""
"2020-07-06","  3.98 %","","  8.17 %","  4.80 %","","  1.94 %","","  1.17 %","  2.72 %","  2.33 %","  4.76 %","  5.34 %","","  1.26 %","  7.51 %","  2.51 %","  2.92 %","  7.55 %","",""
"2020-07-07","  4.59 %","","  6.34 %","   .76 %","","  3.28 %","","  2.51 %","  2.64 %","  1.14 %","  4.55 %","  9.13 %","","  4.50 %","  3.23 %"," 18.88 %","  2.03 %","  2.63 %","",""
"2020-07-08","  4.39 %","","  4.55 %"," 15.15 %","","  3.68 %","","   .75 %","  1.87 %","  6.37 %","  4.35 %","  6.11 %","","  3.71 %","  1.82 %"," 18.82 %","  4.97 %"," 11.97 %","",""
"2020-07-09","  5.14 %","","  3.26 %"," 13.16 %","","  1.29 %","","  2.06 %","  2.30 %","  2.46 %","  2.22 %","  6.88 %","","  7.16 %","  1.79 %"," 23.51 %","  5.11 %","  5.34 %","",""
"2020-07-10"," 11.11 %","","  5.26 %","  6.98 %","","  3.66 %","","  3.12 %","  6.29 %","  2.41 %","  3.26 %","  4.80 %","","  3.74 %","  8.04 %"," 25.85 %","  3.06 %","   .00 %","",""
"2020-07-11"," 17.40 %",""," 11.75 %","  2.72 %","","  2.92 %","","  3.20 %","  3.81 %","  5.03 %","  4.47 %","  5.70 %","","  6.19 %"," 12.56 %"," 10.99 %","  5.07 %","  7.97 %","",""
"2020-07-12","  9.71 %",""," 11.19 %","  8.47 %","","  2.54 %","","  9.66 %","  1.02 %","  3.83 %","  1.01 %","  4.44 %","","  7.16 %","  8.06 %","  5.74 %","  3.16 %"," 12.75 %","",""
"2020-07-13"," 18.48 %","","  3.02 %","","","  6.40 %","","  1.42 %","  6.65 %","  3.08 %","  3.99 %","  4.76 %","","  2.15 %","  8.99 %","  8.55 %","  1.45 %","  8.33 %","","   .00 %"
"2020-07-14","  4.46 %",""," 13.67 %","","","  1.64 %","","  6.82 %","  4.35 %","  7.46 %"," 13.91 %","  5.60 %","","  2.88 %","   .53 %"," 25.12 %","  6.68 %","  6.59 %","",""
"2020-07-15","  2.51 %",""," 12.37 %"," 26.83 %","","  4.71 %",""," 10.74 %","  1.99 %","  6.94 %"," 13.47 %","  1.65 %","","  2.05 %"," 11.17 %"," 15.68 %","   .75 %","  2.06 %","",""
"2020-07-16","  2.45 %","","  8.72 %"," 10.00 %","","  2.96 %","","  2.36 %","  7.46 %","  3.38 %","  6.12 %","  3.78 %","","  2.64 %","  6.12 %"," 29.27 %","  4.73 %","  6.57 %","",""
"2020-07-17","  6.81 %",""," 16.17 %","  3.85 %","","  1.12 %","","  4.10 %","  7.77 %","  9.80 %","  5.59 %","  2.17 %","","  3.19 %"," 12.87 %"," 16.43 %","  4.52 %"," 13.27 %","",""
"2020-07-18","  4.70 %","","  5.33 %","  9.43 %","","  4.81 %","","  3.57 %","  8.13 %","  3.66 %","  4.30 %","  1.61 %","","  4.89 %","  3.67 %","  9.93 %","  2.84 %"," 10.88 %","",""
"2020-07-19","  5.56 %",""," 11.26 %"," 15.08 %","","  1.53 %","","  6.77 %"," 10.64 %","  4.42 %","  5.08 %","  2.09 %","","  7.70 %","  4.42 %"," 11.59 %","  8.02 %","   .38 %","",""
"2020-07-20","  5.36 %","","  7.44 %","  6.42 %","","  5.57 %","","  3.11 %"," 10.13 %","  9.73 %"," 13.90 %","  4.09 %","","  4.32 %","   .36 %","  8.51 %","  5.11 %","  9.77 %","",""
"2020-07-21","  4.42 %","","  7.69 %","   .00 %","","  6.26 %","","  4.31 %","  9.90 %","  7.51 %","  5.17 %","  4.80 %","","  3.89 %","  4.83 %","  6.51 %","  2.20 %","  5.82 %","",""
"2020-07-22"," 11.04 %","","  8.21 %"," 10.80 %","","  4.45 %",""," 10.44 %"," 14.09 %","  9.14 %","  3.15 %","  4.58 %","","  2.77 %","  5.64 %","  9.15 %","  6.34 %","  1.29 %","",""
"2020-07-23","  6.79 %","","  8.25 %"," 14.29 %","","  5.05 %","","  4.40 %","  9.84 %"," 13.14 %","  8.19 %","  6.38 %","","  4.04 %","  2.94 %","  8.23 %","  8.84 %","  3.19 %","",""
"2020-07-24","  3.41 %","","  5.26 %","  5.75 %","","  1.70 %","","  9.51 %"," 11.24 %","  7.26 %","  9.27 %","  3.91 %","","  4.42 %","  2.43 %","  5.72 %","  3.23 %","  4.64 %","",""
"2020-07-25","  7.65 %","","  5.72 %","  7.50 %","","  5.75 %","","  8.60 %","  6.08 %"," 10.42 %"," 11.38 %","  4.41 %","","  2.55 %","  5.37 %","  7.78 %","  3.41 %","  5.03 %","",""
"2020-07-26","  3.21 %","","  4.18 %","  8.38 %","","  4.12 %","","  8.07 %","  5.30 %","  6.62 %","  5.29 %","  3.48 %","","  2.99 %","  8.92 %","  5.26 %","  3.76 %","  7.89 %","",""
"2020-07-27","  2.03 %","","   .99 %"," 11.27 %","","  3.20 %","","  2.65 %","  1.50 %","  6.78 %","  6.00 %","  5.17 %","","  2.83 %","  1.53 %","  4.60 %","  3.53 %","  4.44 %","",""
"2020-07-28","  5.56 %","","  4.56 %","  1.01 %","","  3.51 %","","  2.58 %","  6.37 %"," 12.70 %","  5.57 %","  6.40 %","","  5.78 %","  5.59 %","  6.06 %","  9.30 %"," 13.25 %","",""
"2020-07-29","  2.38 %","","  5.17 %","  4.87 %","","  3.31 %","","  3.25 %","  5.29 %","  2.77 %","  5.28 %","  4.67 %","","  3.11 %","  4.53 %","  5.48 %","  2.42 %","  9.49 %","",""
"2020-07-30","  3.37 %","","  2.01 %","   .82 %","","  2.97 %","","  1.80 %","  1.32 %","  2.70 %","  3.14 %","  1.64 %","","   .25 %","  4.74 %","  1.71 %","  6.33 %","   .60 %","",""
"2020-07-31","  2.07 %","","  7.66 %","  7.99 %","","  1.04 %","","  3.28 %","  3.13 %","  8.05 %","  6.10 %","  3.78 %","","  5.10 %","  9.97 %","  7.68 %","  4.30 %"," 24.85 %","",""
"2020-08-01","  3.89 %","","  3.18 %","  1.76 %","","   .37 %","","  9.34 %","  2.00 %","  3.94 %","  6.50 %","  6.85 %","","  2.75 %","  5.93 %","  5.77 %","  5.22 %","  7.38 %","",""
"2020-08-02","  2.12 %","","  6.69 %","  5.18 %","","  1.17 %","","  6.31 %","  3.87 %","  5.64 %","  3.21 %","  5.73 %","","  2.16 %","  1.65 %","  7.94 %","  3.79 %","  2.84 %","",""
"2020-08-03","  5.53 %","","  5.19 %","  3.05 %","","  2.67 %","","  3.47 %","  3.08 %","  2.67 %","  2.05 %","  3.66 %","","  3.29 %","  2.33 %","  4.00 %","  5.35 %","  4.51 %","",""
"2020-08-04","  6.53 %","","  6.28 %","   .00 %","","  2.60 %","","  4.62 %","  1.57 %","  1.71 %","  5.91 %","  5.44 %","","  2.70 %","  2.03 %","  4.54 %","  4.30 %","  2.36 %","",""
"2020-08-05","  5.26 %","","  5.26 %","  4.44 %","","  4.18 %","","  6.21 %","  1.55 %","  3.73 %","  2.25 %","  6.57 %","","  2.15 %","  2.30 %","  4.92 %","  4.93 %","  1.90 %","",""
"2020-08-06","  4.58 %","","  3.04 %","  6.32 %","","  2.17 %","","  6.99 %","  1.58 %","  2.82 %","  9.80 %","  4.77 %","","  6.99 %","  2.00 %","  3.75 %","  4.04 %","  6.13 %","",""
"2020-08-07","  2.70 %","","  3.31 %","  2.36 %","","   .84 %","","  7.17 %","  1.80 %","  2.53 %","  7.64 %","  5.04 %","","  5.91 %","  2.32 %","  4.77 %","  1.73 %","  6.91 %","",""
"2020-08-08","  7.28 %","","  3.95 %","  4.10 %","","  3.64 %","","  2.91 %","  2.02 %","  1.00 %","  8.24 %","  3.83 %","","  1.77 %","  2.21 %","  7.64 %","  3.30 %","  1.18 %","",""
"2020-08-09","  4.41 %","","  2.03 %","  1.63 %","","  2.53 %","","  2.17 %","  5.11 %","  9.19 %","  3.04 %","  5.50 %","","  3.48 %","  1.71 %","  4.27 %","  1.20 %","  2.90 %","",""
"2020-08-10","  1.15 %","","  3.72 %","  1.70 %","","  3.79 %","","  5.53 %","  1.88 %","  2.42 %","  2.82 %","  7.81 %","","  6.33 %","   .22 %","  2.81 %","  1.97 %","  3.72 %","",""
"2020-08-11","  5.55 %","","  4.73 %","   .37 %","","  1.74 %","","  5.28 %","  1.13 %","  1.42 %","  6.56 %","  6.88 %","","  5.71 %","  1.12 %","  4.05 %","  1.55 %","  1.96 %","",""
"2020-08-12","  4.25 %","","  4.11 %","  3.89 %","   .00 %","  1.76 %","","  2.32 %","   .22 %","  4.43 %","  3.63 %","  6.94 %","","  3.10 %","  1.05 %","  3.49 %","   .91 %","  1.28 %","",""
"2020-08-13","  2.49 %","","  3.75 %","  2.77 %","","  1.51 %","","  2.63 %","  3.29 %","  2.96 %","  3.69 %","  5.02 %","","  7.51 %","  4.09 %","  5.50 %","  3.54 %","  2.85 %","",""
"2020-08-14","  3.81 %","","  3.58 %","  5.03 %","","  5.23 %","","  1.59 %","  3.22 %","  5.48 %","  3.59 %","  4.69 %","","  6.22 %","  2.10 %","  3.72 %","  3.65 %","  5.84 %","",""
"2020-08-15","  3.83 %","","  3.22 %","  2.56 %","","  2.72 %","","  2.59 %","  3.79 %","  2.01 %","  5.29 %","  8.19 %","","  2.41 %","  2.52 %","  3.72 %","  3.74 %","  4.65 %","",""
"2020-08-16","  2.69 %","","  3.61 %","  2.42 %","","  2.65 %","","  1.50 %","  3.25 %","  5.04 %","  3.93 %","  4.62 %","","   .92 %","  2.20 %","  5.79 %","  1.27 %","  4.53 %","",""
"2020-08-17","  4.23 %","","  3.66 %","  1.81 %","","  3.82 %","","  2.98 %","  1.87 %","  4.27 %","  1.47 %","  6.12 %","","  4.31 %","   .10 %","  4.86 %","  6.53 %","  1.33 %","",""
"2020-08-18","  3.68 %","","  5.25 %","   .39 %","","  5.88 %","","  1.25 %","  3.36 %","  4.28 %","  4.64 %","  4.56 %","","  1.54 %","  3.18 %","  4.92 %","  1.89 %","  4.10 %","",""
"2020-08-19","  7.13 %","","  5.98 %","  4.93 %","","  5.69 %","","  5.12 %","  2.84 %","  8.96 %","  2.35 %","  5.80 %","","  1.93 %","  4.13 %","  5.18 %","  3.74 %","  1.43 %","",""
"2020-08-20","  5.21 %","","  3.68 %","  2.57 %","","  3.33 %","","  2.55 %","  3.09 %","  5.02 %","  3.83 %","  6.06 %","","  1.90 %","  5.42 %","  3.91 %","  2.68 %","  2.89 %","",""
"2020-08-21","  3.87 %","","  3.90 %","  2.43 %","","  3.23 %","","  2.87 %","  2.86 %","  5.24 %","  4.48 %","  5.38 %","","  2.38 %","  3.37 %","  3.76 %","  4.31 %","  2.09 %","",""
"2020-08-22","  2.09 %","","  2.60 %","  2.58 %","","  2.48 %","","  3.16 %","  2.61 %","  3.81 %","  6.30 %","  6.02 %","","  5.14 %","  3.89 %","  3.92 %","  6.22 %","  1.97 %","",""
"2020-08-23","  5.68 %","","  4.44 %","  1.97 %","","  5.59 %","","  2.19 %","  4.39 %","  3.74 %","  3.04 %","  2.67 %","","  1.04 %","  4.19 %","  3.23 %","  3.79 %","   .77 %","",""
"2020-08-24","  1.34 %","","  3.51 %","  1.27 %","","  2.81 %","","  2.97 %","  3.54 %","  3.03 %","  2.01 %","  2.36 %","","  2.61 %","   .23 %","  1.43 %","  1.45 %","  1.53 %","",""
"2020-08-25","  3.74 %","","  3.35 %","   .40 %","","  5.40 %","","  2.42 %","  2.66 %","  2.84 %","  6.32 %","  6.21 %","","  3.90 %","  3.59 %","  3.04 %","  7.05 %","  2.79 %","",""
"2020-08-26","  4.09 %","","  3.83 %","  4.14 %","","  4.37 %","","  2.41 %","  3.95 %","  4.40 %","  4.91 %","  4.53 %","","  2.12 %","  6.70 %","  3.48 %","  5.92 %","  2.20 %","",""
"2020-08-27","  3.51 %","","  2.68 %","  1.70 %","","  3.34 %","","  5.39 %","  5.03 %","  5.81 %","  5.19 %","  2.83 %","","  4.71 %","  5.82 %","  2.57 %","  4.44 %","  1.80 %","",""
"2020-08-28","  5.63 %","","  3.86 %","  3.04 %","","  4.28 %","","  3.47 %","  4.25 %","  3.66 %","  3.60 %","  3.57 %","","  2.93 %","  2.90 %","  3.78 %","  4.96 %","  1.34 %","",""
"2020-08-29","  3.26 %","","  2.44 %","  1.62 %","","  2.89 %","","  4.23 %","  6.11 %","  3.90 %","  3.04 %","  4.38 %","","  2.98 %","  2.40 %","  2.79 %","  5.62 %","  1.46 %","",""
"2020-08-30","  1.66 %","","  4.05 %","  2.07 %","","  3.31 %","","  3.26 %","  3.72 %","  6.02 %","  5.90 %","  2.16 %","","   .98 %","  4.16 %","  2.07 %","  3.57 %","   .89 %","",""
"2020-08-31","  2.43 %","","  3.53 %","   .87 %","","  2.11 %","","  2.05 %","  3.11 %","  2.19 %","  2.14 %","  1.92 %","","   .91 %","  3.21 %","  1.44 %","  1.94 %","  1.70 %","",""
"2020-09-01","   .55 %","","  2.62 %","   .00 %","","  2.16 %","","   .29 %","   .58 %","  1.54 %","  2.78 %","  2.03 %","","   .90 %","   .35 %","  1.46 %","  2.98 %","   .54 %","",""
"2020-09-02","  2.74 %","","  2.15 %","   .69 %","","  3.89 %","","  1.71 %","  1.85 %","  3.56 %","  3.56 %","  1.52 %","","   .64 %","   .49 %","  1.45 %","  2.63 %","  2.53 %","",""
"2020-09-03","  1.46 %","","  2.54 %","  2.51 %","","  1.95 %","","  2.54 %","  1.46 %","  3.79 %","  2.21 %","   .93 %","","  1.22 %","  3.40 %","  1.98 %","  1.97 %","  1.17 %","",""
"2020-09-04","  1.75 %","","  4.14 %","  1.62 %","","  2.97 %","","  4.39 %","  5.49 %","  4.06 %","  2.75 %","  1.81 %","","   .87 %","  3.93 %","  2.92 %","  4.24 %","  5.39 %","",""
"2020-09-05","  2.13 %","","  2.70 %","  1.70 %","","  5.58 %","","  4.92 %","  3.57 %","  2.61 %","  3.92 %","  2.49 %","","  2.06 %","  3.97 %","  3.51 %","  3.37 %","  1.22 %","",""
"2020-09-06","  3.52 %","","  3.97 %","  2.10 %","","  4.76 %","","  3.70 %","  6.65 %","  4.17 %","  4.08 %","  3.16 %","","  3.27 %","  2.92 %","  3.04 %","  3.26 %","  2.41 %","",""
"2020-09-07","  1.20 %","","  1.77 %","   .21 %","","  5.91 %","","  2.20 %","  1.35 %","  3.16 %","  1.53 %","  1.77 %","","  2.31 %","   .60 %","  1.41 %","  2.39 %","   .23 %","",""
"2020-09-08","  3.30 %","","  4.25 %","  4.48 %","","  3.39 %","","  2.66 %","  3.92 %","  3.34 %","  3.59 %","  3.33 %","","  4.32 %","  3.99 %","  3.09 %","  2.35 %","  1.41 %","",""
"2020-09-09","  3.53 %","","  3.54 %","  1.21 %","","  5.21 %","","  4.22 %","  6.53 %","  3.77 %","  4.66 %","  1.81 %","","  2.40 %","  4.56 %","  2.84 %","  5.76 %","  4.45 %","",""
"2020-09-10","  3.79 %","","  2.81 %","  5.23 %","","  5.44 %","","  2.10 %","  4.13 %","  4.03 %","  3.52 %","  2.91 %","","  3.47 %","  3.10 %","  2.90 %","  5.06 %","  5.25 %","",""
"2020-09-11","  2.74 %","","  3.55 %","  1.33 %","","  4.79 %","","  1.50 %","  4.93 %","  3.94 %","  3.40 %","  3.35 %","","  1.89 %","  2.07 %","  2.49 %","  2.95 %","  2.73 %","",""
"2020-09-12","  2.17 %","","  2.19 %","  4.02 %","","  3.69 %","","  2.17 %","  4.11 %","  2.85 %","  3.60 %","  2.57 %","","  3.12 %","  1.92 %","  2.79 %","  2.68 %","  2.76 %","",""
"2020-09-13","  3.29 %","","  3.71 %","  1.80 %","","  4.03 %","","  1.76 %","  3.05 %","  3.27 %","  4.85 %","  3.06 %","","  3.84 %","  2.18 %","  1.97 %","  2.76 %","  2.79 %","",""
"2020-09-14","  1.35 %","","  2.80 %","  2.56 %","","  3.84 %","","   .78 %","  2.05 %","  1.97 %","  4.43 %","  3.79 %","","  2.77 %","   .33 %","  1.56 %","  2.38 %","   .97 %","",""
"2020-09-15","  4.21 %","","  2.55 %","  1.25 %","","  3.39 %","","  2.37 %","  3.31 %","  3.04 %","  2.89 %","  2.63 %","","  2.10 %","  3.05 %","  3.03 %","  2.71 %","  3.07 %","",""
"2020-09-16","  3.86 %","","  3.32 %","  3.23 %","","  3.81 %","","  1.60 %","  4.11 %","  2.87 %","  5.05 %","  2.20 %","","  3.32 %","  4.78 %","  3.03 %","  3.69 %","  4.61 %","",""
"2020-09-17","  4.22 %","","  3.86 %","  4.28 %","","  3.86 %","","  4.23 %","  2.87 %","  3.05 %","  5.60 %","  2.53 %","","  3.52 %","  2.63 %","  3.57 %","  4.01 %","  4.76 %","",""
"2020-09-18","  3.03 %","","  3.38 %","  3.95 %","","  4.72 %","","  1.85 %","  4.54 %","  3.26 %","  3.93 %","  2.09 %","","  3.79 %","  1.90 %","  3.90 %","  4.25 %","  2.89 %","",""
"2020-09-19","  3.73 %","","  3.29 %","  1.79 %","","  3.03 %","","  2.39 %","  5.34 %","  3.69 %","  3.86 %","  3.68 %","","  4.75 %","  4.08 %","  3.34 %","  4.38 %","  3.92 %","",""
"2020-09-20","  2.26 %","","  4.88 %","  2.87 %","","  3.21 %","","  2.54 %","  3.83 %","  3.71 %","  4.83 %","  3.21 %","","  3.75 %","  3.37 %","  3.50 %","  3.85 %","  3.85 %","",""
"2020-09-21","  1.13 %","","  2.59 %","  2.97 %","","  4.03 %","","  1.31 %","  2.18 %","  2.04 %","  3.23 %","  2.25 %","","  2.09 %","   .27 %","  2.02 %","  2.11 %","   .69 %","",""
"2020-09-22","  4.03 %","","  3.43 %","  1.48 %","","  1.76 %","","  2.32 %","  3.80 %","  2.16 %","  3.28 %","  2.80 %","","  2.97 %","  3.54 %","  2.53 %","  4.16 %","  3.08 %","",""
"2020-09-23","  4.81 %","","  5.09 %","  2.74 %","","  4.43 %","","  1.56 %","  5.31 %","  3.28 %","  4.06 %","  3.14 %","","  3.31 %","  3.69 %","  3.08 %","  5.18 %","  2.17 %","",""
"2020-09-24","  4.15 %","","  4.58 %","  5.10 %","","  4.71 %","","  3.39 %","  4.41 %","  4.14 %","  6.84 %","  4.53 %","","  4.07 %","  3.01 %","  3.07 %","  4.88 %","  3.82 %","",""
"2020-09-25","  4.85 %","","  4.86 %","  3.66 %","","  4.65 %","","  2.93 %","  5.46 %","  3.75 %","  5.00 %","  4.46 %","","  4.64 %","  2.96 %","  2.77 %","  5.96 %","  2.57 %","",""
"2020-09-26","  3.47 %","","  5.16 %","  3.32 %","","  4.61 %","","  2.38 %","  5.36 %","  4.37 %","  4.72 %","  4.49 %","","  5.79 %","  4.95 %","  3.48 %","  5.51 %","  3.01 %","",""
"2020-09-27","  3.86 %","","  6.22 %","  3.75 %","","  3.36 %","","  2.62 %","  5.96 %","  4.58 %","  6.30 %","  4.76 %","","  4.88 %","  3.77 %","  2.73 %","  5.03 %","  5.65 %","   .00 %",""
"2020-09-28","  1.94 %","","  3.40 %","  3.30 %","","  3.04 %","","  1.23 %","  2.78 %","  2.19 %","  5.69 %","  2.01 %","","  3.61 %","   .52 %","  1.52 %","  3.20 %","  1.37 %","",""
"2020-09-29","  4.01 %","","  5.27 %","  1.60 %","","  4.11 %","","  4.53 %","  4.62 %","  3.38 %","  4.91 %","  5.07 %","","  3.44 %","  3.72 %","  2.87 %","  3.92 %","  5.19 %","",""
"2020-09-30","  5.00 %","","  6.15 %","  4.33 %","","  4.74 %","","  3.07 %","  6.16 %","  4.30 %","  5.27 %","  4.53 %","","  5.62 %","  3.79 %","  2.94 %","  6.30 %","  6.24 %","",""
"2020-10-01","  5.64 %","","  5.13 %","  3.43 %","","  3.79 %","","  4.37 %","  4.52 %","  3.17 %","  5.70 %","  4.29 %","","  4.32 %","  2.85 %","  2.48 %","  4.50 %","  3.93 %","",""
"2020-10-02","  4.02 %","","  5.44 %","  3.47 %","","  5.25 %","","  4.23 %","  6.09 %","  3.91 %","  5.76 %","  4.32 %","","  5.11 %","  2.97 %","  3.10 %","  5.70 %","  2.85 %","",""
"2020-10-03","  4.04 %","","  4.58 %","  2.62 %","","  3.38 %","","  2.19 %","  3.44 %","  2.98 %","  4.47 %","  3.97 %","","  3.81 %","  3.57 %","  2.88 %","  5.17 %","  2.08 %","",""
"2020-10-04","  3.34 %","","  4.51 %","  2.31 %","","  4.29 %","","  2.32 %","  5.39 %","  4.01 %","  5.30 %","  3.11 %","","  3.67 %","  3.66 %","  2.99 %","  5.01 %","  2.74 %","",""
"2020-10-05","  1.18 %","","  3.19 %","  1.67 %","","  2.51 %","","  1.69 %","  2.71 %","  2.88 %","  2.77 %","  2.31 %","","  2.01 %","   .28 %","  1.81 %","  2.56 %","   .76 %","",""
"2020-10-06","  2.49 %","","  3.67 %","  1.30 %","","  3.94 %","","  3.34 %","  4.86 %","  3.37 %","  3.09 %","  3.18 %","","  3.64 %","  3.69 %","  2.52 %","  4.44 %","  3.28 %","",""
"2020-10-07","  3.85 %","","  5.08 %","  2.74 %","","  4.18 %","","  3.35 %","  4.67 %","  3.75 %","  6.43 %","  4.86 %","","  4.39 %","  4.24 %","  2.93 %","  5.32 %","  3.25 %","",""
"2020-10-08","  1.75 %","","  1.58 %","  2.69 %","","  2.52 %","","  1.77 %","  2.60 %","  1.70 %","  2.64 %","  3.52 %","","  1.84 %","  3.05 %","  1.13 %","  2.05 %","  2.99 %","",""
"2020-10-09","  4.30 %","","  3.61 %","  3.31 %","","  3.62 %","","  2.70 %","  3.65 %","  3.78 %","  4.50 %","  3.90 %","","  4.27 %","  2.91 %","  2.41 %","  3.94 %","  2.81 %","",""
"2020-10-10","  4.38 %","","  4.56 %","  2.91 %","","  4.57 %","","  3.87 %","  5.45 %","  3.65 %","  4.73 %","  5.21 %","","  4.13 %","  3.40 %","  3.05 %","  6.07 %","  4.03 %","",""
"2020-10-11","  3.08 %","","  4.50 %","  2.50 %","","  2.48 %","","  1.67 %","  3.33 %","  2.81 %","  4.16 %","  4.41 %","","  3.75 %","  3.57 %","  1.80 %","  4.55 %","  3.06 %","",""
"2020-10-12","  2.98 %","","  1.68 %","  1.87 %","","  1.61 %","","  2.01 %","  1.55 %","  2.50 %","  2.85 %","  2.15 %","","  1.62 %","  1.70 %","  1.40 %","  3.16 %","   .70 %","",""
"2020-10-13","  2.29 %","","  3.87 %","  1.54 %","","  2.13 %","","  2.15 %","  4.04 %","  3.04 %","  3.54 %","  3.24 %","","  3.36 %","  2.19 %","  1.70 %","  4.44 %","  2.19 %","",""
"2020-10-14","  2.09 %","","  2.63 %","  2.19 %","","  1.71 %","","  1.46 %","  2.36 %","  2.17 %","  2.03 %","  2.79 %","","  1.95 %","  1.48 %","  1.25 %","  2.44 %","  1.64 %","",""
"2020-10-15","  2.34 %","","  3.91 %","  2.69 %","","  3.09 %","","  2.00 %","  2.30 %","  3.00 %","  3.81 %","  1.20 %","","  1.86 %","  2.14 %","  1.44 %","  3.56 %","  2.75 %","",""
"2020-10-16","  2.47 %","","  1.89 %","  2.27 %","","  2.18 %","","  1.48 %","  1.71 %","  2.55 %","  2.82 %","  2.72 %","","  3.35 %","  2.51 %","  1.25 %","  3.21 %","  2.95 %","",""
"2020-10-17","  2.69 %","","  3.12 %","  2.50 %","","  2.45 %","","  1.74 %","  2.64 %","  2.36 %","  2.62 %","  3.92 %","","  3.44 %","  1.68 %","  1.76 %","  4.26 %","  2.20 %","",""
"2020-10-18","  1.60 %","","  2.16 %","  2.83 %","","  2.38 %","","  1.53 %","  2.11 %","  2.89 %","  2.69 %","  3.47 %","","  1.65 %","  1.45 %","  1.39 %","  3.18 %","  2.56 %","",""
"2020-10-19","  1.39 %","","  1.73 %","   .48 %","","  1.47 %","","   .72 %","  1.45 %","   .98 %","  2.07 %","  2.18 %","","  1.29 %","   .26 %","  1.04 %","  1.90 %","   .88 %","",""
"2020-10-20","  2.40 %","","  1.83 %","  1.22 %","","  1.98 %","","   .87 %","  2.15 %","  2.56 %","  2.12 %","  1.85 %","","  1.89 %","  1.98 %","   .93 %","  3.14 %","  1.49 %","",""
"2020-10-21","  3.24 %","","  3.33 %","  1.67 %","","  2.75 %","","  1.18 %","  2.75 %","  2.77 %","  2.98 %","  1.54 %","","  1.92 %","  1.93 %","  1.29 %","  3.21 %","  2.23 %","",""
"2020-10-22","  3.20 %","","  2.52 %","  1.07 %","","  1.78 %","","  1.26 %","  1.73 %","  1.70 %","  2.33 %","  2.04 %","","  2.10 %","  1.50 %","  1.63 %","  2.79 %","  1.17 %","",""
"2020-10-23","  2.66 %","","  2.31 %","  2.27 %","","  2.31 %","","  1.09 %","  2.38 %","  2.15 %","  1.83 %","  3.06 %","","  2.35 %","  2.16 %","  1.70 %","  3.27 %","  2.39 %","",""
"2020-10-24","  2.55 %","","  3.02 %","  3.19 %","","  1.95 %","","  1.14 %","  2.55 %","  2.26 %","  1.85 %","  1.55 %","","  1.98 %","  2.45 %","  1.71 %","  3.37 %","  1.26 %","",""
"2020-10-25","  1.91 %","","  2.04 %","  2.34 %","","  1.22 %","","   .77 %","  1.78 %","  1.86 %","  2.04 %","  1.39 %","","  1.59 %","  2.19 %","  1.32 %","  3.03 %","  1.37 %","",""
"2020-10-26","  1.15 %","","  1.12 %","  1.19 %","","   .77 %","","   .36 %","  1.05 %","   .92 %","  1.15 %","  1.79 %","","  1.15 %","   .17 %","   .94 %","  1.40 %","   .44 %","",""
"2020-10-27","  2.21 %","","  1.74 %","   .73 %","","  1.13 %","","   .36 %","  1.08 %","  1.85 %","  1.36 %","  1.45 %","","  1.39 %","   .79 %","   .75 %","  2.10 %","  1.60 %","",""
"2020-10-28","  2.64 %","","  2.98 %","  1.70 %","","  2.18 %","","  1.13 %","  3.03 %","  2.74 %","  2.58 %","  1.11 %","","  1.83 %","  1.82 %","  1.41 %","  2.86 %","  2.87 %","",""
"2020-10-29","  2.57 %","","  1.86 %","  2.44 %","","  1.77 %","","  1.03 %","  1.52 %","  1.75 %","  1.52 %","  1.18 %","","  1.48 %","  1.86 %","  1.40 %","  2.69 %","  1.38 %","",""
"2020-10-30","  2.11 %","","  1.53 %","  1.08 %","","  1.42 %","","   .72 %","  1.49 %","  1.62 %","  1.56 %","  1.51 %","","  1.90 %","  1.10 %","  1.02 %","  2.92 %","  1.32 %","",""
"2020-10-31","  2.01 %","","  2.50 %","   .80 %","","  1.38 %","","   .84 %","  2.26 %","  2.53 %","  1.77 %","  1.50 %","","  1.92 %","  1.36 %","  1.36 %","  2.88 %","  2.09 %","",""
"2020-11-01","  1.88 %","","  2.28 %","  2.06 %","","  1.24 %","","   .77 %","  2.12 %","  1.84 %","  1.86 %","  1.01 %","","  1.65 %","  1.05 %","  1.01 %","  2.37 %","  1.22 %","",""
"2020-11-02","  1.49 %","","  1.11 %","   .82 %","","   .78 %","","   .31 %","  1.02 %","  1.02 %","  1.18 %","   .89 %","","  1.07 %","   .29 %","   .61 %","  1.06 %","   .64 %","",""
"2020-11-03","  2.24 %","","  1.80 %","   .91 %","","  1.33 %","","   .78 %","  1.69 %","  2.09 %","  1.71 %","   .88 %","","  1.59 %","  1.59 %","  1.10 %","  2.08 %","  1.64 %","",""
"2020-11-04","  2.21 %","","  2.49 %","  2.73 %","","  1.44 %","","   .96 %","  2.67 %","  2.30 %","  1.90 %","  1.47 %","","  1.65 %","  1.19 %","  1.08 %","  2.65 %","  2.06 %","",""
"2020-11-05","  1.86 %","","  1.52 %","  1.51 %","","  1.27 %","","   .81 %","  1.45 %","  1.89 %","  1.62 %","  1.16 %","","  1.33 %","  1.34 %","  1.24 %","  2.09 %","  1.53 %","",""
"2020-11-06","  1.78 %","","  1.34 %","  2.02 %","","  1.35 %","","   .71 %","  1.83 %","  1.78 %","  1.47 %","  1.39 %","","  1.64 %","  1.14 %","  1.00 %","  2.16 %","  2.20 %","",""
"2020-11-07","  1.89 %","","  2.05 %","  1.36 %","","  1.00 %","","   .48 %","  1.54 %","  1.90 %","  1.84 %","  1.16 %","","  1.62 %","   .91 %","  1.15 %","  1.92 %","  1.46 %","",""
"2020-11-08","  1.28 %","","  1.24 %","  2.22 %","","  1.28 %","","   .81 %","  1.29 %","  1.51 %","  1.07 %","   .96 %","","  1.05 %","   .94 %","   .67 %","  1.40 %","  1.33 %","",""
"2020-11-09","   .93 %","","   .83 %","   .51 %","","   .56 %","","   .38 %","   .62 %","   .75 %","   .88 %","   .97 %","","   .76 %","   .26 %","   .51 %","   .93 %","   .63 %","",""
"2020-11-10","  1.68 %","","  1.10 %","  1.08 %","","  1.10 %","","   .41 %","  1.12 %","  1.55 %","  1.47 %","  1.20 %","","  1.15 %","  1.41 %","   .89 %","  1.52 %","  1.40 %","",""
"2020-11-11","  1.34 %","","  1.83 %","  2.69 %","","   .95 %","","   .71 %","  1.74 %","  2.08 %","  1.49 %","   .91 %","","  1.41 %","  1.37 %","   .75 %","  2.03 %","  1.95 %","",""
"2020-11-12","  1.44 %","","   .90 %","  2.15 %","","  1.24 %","","   .54 %","  1.01 %","  1.21 %","  1.23 %","  1.06 %","","  1.42 %","   .81 %","   .60 %","  1.50 %","  1.21 %","",""
"2020-11-13","  1.17 %","","  1.38 %","  2.13 %","","   .85 %","","   .40 %","  1.22 %","  1.21 %","  1.40 %","  1.00 %","","  1.41 %","  1.10 %","   .67 %","  1.37 %","  1.26 %","",""
"2020-11-14","  1.34 %","","  1.54 %","  1.19 %","","  1.27 %","","   .69 %","  1.31 %","  1.46 %","  1.23 %","  1.13 %","","  1.49 %","   .83 %","   .71 %","  1.52 %","  2.01 %","",""
"2020-11-15","  1.21 %","","   .86 %","  1.82 %","","   .70 %","","   .30 %","   .83 %","   .90 %","   .98 %","   .92 %","","  1.30 %","   .98 %","   .47 %","   .84 %","  1.16 %","",""
"2020-11-16","   .54 %","","   .49 %","   .90 %","","   .38 %","","   .31 %","   .46 %","   .55 %","   .68 %","   .81 %","","   .57 %","   .23 %","   .31 %","   .45 %","   .42 %","",""
"2020-11-17","   .87 %","","  1.07 %","  1.25 %","","  1.15 %","","   .47 %","  1.64 %","  1.43 %","  1.08 %","  1.26 %","","  1.17 %","  1.14 %","   .59 %","  1.30 %","  1.10 %","",""
"2020-11-18","  1.51 %","","  1.53 %","  2.64 %","","   .72 %","","   .53 %","  1.64 %","  1.23 %","  1.35 %","   .82 %","","  1.15 %","  1.31 %","   .70 %","  1.35 %","  1.77 %","",""
"2020-11-19","  1.23 %","","   .72 %","  2.85 %","","  1.13 %","","   .70 %","   .79 %","  1.11 %","   .94 %","  1.38 %","","  1.49 %","  1.10 %","   .68 %","  1.20 %","  1.26 %","",""
"2020-11-20","   .91 %","","   .94 %","   .85 %","","   .83 %","","   .66 %","  1.18 %","  1.36 %","  1.12 %","  1.66 %","","  1.70 %","   .95 %","   .58 %","  1.22 %","  1.47 %","",""
"2020-11-21","   .88 %","","  1.33 %","  1.87 %","","   .69 %","","   .50 %","  1.06 %","  1.34 %","  1.14 %","  1.18 %","","  1.39 %","  1.17 %","   .58 %","   .89 %","  1.63 %","",""
"2020-11-22","  1.85 %","","  2.13 %","  3.99 %","","  1.45 %","","   .88 %","  1.76 %","  2.43 %","  2.10 %","  2.39 %","","  2.72 %","  2.06 %","  1.14 %","  1.88 %","  3.22 %","",""
"2020-11-23","   .58 %","","   .53 %","   .46 %","","   .46 %","","   .15 %","   .44 %","   .85 %","   .80 %","  1.53 %","","   .93 %","   .30 %","   .33 %","   .50 %","   .40 %","",""
"2020-11-24","   .86 %","","   .92 %","  1.14 %","","   .85 %","","   .47 %","  1.02 %","  1.40 %","   .83 %","  1.25 %","","  1.26 %","  1.03 %","   .50 %","  1.00 %","  1.05 %","",""
"2020-11-25","  1.20 %","","  1.23 %","  2.20 %","","   .77 %","","   .48 %","  1.18 %","  1.34 %","  1.27 %","   .97 %","","  1.27 %","  1.48 %","   .66 %","  1.16 %","  2.41 %","",""
"2020-11-26","   .75 %","","   .74 %","  2.32 %","","   .71 %","","   .40 %","   .86 %","  1.25 %","  1.04 %","  1.04 %","","  1.02 %","  1.05 %","   .65 %","  1.00 %","  1.49 %","",""
"2020-11-27","   .51 %","","   .62 %","  1.27 %","","   .41 %","","   .45 %","   .49 %","  1.01 %","   .56 %","   .87 %","","   .94 %","   .80 %","   .37 %","   .91 %","  1.02 %","",""
"2020-11-28","   .66 %","","  1.26 %","  1.56 %","","   .98 %","","   .63 %","   .98 %","  1.81 %","  1.06 %","   .96 %","","  1.30 %","   .70 %","   .68 %","  1.11 %","  2.41 %","",""
"2020-11-29","   .81 %","","   .78 %","  2.36 %","","   .86 %","","   .56 %","   .90 %","  1.13 %","  1.25 %","  1.01 %","","  1.03 %","  1.21 %","   .52 %","   .89 %","  1.38 %","",""
"2020-11-30","   .58 %","","   .48 %","   .41 %","","   .54 %","","   .39 %","   .50 %","   .68 %","   .70 %","   .85 %","","   .63 %","   .45 %","   .32 %","   .42 %","   .83 %","",""
"2020-12-01","   .59 %","","   .76 %","  1.35 %","","   .68 %","","   .38 %","   .73 %","  1.63 %","   .74 %","  1.22 %","","   .83 %","  1.38 %","   .56 %","  1.06 %","  1.38 %","",""
"2020-12-26","   .54 %","","   .61 %","   .55 %","","   .36 %","","   .24 %","   .75 %","   .68 %","   .75 %","   .70 %","","   .40 %","   .85 %","   .28 %","   .63 %","   .62 %","",""
"2020-12-27","   .48 %","","   .90 %","   .67 %","","   .87 %","","   .17 %","  1.03 %","  1.38 %","   .82 %","   .70 %","","   .59 %","  1.86 %","   .44 %","   .63 %","  2.08 %","",""
"2020-12-28","   .39 %","","   .50 %","   .97 %","","   .31 %","","   .17 %","   .35 %","   .65 %","   .56 %","   .67 %","","   .53 %","   .43 %","   .26 %","   .48 %","  1.41 %","",""
"2020-12-29","   .73 %","","  1.08 %","   .81 %","","   .69 %","","   .27 %","   .88 %","  2.07 %","   .71 %","   .81 %","","   .63 %","  2.62 %","   .56 %","  1.06 %","  1.81 %","",""
"2020-12-30","   .95 %","","  1.47 %","  1.64 %","","   .72 %","","   .34 %","  1.21 %","  1.41 %","   .89 %","   .54 %","","   .84 %","  3.25 %","   .43 %","   .73 %","  2.28 %","",""
"2020-12-31","   .86 %","","   .82 %","  1.50 %","","   .89 %","","   .43 %","   .80 %","  1.24 %","   .72 %","   .51 %","","   .56 %","  2.26 %","   .57 %","   .83 %","  1.38 %","",""
"2021-01-01","   .73 %","","   .86 %","   .83 %","","   .78 %","","   .36 %","   .82 %","  1.21 %","   .62 %","   .67 %","","   .56 %","  2.12 %","   .52 %","   .69 %","  1.43 %","",""
"2021-01-02","   .76 %","","  1.05 %","  1.72 %","","   .57 %","","   .37 %","   .75 %","  1.36 %","   .81 %","   .75 %","","   .59 %","  1.91 %","   .39 %","   .65 %","  1.66 %","",""
"2021-01-03","   .53 %","","  1.02 %","  1.92 %","","   .51 %","","   .18 %","   .63 %","  1.01 %","   .69 %","   .67 %","","   .53 %","  1.59 %","   .37 %","   .51 %","  1.18 %","",""
"2021-01-04","   .45 %","","   .53 %","   .66 %","","   .38 %","","   .12 %","   .35 %","   .64 %","   .65 %","   .52 %","","   .33 %","   .45 %","   .29 %","   .44 %","   .62 %","",""
"2021-01-05","   .77 %","","   .99 %","   .97 %","","   .72 %","","   .26 %","   .83 %","  1.74 %","   .57 %","   .49 %","","   .63 %","  2.70 %","   .51 %","   .96 %","  1.37 %","",""
"2021-01-06","   .87 %","","  1.46 %","  1.98 %","","   .62 %","","   .34 %","  1.04 %","  1.33 %","   .97 %","   .55 %","","   .61 %","  2.63 %","   .55 %","   .77 %","  1.62 %","",""
"2021-01-07","   .83 %","","   .89 %","  2.03 %","","   .42 %","","   .38 %","   .55 %","  1.22 %","   .63 %","   .55 %","","   .57 %","  1.98 %","   .37 %","   .66 %","  1.86 %","",""
"2021-01-08","   .65 %","","   .94 %","  2.12 %","","   .70 %","","   .28 %","   .71 %","  1.08 %","   .61 %","   .52 %","","   .63 %","  1.63 %","   .41 %","   .76 %","  1.78 %","",""
"2021-01-09","   .60 %","","  1.18 %","  1.53 %","","   .51 %","","   .41 %","   .89 %","  1.33 %","   .78 %","   .65 %","","   .51 %","  1.75 %","   .45 %","   .61 %","  1.56 %","",""
"2021-01-10","   .50 %","","   .85 %","  1.42 %","","   .72 %","","   .19 %","   .65 %","   .79 %","   .72 %","   .55 %","","   .41 %","  1.63 %","   .37 %","   .50 %","  1.25 %","",""
"2021-01-11","   .35 %","","   .57 %","   .94 %","","   .44 %","","   .21 %","   .43 %","   .73 %","   .53 %","   .48 %","","   .41 %","   .47 %","   .29 %","   .25 %","   .54 %","",""
"2021-01-12","   .65 %","","  1.04 %","  1.15 %","","   .75 %","","   .25 %","   .81 %","  1.59 %","   .72 %","   .49 %","","   .47 %","  1.72 %","   .45 %","   .71 %","  1.47 %","",""
"2021-01-13","   .80 %","","  1.27 %","  1.86 %","","   .70 %","","   .40 %","   .95 %","  1.30 %","   .84 %","   .50 %","","   .52 %","  1.57 %","   .49 %","   .65 %","  1.74 %","",""
"2021-01-14","   .64 %","","   .83 %","  1.30 %","","   .63 %","","   .31 %","   .83 %","  1.00 %","   .73 %","   .86 %","","   .48 %","  2.00 %","   .37 %","   .65 %","  1.58 %","",""
"2021-01-15","   .65 %","","  1.00 %","  1.84 %","","   .59 %","","   .42 %","   .83 %","  1.22 %","   .82 %","   .57 %","","   .48 %","  1.50 %","   .38 %","   .73 %","  1.63 %","",""
"2021-01-16","   .65 %","","  1.29 %","  1.13 %","","   .55 %","","   .39 %","   .78 %","  1.18 %","   .89 %","   .58 %","","   .79 %","  1.63 %","   .47 %","   .61 %","  1.59 %","",""
"2021-01-17","   .55 %","","   .93 %","  1.46 %","","   .63 %","","   .34 %","   .77 %","   .84 %","   .83 %","   .57 %","","   .40 %","  1.40 %","   .37 %","   .38 %","  1.48 %","",""
"2021-01-18","   .32 %","","   .69 %","  1.08 %","","   .49 %","","   .15 %","   .56 %","   .64 %","   .47 %","   .42 %","","   .34 %","   .40 %","   .37 %","   .26 %","   .44 %","",""
"2021-01-19","   .85 %","","  1.22 %","   .78 %","","   .79 %","","   .27 %","  1.02 %","  1.40 %","   .58 %","   .60 %","","   .54 %","  1.65 %","   .50 %","   .77 %","  1.58 %","",""
"2021-01-20","   .75 %","","  1.22 %","  2.00 %","","   .73 %","","   .27 %","  1.09 %","  1.44 %","   .92 %","   .63 %","","   .53 %","  2.08 %","   .47 %","   .63 %","  2.04 %","",""
"2021-01-21","   .73 %","","   .90 %","  1.77 %","","   .77 %","","   .37 %","  1.06 %","  1.31 %","   .69 %","   .76 %","","   .54 %","  1.66 %","   .58 %","   .66 %","  1.48 %","",""
"2021-01-22","   .72 %","","  1.18 %","  1.41 %","","   .80 %","","   .28 %","   .96 %","  1.16 %","   .87 %","   .67 %","","   .63 %","  1.91 %","   .63 %","   .77 %","  1.56 %","",""
"2021-01-23","   .83 %","","  1.24 %","  1.45 %","","   .82 %","","   .36 %","  1.13 %","  1.38 %","   .95 %","   .61 %","","   .51 %","  1.67 %","   .64 %","   .56 %","  1.75 %","",""
"2021-01-24","   .49 %","","   .93 %","  1.79 %","","   .91 %","","   .52 %","   .89 %","  1.21 %","   .88 %","   .46 %","","   .45 %","  1.35 %","   .48 %","   .60 %","  1.73 %","",""
"2021-01-25","   .47 %","","   .55 %","   .64 %","","   .29 %","","   .17 %","   .65 %","   .60 %","   .50 %","   .25 %","","   .35 %","   .34 %","   .38 %","   .41 %","   .39 %","",""
"2021-01-26","   .82 %","","   .97 %","  1.00 %","","   .76 %","","   .35 %","   .96 %","  1.22 %","   .53 %","   .58 %","","   .56 %","  1.60 %","   .63 %","   .79 %","  1.42 %","",""
"2021-01-27","   .61 %","","   .97 %","  1.65 %","","   .88 %","","   .35 %","   .77 %","   .98 %","   .86 %","   .45 %","","   .40 %","  1.14 %","   .42 %","   .46 %","  1.38 %","",""
"2021-01-28","   .73 %","","   .86 %","  1.48 %","","   .67 %","","   .34 %","  1.09 %","   .98 %","   .66 %","   .46 %","","   .51 %","  1.28 %","   .48 %","   .57 %","  1.09 %","",""
"2021-01-29","   .70 %","","   .94 %","  1.58 %","","   .85 %","","   .49 %","  1.06 %","  1.15 %","   .79 %","   .46 %","","   .55 %","  1.25 %","   .49 %","   .67 %","   .97 %","",""
"2021-01-30","   .87 %","","   .92 %","   .93 %","","   .77 %","","   .42 %","  1.07 %","   .89 %","   .91 %","   .47 %","","   .54 %","  1.53 %","   .41 %","   .70 %","  1.03 %","",""
"2021-01-31","   .61 %","","   .79 %","   .95 %","","   .55 %","","   .28 %","   .74 %","   .93 %","   .72 %","   .53 %","","   .45 %","  1.35 %","   .35 %","   .50 %","   .84 %","",""
"2021-02-01","   .42 %","","   .45 %","   .58 %","","   .37 %","","   .17 %","   .39 %","   .54 %","   .47 %","   .57 %","","   .31 %","   .49 %","   .34 %","   .35 %","   .46 %","",""
"2021-02-02","   .51 %","","   .79 %","   .61 %","","   .81 %","","   .33 %","   .89 %","  1.11 %","   .54 %","   .50 %","","   .53 %","  1.40 %","   .45 %","   .74 %","  1.18 %","",""
"2021-02-03","   .64 %","","   .91 %","  1.34 %","","   .70 %","","   .37 %","  1.04 %","  1.04 %","   .80 %","   .42 %","","   .57 %","  1.57 %","   .57 %","   .62 %","  1.01 %","",""
"2021-02-04","   .90 %","","   .86 %","  1.33 %","","   .68 %","","   .38 %","   .97 %","   .79 %","   .73 %","   .53 %","","   .45 %","  1.47 %","   .47 %","   .62 %","   .60 %","",""
"2021-02-05","   .50 %","","   .73 %","  1.13 %","","   .59 %","","   .40 %","   .58 %","   .79 %","   .75 %","   .65 %","","   .45 %","  1.33 %","   .51 %","   .64 %","   .86 %","",""
"2021-02-06","   .65 %","","   .91 %","   .80 %","","   .42 %","","   .25 %","   .77 %","   .88 %","   .74 %","   .70 %","","   .48 %","  1.25 %","   .55 %","   .57 %","   .93 %","",""
"2021-02-07","   .58 %","","   .56 %","   .99 %","","   .58 %","","   .35 %","  1.20 %","  1.09 %","   .70 %","   .71 %","","   .33 %","  1.42 %","   .50 %","   .54 %","  1.09 %","",""
"2021-02-08","   .50 %","","   .43 %","   .60 %","","   .33 %","","   .14 %","   .48 %","   .61 %","   .42 %","   .53 %","","   .21 %","   .60 %","   .43 %","   .36 %","   .36 %","",""
"2021-02-09","   .53 %","","   .61 %","   .47 %","","   .62 %","","   .44 %","   .84 %","   .93 %","   .50 %","   .47 %","","   .38 %","  1.21 %","   .51 %","   .63 %","   .38 %","",""
"2021-02-10","   .64 %","","   .80 %","   .84 %","","   .48 %","","   .28 %","   .98 %","   .96 %","   .67 %","   .44 %","","   .39 %","  1.38 %","   .51 %","   .68 %","  1.02 %","",""
"2021-02-11","   .53 %","","   .62 %","   .91 %","","   .57 %","","   .40 %","   .81 %","   .63 %","   .63 %","   .43 %","","   .46 %","  1.65 %","   .33 %","   .47 %","   .90 %","",""
"2021-02-12","   .73 %","","   .58 %","   .87 %","","   .44 %","","   .57 %","   .71 %","   .92 %","   .53 %","   .55 %","","   .30 %","  1.27 %","   .44 %","   .58 %","   .63 %","",""
"2021-02-13","   .77 %","","   .73 %","   .92 %","","   .62 %","","   .52 %","   .64 %","   .61 %","   .76 %","   .32 %","","   .31 %","  1.11 %","   .40 %","   .68 %","   .80 %","",""
"2021-02-14","   .53 %","","   .42 %","   .64 %","","   .36 %","","   .28 %","   .48 %","   .86 %","   .48 %","   .65 %","","   .34 %","  1.06 %","   .34 %","   .46 %","   .71 %","",""
"2021-02-15","   .38 %","","   .38 %","   .20 %","","   .30 %","","   .17 %","   .26 %","   .46 %","   .29 %","   .57 %","","   .17 %","   .24 %","   .27 %","   .21 %","   .34 %","",""
"2021-02-16","   .57 %","","   .62 %","   .30 %","","   .40 %","","   .48 %","   .75 %","   .75 %","   .42 %","   .35 %","","   .43 %","  1.18 %","   .41 %","   .61 %","   .65 %","",""
"2021-02-17","   .51 %","","   .49 %","   .83 %","","   .62 %","","   .28 %","   .75 %","   .80 %","   .48 %","   .34 %","","   .28 %","  1.22 %","   .37 %","   .53 %","   .69 %","",""
"2021-02-18","   .37 %","   .00 %","   .58 %","   .35 %","","   .46 %","","   .67 %","   .49 %","   .57 %","   .63 %","   .50 %","","   .26 %","  1.08 %","   .32 %","   .42 %","   .64 %","",""
"2021-02-19","   .65 %","","   .50 %","   .43 %","","   .42 %","","   .28 %","   .56 %","   .63 %","   .50 %","   .48 %","","   .32 %","   .90 %","   .36 %","   .40 %","   .55 %","",""
"2021-02-20","   .56 %","","   .53 %","   .34 %","","   .38 %","","   .47 %","   .59 %","   .41 %","   .59 %","   .53 %","","   .38 %","   .68 %","   .35 %","   .60 %","   .68 %","",""
"2021-02-21","   .42 %","","   .48 %","   .42 %","","   .36 %","","   .38 %","   .44 %","   .68 %","   .54 %","   .34 %","","   .25 %","   .84 %","   .29 %","   .43 %","   .39 %","",""
"2021-02-22","   .39 %","","   .23 %","   .18 %","","   .24 %","","   .32 %","   .20 %","   .22 %","   .36 %","   .23 %","","   .13 %","   .21 %","   .21 %","   .17 %","   .24 %","",""
"2021-02-23","   .40 %","","   .45 %","   .31 %","","   .44 %","","   .52 %","   .54 %","   .59 %","   .34 %","   .35 %","","   .29 %","   .91 %","   .27 %","   .45 %","   .61 %","",""
"2021-02-24","   .36 %","","   .44 %","   .45 %","","   .42 %","","   .47 %","   .58 %","   .54 %","   .46 %","   .32 %","","   .21 %","  1.08 %","   .28 %","   .40 %","   .56 %","",""
"2021-02-25","   .40 %","","   .37 %","   .37 %","","   .66 %","","   .52 %","   .40 %","   .57 %","   .46 %","   .26 %","","   .22 %","   .60 %","   .28 %","   .30 %","   .43 %","",""
"2021-02-26","   .39 %","","   .30 %","   .37 %","","   .37 %","","   .44 %","   .49 %","   .34 %","   .44 %","   .27 %","","   .25 %","   .69 %","   .25 %","   .57 %","   .73 %","",""
"2021-02-27","   .44 %","","   .38 %","   .30 %","","   .36 %","","   .54 %","   .53 %","   .35 %","   .49 %","   .38 %","","   .22 %","   .55 %","   .25 %","   .48 %","   .37 %","",""
"2021-02-28","   .35 %","","   .32 %","   .50 %","","   .38 %","","   .45 %","   .40 %","   .54 %","   .37 %","   .34 %","","   .17 %","   .54 %","   .17 %","   .23 %","   .45 %","",""
"2021-03-01","   .19 %","","   .22 %","   .15 %","","   .41 %","","   .26 %","   .16 %","   .15 %","   .36 %","   .23 %","","   .11 %","   .13 %","   .12 %","   .12 %","   .28 %","",""
"2021-03-02","   .23 %","","   .28 %","   .26 %","","   .47 %","","   .29 %","   .35 %","   .32 %","   .31 %","   .33 %","","   .19 %","   .48 %","   .20 %","   .41 %","   .26 %","",""
"2021-03-03","   .30 %","","   .25 %","   .39 %","","   .26 %","","   .39 %","   .30 %","   .36 %","   .37 %","   .27 %","","   .19 %","   .42 %","   .17 %","   .28 %","   .37 %","",""
"2021-03-04","   .31 %","","   .20 %","   .32 %","","   .42 %","","   .43 %","   .33 %","   .33 %","   .32 %","   .16 %","","   .15 %","   .25 %","   .23 %","   .28 %","   .40 %","",""
"2021-03-05","   .29 %","","   .26 %","   .39 %","","   .36 %","","   .45 %","   .29 %","   .27 %","   .33 %","   .29 %","","   .17 %","   .37 %","   .20 %","   .32 %","   .30 %","",""
"2021-03-06","   .29 %","","   .21 %","   .23 %","","   .44 %","","   .32 %","   .38 %","   .33 %","   .35 %","   .27 %","","   .19 %","   .44 %","   .20 %","   .26 %","   .27 %","",""
"2021-03-07","   .21 %","","   .20 %","   .19 %","","   .32 %","","   .34 %","   .21 %","   .21 %","   .29 %","   .17 %","","   .15 %","   .23 %","   .18 %","   .24 %","   .21 %","",""
"2021-03-08","   .11 %","","   .12 %","   .43 %","","   .17 %","","   .17 %","   .18 %","   .12 %","   .22 %","   .13 %","","   .10 %","   .10 %","   .14 %","   .10 %","   .14 %","",""
"2021-03-09","   .14 %","","   .21 %","   .38 %","","   .36 %","","   .26 %","   .27 %","   .41 %","   .24 %","   .13 %","","   .15 %","   .39 %","   .17 %","   .27 %","   .28 %","",""
"2021-03-10","   .24 %","","   .22 %","   .35 %","","   .25 %","","   .43 %","   .25 %","   .26 %","   .31 %","   .27 %","","   .11 %","   .46 %","   .18 %","   .22 %","   .28 %","",""
"2021-03-11","   .23 %","","   .18 %","   .19 %","","   .40 %","","   .41 %","   .19 %","   .27 %","   .24 %","   .17 %","","   .17 %","   .40 %","   .12 %","   .19 %","   .15 %","",""
"2021-03-12","   .37 %","","   .32 %","   .34 %","","   .66 %","","   .64 %","   .38 %","   .45 %","   .48 %","   .36 %","","   .29 %","   .55 %","   .29 %","   .41 %","   .33 %","",""
"2021-03-13","   .18 %","","   .20 %","   .18 %","","   .41 %","","   .29 %","   .28 %","   .24 %","   .23 %","   .16 %","","   .15 %","   .14 %","   .17 %","   .17 %","   .23 %","",""
"2021-03-14","   .15 %","","   .12 %","   .24 %","","   .30 %","","   .22 %","   .23 %","   .23 %","   .26 %","   .14 %","","   .07 %","   .27 %","   .17 %","   .12 %","   .17 %","",""
"2021-03-15","   .10 %","","   .10 %","   .10 %","","   .15 %","","   .10 %","   .14 %","   .10 %","   .11 %","   .12 %","","   .09 %","   .08 %","   .13 %","   .08 %","   .09 %","",""
"2021-03-16","   .14 %","","   .21 %","   .33 %","","   .35 %","","   .27 %","   .20 %","   .31 %","   .21 %","   .10 %","","   .13 %","   .24 %","   .17 %","   .18 %","   .21 %","",""
"2021-03-17","   .12 %","","   .22 %","   .27 %","","   .27 %","","   .45 %","   .28 %","   .24 %","   .22 %","   .15 %","","   .14 %","   .30 %","   .18 %","   .15 %","   .26 %","",""
"2021-03-18","   .17 %","","   .16 %","   .22 %","","   .32 %","","   .36 %","   .23 %","   .22 %","   .19 %","   .14 %","","   .13 %","   .29 %","   .20 %","   .14 %","   .10 %","",""
"2021-03-19","   .18 %","","   .16 %","   .18 %","","   .35 %","","   .36 %","   .21 %","   .18 %","   .23 %","   .14 %","","   .18 %","   .26 %","   .13 %","   .22 %","   .23 %","",""
"2021-03-20","   .14 %","","   .20 %","   .51 %","","   .31 %","","   .40 %","   .21 %","   .23 %","   .29 %","   .14 %","","   .13 %","   .12 %","   .20 %","   .18 %","   .19 %","",""
"2021-03-21","   .15 %","","   .13 %","   .45 %","","   .35 %","","   .27 %","   .19 %","   .20 %","   .21 %","   .13 %","","   .14 %","   .22 %","   .16 %","   .19 %","   .16 %","",""
"2021-03-22","   .14 %","","   .09 %","   .36 %","","   .24 %","","   .15 %","   .14 %","   .10 %","   .10 %","   .08 %","","   .11 %","   .09 %","   .18 %","   .10 %","   .10 %","",""
"2021-03-23","   .16 %","","   .15 %","   .19 %","","   .49 %","","   .43 %","   .21 %","   .27 %","   .20 %","   .09 %","","   .15 %","   .19 %","   .15 %","   .22 %","   .25 %","",""
"2021-03-24","   .13 %","","   .21 %","   .34 %","","   .57 %","","   .35 %","   .18 %","   .27 %","   .29 %","   .16 %","","   .19 %","   .22 %","   .30 %","   .21 %","   .30 %","",""
"2021-03-25","   .15 %","","   .16 %","   .35 %","","   .39 %","   .00 %","   .31 %","   .18 %","   .21 %","   .27 %","   .18 %","","   .13 %","   .19 %","   .20 %","   .10 %","   .18 %","",""
"2021-03-26","   .16 %","","   .15 %","   .24 %","","   .47 %","","   .35 %","   .21 %","   .15 %","   .23 %","   .10 %","","   .12 %","   .16 %","   .15 %","   .15 %","   .17 %","",""
"2021-03-27","   .08 %","","   .21 %","   .24 %","","   .42 %","","   .26 %","   .20 %","   .29 %","   .23 %","   .13 %","","   .19 %","   .15 %","   .17 %","   .22 %","   .25 %","",""
"2021-03-28","   .13 %","","   .19 %","   .18 %","","   .54 %","","   .54 %","   .15 %","   .19 %","   .35 %","   .19 %","","   .12 %","   .16 %","   .15 %","   .19 %","   .27 %","",""
"2021-03-29","   .06 %","","   .16 %","   .21 %","","   .47 %","","   .32 %","   .11 %","   .12 %","   .16 %","   .12 %","","   .16 %","   .11 %","   .15 %","   .10 %","   .13 %","",""
"2021-03-30","   .11 %","","   .24 %","   .37 %","","   .46 %","","   .26 %","   .20 %","   .26 %","   .28 %","   .23 %","","   .17 %","   .12 %","   .22 %","   .23 %","   .33 %","",""
"2021-03-31","   .12 %","","   .27 %","   .38 %","","   .77 %","","   .55 %","   .18 %","   .23 %","   .35 %","   .19 %","","   .15 %","   .20 %","   .23 %","   .18 %","   .23 %","",""
"2021-04-01","   .13 %","","   .28 %","   .48 %","","   .64 %","","   .61 %","   .26 %","   .27 %","   .37 %","   .16 %","","   .21 %","   .24 %","   .16 %","   .26 %","   .28 %","",""
"2021-04-02","   .10 %","","   .24 %","   .27 %","","   .50 %","","   .60 %","   .19 %","   .25 %","   .33 %","   .20 %","","   .19 %","   .21 %","   .21 %","   .20 %","   .29 %","",""
"2021-04-03","   .11 %","","   .23 %","   .20 %","","   .48 %","","   .42 %","   .25 %","   .17 %","   .49 %","   .17 %","","   .21 %","   .13 %","   .18 %","   .22 %","   .32 %","",""
"2021-04-04","   .13 %","","   .31 %","   .44 %","","   .64 %","","   .61 %","   .17 %","   .31 %","   .34 %","   .22 %","","   .24 %","   .14 %","   .18 %","   .23 %","   .25 %","",""
"2021-04-05","   .15 %","","   .27 %","   .25 %","","   .43 %","","   .46 %","   .17 %","   .22 %","   .31 %","   .18 %","","   .21 %","   .08 %","   .25 %","   .19 %","   .16 %","",""
"2021-04-06","   .22 %","","   .41 %","   .60 %","","   .74 %","","   .41 %","   .20 %","   .48 %","   .34 %","   .24 %","","   .31 %","   .34 %","   .21 %","   .30 %","   .49 %","",""
"2021-04-07","   .21 %","","   .42 %","   .35 %","","   .51 %","","   .37 %","   .29 %","   .41 %","   .47 %","   .25 %","","   .31 %","   .21 %","   .32 %","   .30 %","   .34 %","",""
"2021-04-08","   .32 %","","   .55 %","   .47 %","","   .59 %","","   .74 %","   .33 %","   .44 %","   .38 %","   .32 %","","   .34 %","   .27 %","   .43 %","   .42 %","   .73 %","",""
"2021-04-09","   .31 %","","   .50 %","   .93 %","","   .84 %","","   .77 %","   .30 %","   .56 %","   .60 %","   .32 %","","   .45 %","   .48 %","   .41 %","   .44 %","   .62 %","",""
"2021-04-10","   .52 %","","   .81 %","   .86 %","","   .79 %","","   .89 %","   .36 %","   .50 %","   .66 %","   .49 %","","   .54 %","   .47 %","   .53 %","   .56 %","   .78 %","",""
"2021-04-11","   .44 %","","   .69 %","  1.08 %","","  1.00 %","","   .77 %","   .35 %","   .88 %","  1.05 %","   .65 %","","   .58 %","   .45 %","   .51 %","   .44 %","   .81 %","",""
"2021-04-12","   .44 %","","   .63 %","   .71 %","","   .92 %","","   .67 %","   .33 %","   .54 %","   .83 %","   .54 %","","   .36 %","   .27 %","   .49 %","   .33 %","   .53 %","",""
"2021-04-13","   .59 %","","   .94 %","   .94 %","","   .86 %","","  1.30 %","   .52 %","   .82 %","   .71 %","   .56 %","","   .61 %","   .57 %","   .55 %","   .72 %","   .79 %","",""
"2021-04-14","   .62 %","","   .98 %","  1.23 %","","  1.26 %","","  1.27 %","   .50 %","  1.06 %","   .89 %","   .78 %","","   .81 %","   .67 %","   .63 %","   .56 %","  1.08 %","",""
"2021-04-15","   .44 %","","  1.00 %","   .73 %","","  1.08 %","","   .47 %","   .46 %","   .96 %","   .85 %","   .65 %","","   .84 %","   .71 %","   .76 %","   .72 %","   .65 %","",""
"2021-04-16","   .95 %","","  1.09 %","  1.04 %","","  1.11 %","","  1.89 %","   .52 %","   .99 %","  1.24 %","   .76 %","","   .89 %","   .47 %","   .70 %","   .75 %","  1.35 %","",""
"2021-04-17","  1.15 %","","  1.70 %","  2.26 %","","  1.85 %","","   .96 %","   .53 %","  1.45 %","  1.18 %","  1.23 %","","  1.48 %","  1.18 %","   .85 %","  1.16 %","  1.85 %","",""
"2021-04-18","  1.00 %","","  2.16 %","  2.33 %","","  2.32 %","","  1.78 %","   .90 %","  2.11 %","  1.99 %","  1.42 %","","  1.82 %","  1.18 %","   .91 %","  1.78 %","  2.28 %","",""
"2021-04-19","   .87 %","","  1.33 %","  1.57 %","","  1.84 %","","  1.90 %","   .51 %","  1.18 %","  1.54 %","  1.39 %","","   .96 %","   .68 %","   .90 %","  1.36 %","  1.43 %","",""
"2021-04-20","  1.66 %","","  2.37 %","  2.10 %","","  2.09 %","","  2.37 %","   .94 %","  1.81 %","  1.75 %","  1.60 %","","  1.82 %","   .79 %","  1.35 %","  1.81 %","  2.14 %","",""
"2021-04-21","  1.42 %","","  2.87 %","  2.48 %","","  2.34 %","","  1.85 %","  1.04 %","  2.53 %","  1.95 %","  1.52 %","","  1.80 %","  1.40 %","  1.68 %","  2.18 %","  1.91 %","",""
"2021-04-22","  1.38 %","","  3.08 %","  2.93 %","","  2.57 %","","  1.85 %","  1.07 %","  2.86 %","  2.43 %","  2.22 %","","  2.40 %","  2.10 %","  2.01 %","  2.59 %","  2.14 %","",""
"2021-04-23","  1.46 %","","  3.09 %","  2.65 %","","  2.86 %","","  2.88 %","  1.16 %","  2.22 %","  2.78 %","  2.09 %","","  2.67 %","  1.93 %","  2.02 %","  2.68 %","  2.77 %","",""
"2021-04-24","  2.03 %","","  2.19 %","  2.50 %","","  2.45 %","","  2.29 %","  1.33 %","  2.26 %","  2.58 %","  2.10 %","","  2.27 %","  1.51 %","  2.01 %","  2.28 %","  2.90 %","",""
"2021-04-25","  1.48 %","","  2.88 %","  2.46 %","","  2.51 %","","  1.90 %","  1.27 %","  2.85 %","  2.67 %","  2.34 %","","  2.68 %","  1.39 %","  1.67 %","  2.48 %","  2.13 %","",""
"2021-04-26","  1.32 %","","  1.58 %","  2.21 %","","  2.15 %","","  2.63 %","   .77 %","  1.33 %","  2.12 %","  1.80 %","","  1.92 %","   .72 %","  1.85 %","  2.04 %","  1.58 %","",""
"2021-04-27","  1.96 %","","  2.63 %","  2.38 %","","  2.59 %","","  2.14 %","  1.64 %","  3.05 %","  3.20 %","  2.34 %","","  2.91 %","  1.82 %","  2.31 %","  2.56 %","  3.01 %","",""
"2021-04-28","  2.42 %","","  3.18 %","  3.39 %","","  2.35 %","","  2.01 %","  1.44 %","  2.91 %","  2.67 %","  2.59 %","","  2.62 %","  1.84 %","  2.51 %","  3.31 %","  2.21 %","",""
"2021-04-29","  2.16 %","","  3.13 %","  3.02 %","","  2.47 %","","  2.41 %","  2.05 %","  3.50 %","  3.00 %","  2.65 %","","  3.21 %","  1.88 %","  3.01 %","  3.08 %","  2.68 %","",""
"2021-04-30","  2.30 %","","  2.62 %","  3.14 %","","  3.00 %","","  1.80 %","  1.92 %","  2.73 %","  2.87 %","  2.64 %","","  2.93 %","  1.81 %","  2.62 %","  3.24 %","  2.14 %","",""
"2021-05-01","  2.57 %","","  2.75 %","  2.41 %","","  1.74 %","","  2.19 %","  1.58 %","  2.29 %","  3.15 %","  2.18 %","","  3.13 %","  1.55 %","  2.25 %","  2.98 %","  2.29 %","",""
"2021-05-02","  2.41 %","","  1.88 %","  2.49 %","","  1.76 %","","  1.20 %","  1.51 %","  2.51 %","  2.33 %","  1.97 %","","  2.35 %","  1.55 %","  2.42 %","  2.80 %","  2.12 %","",""
"2021-05-03","  1.92 %","","  1.73 %","   .96 %","","  1.66 %","","  2.39 %","  1.22 %","  1.43 %","  2.11 %","  2.05 %","","  2.05 %","   .60 %","  1.69 %","  1.81 %","   .88 %","",""
"2021-05-04","  2.57 %","","  2.60 %","  2.22 %","","  2.21 %","","  1.38 %","  2.23 %","  1.86 %","  2.52 %","  2.65 %","","  3.62 %","  1.53 %","  2.30 %","  2.42 %","  2.56 %","",""
"2021-05-05","  2.72 %","","  3.30 %","  3.18 %","","  2.27 %","","  2.14 %","  2.65 %","  2.89 %","  2.66 %","  2.49 %","","  2.86 %","  1.77 %","  2.47 %","  2.48 %","  2.32 %","",""
"2021-05-06","  2.73 %","","  3.17 %","  2.11 %","","  2.58 %","","  2.29 %","  2.20 %","  2.34 %","  2.85 %","  2.56 %","","  3.22 %","  1.82 %","  2.57 %","  2.32 %","  2.69 %","",""
"2021-05-07","  1.89 %","","  2.53 %","  2.41 %","","  3.26 %","","  1.82 %","  2.07 %","  1.72 %","  2.04 %","  2.24 %","","  3.14 %","  1.59 %","  2.49 %","  2.37 %","  2.91 %","",""
"2021-05-08","  2.09 %","","  2.53 %","  2.22 %","","  3.11 %","","  3.33 %","  2.38 %","  1.88 %","  1.90 %","  2.53 %","","  3.30 %","  1.55 %","  2.80 %","  2.62 %","  2.88 %","",""
"2021-05-09","  1.75 %","","  2.14 %","  2.16 %","","  2.24 %","","  1.41 %","  1.96 %","  1.79 %","  1.78 %","  2.08 %","","  2.86 %","  1.21 %","  2.54 %","  2.26 %","  1.53 %","",""
"2021-05-10","  1.57 %","","  1.25 %","   .85 %","","  1.75 %","","  1.67 %","  1.64 %","  1.30 %","  1.16 %","  1.83 %","","  2.22 %","   .57 %","  2.04 %","  1.93 %","   .76 %","",""
"2021-05-11","  2.00 %","","  1.96 %","  2.12 %","","  1.96 %","","  1.72 %","  2.28 %","  1.92 %","  1.79 %","  2.49 %","","  2.79 %","  1.55 %","  2.12 %","  1.90 %","  2.04 %","",""
"2021-05-12","  2.07 %","","  2.73 %","  2.56 %","","  2.16 %","","  1.70 %","  2.59 %","  2.13 %","  1.97 %","  2.74 %","","  3.23 %","  1.67 %","  2.40 %","  2.27 %","  1.57 %","",""
"2021-05-13","  2.11 %","","  2.09 %","  2.36 %","","  2.04 %","","  1.52 %","  2.81 %","  1.99 %","  1.47 %","  2.50 %","","  2.87 %","  1.60 %","  2.21 %","  1.99 %","  1.74 %","",""
"2021-05-14","  1.64 %","","  1.57 %","  2.40 %","","  1.91 %","","  1.86 %","  2.19 %","  1.44 %","  1.19 %","  1.93 %","","  2.55 %","  1.45 %","  2.44 %","  1.72 %","  1.05 %","",""
"2021-05-15","  1.50 %","","  1.50 %","  1.34 %","","  1.43 %","","  1.41 %","  1.67 %","  1.40 %","  1.27 %","  2.26 %","","  2.67 %","  1.33 %","  1.72 %","  1.78 %","  1.51 %","",""
"2021-05-16","  1.30 %","","  1.24 %","  1.94 %","","  1.45 %","","   .92 %","  1.70 %","  1.24 %","  1.01 %","  2.05 %","","  2.58 %","   .94 %","  1.45 %","  1.61 %","  1.25 %","",""
"2021-05-17","  1.23 %","","   .90 %","   .81 %","","  1.38 %","","   .97 %","  1.35 %","   .91 %","   .62 %","  1.33 %","","  1.50 %","   .57 %","  1.20 %","  1.06 %","   .44 %","",""
"2021-05-18","  1.70 %","","  1.36 %","  1.45 %","","  1.14 %","","  1.19 %","  2.27 %","  1.24 %","  1.03 %","  1.93 %","","  2.45 %","  1.33 %","  1.68 %","  1.18 %","  1.31 %","",""
"2021-05-19","  1.44 %","","  1.63 %","  2.21 %","","  1.47 %","","  1.08 %","  2.03 %","  1.32 %","  1.09 %","  1.85 %","","  2.09 %","  1.27 %","  1.77 %","  1.46 %","  1.02 %","",""
"2021-05-20","  1.72 %","","  1.25 %","  1.43 %","","  1.16 %","","  1.15 %","  1.73 %","  1.19 %","   .90 %","  2.05 %","","  1.93 %","  1.12 %","  1.92 %","  1.11 %","  1.05 %","",""
"2021-05-21","  1.43 %","","  1.15 %","  1.85 %","","  1.13 %","","  1.01 %","  1.77 %","  1.14 %","   .96 %","  1.48 %","","  2.25 %","   .98 %","  1.97 %","  1.22 %","   .79 %","",""
"2021-05-22","  1.48 %","","  1.18 %","  1.61 %","","   .99 %","","  1.08 %","  1.53 %","  1.12 %","   .79 %","  1.64 %","","  2.19 %","   .97 %","  1.53 %","  1.17 %","  1.00 %","",""
"2021-05-23","  1.15 %","","  1.02 %","  1.35 %","","   .99 %","","   .85 %","  1.31 %","   .83 %","   .76 %","  1.67 %","","  1.91 %","   .89 %","  1.24 %","  1.21 %","   .96 %","",""
"2021-05-24","   .84 %","","   .67 %","   .81 %","","   .73 %","","   .67 %","   .92 %","   .68 %","   .49 %","  1.02 %","","  1.32 %","   .36 %","  1.16 %","   .68 %","   .31 %","",""
"2021-05-25","  1.63 %","","  1.09 %","  1.26 %","","   .93 %","","   .91 %","  1.75 %","   .97 %","   .72 %","  2.12 %","","  2.25 %","  1.16 %","  1.40 %","  1.01 %","   .80 %","",""
"2021-05-26","  1.41 %","","  1.21 %","  1.57 %","","   .99 %","","   .85 %","  1.73 %","   .91 %","   .70 %","  1.86 %","","  2.04 %","   .97 %","  1.25 %","  1.03 %","   .72 %","",""
"2021-05-27","  1.01 %","","   .97 %","   .87 %","","   .77 %","","   .86 %","  1.24 %","   .56 %","   .59 %","  1.62 %","","  1.70 %","   .85 %","  1.40 %","   .90 %","   .61 %","",""
"2021-05-28","  1.03 %","","   .77 %","   .76 %","","   .73 %","","   .78 %","  1.38 %","   .68 %","   .65 %","  1.49 %","","  1.32 %","   .76 %","  1.09 %","   .79 %","   .50 %","",""
"2021-05-29","  1.24 %","","   .89 %","  1.00 %","","   .73 %","","   .74 %","  1.25 %","   .70 %","   .51 %","  1.48 %","","  1.71 %","   .71 %","  1.18 %","   .78 %","   .46 %","",""
"2021-05-30","   .94 %","","   .67 %","  1.01 %","","   .73 %","","   .77 %","  1.04 %","   .50 %","   .49 %","  1.10 %","","  1.24 %","   .53 %","  1.02 %","   .92 %","   .47 %","",""
"2021-05-31","   .62 %","","   .42 %","   .39 %","","   .41 %","","   .49 %","   .67 %","   .34 %","   .32 %","   .61 %","","   .81 %","   .28 %","   .73 %","   .47 %","   .32 %","",""
"2021-06-01","   .94 %","","   .70 %","   .68 %","","   .63 %","","   .63 %","  1.20 %","   .53 %","   .50 %","  1.04 %","","  1.34 %","   .71 %","   .97 %","   .71 %","   .53 %","",""
"2021-06-02","  1.06 %","","   .77 %","  1.34 %","","   .54 %","","   .65 %","  1.05 %","   .50 %","   .56 %","   .84 %","","  1.28 %","   .65 %","   .97 %","   .62 %","   .57 %","",""
"2021-06-03","   .79 %","","   .67 %","   .72 %","","   .62 %","","   .79 %","  1.24 %","   .42 %","   .44 %","   .87 %","","  1.32 %","   .59 %","   .87 %","   .78 %","   .43 %","",""
"2021-06-04","   .71 %","","   .51 %","   .68 %","","   .45 %","","   .55 %","   .92 %","   .37 %","   .42 %","   .81 %","","  1.14 %","   .50 %","   .81 %","   .66 %","   .50 %","",""
"2021-06-05","   .71 %","","   .58 %","   .56 %","","   .49 %","","   .72 %","   .95 %","   .48 %","   .55 %","   .69 %","","  1.11 %","   .47 %","   .98 %","   .69 %","   .44 %","",""
"2021-06-06","   .54 %","","   .59 %","   .69 %","","   .45 %","","   .58 %","   .87 %","   .29 %","   .35 %","   .58 %","","   .86 %","   .36 %","   .84 %","   .61 %","   .36 %","",""
"2021-06-07","   .46 %","","   .31 %","   .33 %","","   .31 %","","   .29 %","   .45 %","   .27 %","   .24 %","   .31 %","","   .59 %","   .20 %","   .58 %","   .40 %","   .23 %","",""
"2021-06-08","   .69 %","","   .60 %","   .77 %","","   .49 %","","   .62 %","   .90 %","   .37 %","   .45 %","   .73 %","","   .73 %","   .55 %","   .68 %","   .52 %","   .50 %","",""
"2021-06-09","   .73 %","","   .66 %","   .63 %","","   .43 %","","   .72 %","   .96 %","   .37 %","   .45 %","   .59 %","","   .96 %","   .54 %","   .69 %","   .61 %","   .56 %","",""
"2021-06-10","   .48 %","","   .51 %","   .93 %","","   .52 %","","   .60 %","   .82 %","   .33 %","   .36 %","   .54 %","","   .73 %","   .42 %","   .78 %","   .57 %","   .35 %","",""
"2021-06-11","   .48 %","","   .51 %","   .80 %","","   .46 %","","   .67 %","   .79 %","   .38 %","   .36 %","   .47 %","","   .75 %","   .47 %","   .78 %","   .54 %","   .34 %","",""
"2021-06-12","   .51 %","","   .48 %","   .42 %","","   .31 %","","   .63 %","   .80 %","   .32 %","   .33 %","   .48 %","","   .75 %","   .43 %","   .84 %","   .55 %","   .48 %","",""
"2021-06-13","   .37 %","","   .34 %","   .55 %","","   .44 %","","   .55 %","   .66 %","   .35 %","   .32 %","   .33 %","","   .56 %","   .22 %","   .66 %","   .57 %","   .26 %","",""
"2021-06-14","   .29 %","","   .30 %","   .23 %","","   .23 %","","   .43 %","   .39 %","   .23 %","   .17 %","   .19 %","","   .42 %","   .32 %","   .44 %","   .32 %","   .18 %","",""
"2021-06-15","   .49 %","","   .53 %","   .65 %","","   .37 %","","   .39 %","   .79 %","   .25 %","   .29 %","   .35 %","","   .58 %","   .46 %","   .58 %","   .45 %","   .33 %","",""
"2021-06-16","   .47 %","","   .55 %","   .40 %","","   .46 %","","   .56 %","   .66 %","   .40 %","   .37 %","   .45 %","","   .68 %","   .42 %","   .62 %","   .48 %","   .40 %","",""
"2021-06-17","   .52 %","","   .41 %","   .55 %","","   .36 %","","   .54 %","   .69 %","   .26 %","   .34 %","   .42 %","","   .51 %","   .56 %","   .63 %","   .47 %","   .46 %","",""
"2021-06-18","   .49 %","","   .40 %","   .41 %","","   .29 %","","   .48 %","   .69 %","   .28 %","   .32 %","   .34 %","","   .54 %","   .38 %","   .56 %","   .39 %","   .36 %","",""
"2021-06-19","   .43 %","","   .47 %","   .43 %","","   .36 %","","   .63 %","   .54 %","   .36 %","   .28 %","   .42 %","","   .55 %","   .41 %","   .64 %","   .57 %","   .39 %","",""
"2021-06-20","   .35 %","","   .44 %","   .56 %","","   .33 %","","   .61 %","   .58 %","   .33 %","   .34 %","   .39 %","","   .55 %","   .22 %","   .57 %","   .45 %","   .31 %","",""
"2021-06-21","   .24 %","","   .28 %","   .08 %","","   .29 %","","   .41 %","   .39 %","   .16 %","   .20 %","   .22 %","","   .37 %","   .28 %","   .34 %","   .33 %","   .20 %","",""
"2021-06-22","   .40 %","","   .45 %","   .35 %","","   .39 %","","   .54 %","   .72 %","   .34 %","   .28 %","   .52 %","","   .63 %","   .41 %","   .48 %","   .52 %","   .46 %","",""
"2021-06-23","   .44 %","","   .51 %","   .41 %","","   .40 %","","   .74 %","   .58 %","   .30 %","   .31 %","   .42 %","","   .68 %","   .40 %","   .53 %","   .48 %","   .54 %","",""
"2021-06-24","   .41 %","","   .44 %","   .40 %","","   .46 %","","   .55 %","   .62 %","   .33 %","   .37 %","   .41 %","","   .51 %","   .49 %","   .44 %","   .40 %","   .60 %","",""
"2021-06-25","   .35 %","","   .33 %","   .31 %","","   .41 %","","   .91 %","   .56 %","   .27 %","   .35 %","   .44 %","","   .54 %","   .40 %","   .45 %","   .45 %","   .35 %","",""
"2021-06-26","   .41 %","","   .42 %","   .54 %","","   .35 %","","   .71 %","   .52 %","   .30 %","   .36 %","   .42 %","","   .47 %","   .32 %","   .53 %","   .51 %","   .39 %","",""
"2021-06-27","   .35 %","","   .33 %","   .35 %","","   .37 %","","   .82 %","   .51 %","   .23 %","   .36 %","   .35 %","","   .51 %","   .31 %","   .49 %","   .37 %","   .42 %","",""
"2021-06-28","   .58 %","","   .54 %","   .47 %","","   .66 %","","  1.44 %","   .89 %","   .39 %","   .62 %","   .61 %","","   .86 %","   .49 %","   .86 %","   .73 %","   .71 %","",""
"2021-06-29","   .40 %","","   .40 %","   .36 %","","   .48 %","","   .68 %","   .69 %","   .31 %","   .41 %","   .53 %","","   .67 %","   .43 %","   .43 %","   .57 %","   .45 %","",""
"2021-06-30","   .43 %","","   .42 %","   .34 %","","   .41 %","","   .84 %","   .56 %","   .31 %","   .42 %","   .50 %","","   .63 %","   .41 %","   .50 %","   .57 %","   .62 %","",""
"2021-07-01","   .43 %","","   .33 %","   .45 %","","   .49 %","","   .90 %","   .53 %","   .27 %","   .46 %","   .48 %","","   .52 %","   .36 %","   .46 %","   .50 %","   .44 %","",""
"2021-07-02","   .37 %","","   .32 %","   .27 %","","   .46 %","","   .83 %","   .57 %","   .29 %","   .39 %","   .48 %","","   .54 %","   .34 %","   .38 %","   .44 %","   .49 %","",""
"2021-07-03","   .38 %","","   .37 %","   .33 %","","   .43 %","","   .79 %","   .48 %","   .30 %","   .36 %","   .50 %","","   .54 %","   .37 %","   .37 %","   .55 %","   .54 %","",""
"2021-07-04","   .35 %","","   .32 %","   .32 %","","   .50 %","","   .68 %","   .49 %","   .30 %","   .45 %","   .47 %","","   .58 %","   .27 %","   .37 %","   .46 %","   .45 %","",""
"2021-07-05","   .28 %","","   .20 %","   .21 %","","   .35 %","","   .41 %","   .33 %","   .19 %","   .25 %","   .27 %","","   .44 %","   .21 %","   .25 %","   .34 %","   .22 %","",""
"2021-07-06","   .40 %","","   .42 %","   .34 %","","   .60 %","","   .69 %","   .66 %","   .35 %","   .47 %","   .64 %","","   .59 %","   .45 %","   .37 %","   .51 %","   .59 %","",""
"2021-07-07","   .44 %","","   .49 %","   .36 %","","   .60 %","","   .89 %","   .65 %","   .41 %","   .55 %","   .62 %","","   .57 %","   .40 %","   .38 %","   .64 %","   .73 %","",""
"2021-07-08","   .33 %","","   .37 %","   .34 %","","   .56 %","","   .74 %","   .50 %","   .33 %","   .56 %","   .59 %","","   .54 %","   .38 %","   .35 %","   .52 %","   .73 %","",""
"2021-07-09","   .36 %","","   .36 %","   .38 %","","   .51 %","","   .64 %","   .59 %","   .36 %","   .48 %","   .58 %","","   .50 %","   .37 %","   .39 %","   .49 %","   .53 %","",""
"2021-07-10","   .43 %","","   .41 %","   .38 %","","   .47 %","","   .76 %","   .58 %","   .36 %","   .50 %","   .56 %","","   .57 %","   .31 %","   .31 %","   .62 %","   .52 %","",""
"2021-07-11","   .29 %","","   .32 %","   .29 %","","   .48 %","","   .70 %","   .43 %","   .32 %","   .46 %","   .55 %","","   .43 %","   .26 %","   .33 %","   .47 %","   .62 %","",""
"2021-07-12","   .30 %","","   .16 %","   .16 %","","   .32 %","","   .60 %","   .33 %","   .19 %","   .25 %","   .21 %","","   .31 %","   .18 %","   .22 %","   .39 %","   .21 %","",""
"2021-07-13","   .43 %","","   .45 %","   .29 %","","   .56 %","","   .71 %","   .59 %","   .43 %","   .43 %","   .62 %","","   .55 %","   .48 %","   .32 %","   .49 %","   .68 %","",""
"2021-07-14","   .46 %","","   .52 %","   .39 %","","   .55 %","","   .79 %","   .48 %","   .41 %","   .64 %","   .59 %","","   .51 %","   .39 %","   .37 %","   .61 %","   .67 %","",""
"2021-07-15","   .39 %","","   .42 %","   .32 %","","   .56 %","","   .72 %","   .46 %","   .28 %","   .53 %","   .55 %","","   .51 %","   .46 %","   .30 %","   .50 %","   .50 %","",""
"2021-07-16","   .37 %","","   .37 %","   .36 %","","   .43 %","","   .77 %","   .54 %","   .41 %","   .56 %","   .51 %","","   .44 %","   .32 %","   .33 %","   .55 %","   .53 %","",""
"2021-07-17","   .42 %","","   .52 %","   .37 %","","   .64 %","","   .77 %","   .54 %","   .45 %","   .66 %","   .58 %","","   .52 %","   .43 %","   .33 %","   .62 %","   .75 %","",""
"2021-07-18","   .38 %","","   .42 %","   .38 %","","   .47 %","","   .66 %","   .42 %","   .34 %","   .52 %","   .64 %","","   .43 %","   .29 %","   .31 %","   .52 %","   .71 %","",""
"2021-07-19","   .30 %","","   .25 %","   .17 %","","   .38 %","","   .67 %","   .33 %","   .24 %","   .32 %","   .45 %","","   .38 %","   .20 %","   .22 %","   .35 %","   .37 %","",""
"2021-07-20","   .44 %","","   .51 %","   .28 %","","   .51 %","","   .66 %","   .63 %","   .56 %","   .52 %","   .77 %","","   .56 %","   .44 %","   .34 %","   .67 %","   .67 %","",""
"2021-07-21","   .47 %","","   .61 %","   .53 %","","   .45 %","","   .79 %","   .48 %","   .50 %","   .66 %","   .64 %","","   .62 %","   .49 %","   .37 %","   .68 %","   .70 %","",""
"2021-07-22","   .34 %","","   .42 %","   .37 %","","   .32 %","","   .71 %","   .39 %","   .38 %","   .48 %","   .35 %","","   .49 %","   .36 %","   .31 %","   .55 %","   .42 %","",""
"2021-07-23","   .43 %","","   .49 %","   .26 %","","   .65 %","","   .80 %","   .63 %","   .52 %","   .57 %","   .79 %","","   .64 %","   .37 %","   .31 %","   .69 %","   .53 %","",""
"2021-07-24","   .47 %","","   .53 %","   .41 %","","   .57 %","","   .67 %","   .58 %","   .38 %","   .68 %","   .77 %","","   .71 %","   .40 %","   .35 %","   .84 %","   .77 %","",""
"2021-07-25","   .43 %","","   .44 %","   .41 %","","   .50 %","","   .64 %","   .50 %","   .41 %","   .71 %","   .73 %","","   .68 %","   .40 %","   .38 %","   .73 %","   .55 %","",""
"2021-07-26","   .30 %","","   .30 %","   .27 %","","   .35 %","","   .75 %","   .35 %","   .27 %","   .37 %","   .48 %","","   .45 %","   .20 %","   .23 %","   .50 %","   .32 %","",""
"2021-07-27","   .50 %","","   .62 %","   .46 %","","   .61 %","","   .79 %","   .75 %","   .56 %","   .71 %","  1.08 %","","   .91 %","   .43 %","   .34 %","   .87 %","   .84 %","",""
"2021-07-28","   .68 %","","   .62 %","   .43 %","","   .66 %","","   .87 %","   .57 %","   .52 %","   .70 %","  1.02 %","","   .71 %","   .45 %","   .34 %","   .98 %","   .97 %","",""
"2021-07-29","   .46 %","","   .61 %","   .49 %","","   .71 %","","   .89 %","   .59 %","   .48 %","   .76 %","   .97 %","","   .86 %","   .46 %","   .38 %","   .89 %","   .98 %","",""
"2021-07-30","   .56 %","","   .59 %","   .40 %","","   .62 %","","   .65 %","   .55 %","   .50 %","   .71 %","   .95 %","","   .87 %","   .41 %","   .33 %","   .73 %","   .79 %","",""
"2021-07-31","   .51 %","","   .53 %","   .42 %","","   .69 %","","   .68 %","   .53 %","   .53 %","   .61 %","   .89 %","","   .92 %","   .51 %","   .30 %","   .86 %","   .73 %","",""
"2021-08-01","   .48 %","","   .57 %","   .50 %","","   .61 %","","   .66 %","   .51 %","   .46 %","   .69 %","   .96 %","","   .78 %","   .31 %","   .32 %","   .85 %","   .92 %","",""
"2021-08-02","   .30 %","","   .31 %","   .22 %","","   .44 %","","   .66 %","   .36 %","   .32 %","   .50 %","   .49 %","","   .62 %","   .24 %","   .20 %","   .74 %","   .36 %","",""
"2021-08-03","   .57 %","","   .68 %","   .38 %","","   .64 %","","   .73 %","   .69 %","   .59 %","   .68 %","  1.08 %","","   .91 %","   .47 %","   .35 %","   .90 %","  1.07 %","",""
"2021-08-04","   .39 %","","   .67 %","   .41 %","","   .70 %","","   .86 %","   .57 %","   .57 %","   .70 %","   .92 %","","   .78 %","   .52 %","   .35 %","   .90 %","   .93 %","",""
"2021-08-05","   .56 %","","   .59 %","   .59 %","","   .61 %","","   .63 %","   .58 %","   .50 %","   .67 %","   .90 %","","   .86 %","   .43 %","   .34 %","   .89 %","   .90 %","",""
"2021-08-06","   .52 %","","   .57 %","   .48 %","","   .53 %","","   .67 %","   .48 %","   .45 %","   .59 %","   .84 %","","   .81 %","   .53 %","   .32 %","   .66 %","   .72 %","",""
"2021-08-07","   .48 %","","   .52 %","   .47 %","","   .64 %","","   .60 %","   .53 %","   .46 %","   .61 %","   .83 %","","   .84 %","   .44 %","   .28 %","   .75 %","   .86 %","",""
"2021-08-08","   .42 %","","   .54 %","   .47 %","","   .53 %","","   .47 %","   .40 %","   .43 %","   .67 %","   .73 %","","   .61 %","   .34 %","   .28 %","   .74 %","   .72 %","",""
"2021-08-09","   .34 %","","   .32 %","   .29 %","","   .49 %","","   .45 %","   .27 %","   .27 %","   .41 %","   .49 %","","   .52 %","   .29 %","   .17 %","   .52 %","   .38 %","",""
"2021-08-10","   .54 %","","   .61 %","   .41 %","","   .57 %","","   .48 %","   .60 %","   .57 %","   .63 %","   .86 %","","   .71 %","   .53 %","   .31 %","   .66 %","   .93 %","",""
"2021-08-11","   .63 %","","   .69 %","   .69 %","","   .62 %","","   .50 %","   .59 %","   .56 %","   .75 %","   .73 %","","   .93 %","   .54 %","   .37 %","   .92 %","   .72 %","",""
"2021-08-12","   .54 %","","   .58 %","   .63 %","","   .69 %","","   .51 %","   .48 %","   .54 %","   .67 %","   .77 %","","   .83 %","   .48 %","   .28 %","   .72 %","   .91 %","",""
"2021-08-13","   .43 %","","   .57 %","   .53 %","","   .75 %","","   .52 %","   .50 %","   .47 %","   .64 %","   .70 %","","   .73 %","   .55 %","   .32 %","   .69 %","   .68 %","",""
"2021-08-14","   .49 %","","   .53 %","   .50 %","","   .51 %","","   .45 %","   .44 %","   .40 %","   .64 %","   .70 %","","   .69 %","   .44 %","   .28 %","   .71 %","   .75 %","",""
"2021-08-15","   .40 %","","   .51 %","   .63 %","","   .63 %","","   .36 %","   .39 %","   .41 %","   .62 %","   .61 %","","   .66 %","   .39 %","   .27 %","   .69 %","   .61 %","",""
"2021-08-16","   .32 %","","   .32 %","   .33 %","","   .44 %","","   .27 %","   .26 %","   .29 %","   .39 %","   .38 %","","   .50 %","   .41 %","   .18 %","   .39 %","   .25 %","",""
"2021-08-17","   .50 %","","   .62 %","   .43 %","","   .65 %","","   .44 %","   .60 %","   .51 %","   .60 %","   .72 %","","   .79 %","   .62 %","   .34 %","   .69 %","   .76 %","",""
