"date","Tamil Nadu/Airport Quarantine","Tamil Nadu/Airport quarantine","Tamil Nadu/Ariyalur","Tamil Nadu/CHENNAI","Tamil Nadu/Chengalpattu","Tamil Nadu/Chennai","Tamil Nadu/Coimbatore","Tamil Nadu/Cuddalore","Tamil Nadu/Dharmapuri","Tamil Nadu/Dindigul","Tamil Nadu/Erode","Tamil Nadu/KARUR","Tamil Nadu/Kallakurichi","Tamil Nadu/Kancheepuram","Tamil Nadu/Kanyakumari","Tamil Nadu/Karur","Tamil Nadu/Krishnagiri","Tamil Nadu/MADURAI","Tamil Nadu/Madurai","Tamil Nadu/Nagapattinam","Tamil Nadu/Namakkal","Tamil Nadu/Nilgiris","Tamil Nadu/Other State","Tamil Nadu/Perambalur","Tamil Nadu/Pudukkottai","Tamil Nadu/Railway Quarantine","Tamil Nadu/Ramanathapuram","Tamil Nadu/Ranipet","Tamil Nadu/Salem","Tamil Nadu/Sivaganga","Tamil Nadu/TENKASI","Tamil Nadu/Tenkasi","Tamil Nadu/Thanjavur","Tamil Nadu/Theni","Tamil Nadu/Thiruvallur","Tamil Nadu/Thiruvarur","Tamil Nadu/Thoothukkudi","Tamil Nadu/Tiruchirappalli","Tamil Nadu/Tirunelveli","Tamil Nadu/Tirupathur","Tamil Nadu/Tiruppur","Tamil Nadu/Tiruvannamalai","Tamil Nadu/Vellore","Tamil Nadu/Viluppuram","Tamil Nadu/Virudhunagar","Tamil Nadu/chengalpattu","Tamil Nadu/chennai"
"2020-03-07","","","","","","","","","","","","","","","","","","","","","","","","","","","","","","","","","","","","","","","","","","","","","","",""
"2020-03-18","","","","","","1","","","","","","","","","","","","","","","","","","","","","","","","","","","","","","","","","","","","","","","","",""
"2020-03-19","","","","","","1","","","","","","","","","","","","","","","","","","","","","","","","","","","","","","","","","","","","","","","","",""
"2020-03-21","","","","","","2","","","","","","","","","","","","","","","","","","","","","","","","","","","","","","","","","","","","","","","","",""
"2020-03-22","","","","","","3","1","","","","","","","","","","","","","","","","","","","","","","","","","","","","","","","","1","","","","","","","",""
"2020-03-23","","","","","","4","","","","","","","","","","","","","","","","","","","","","","","","","","","","","","","","","","","1","","","","","",""
"2020-03-24","","","","","1","9","","","","","","","","","","","","","","","","","","","","","","","","","","","","","","","","","","","","","","","","",""
"2020-03-25","","","","","","10","","","","","1","","","","","","","","","","","","","","","","","1","1","","","","","","","","","","","","","","","","","",""
"2020-03-26","","","","","","12","","","","","2","","","","","","","","","","","","","","","","","","","","","","","","","","","","","","","","","","","",""
"2020-03-27","","","","","3","14","","","","","4","","","","","","","","2","","","","","","","","","","2","","","","","","","","","","","","","","","","","",""
"2020-03-28","","","","","","15","","","","","","","","","","","","","","","","","","","","","","","","","","","1","","","","","","","","","","1","","1","",""
"2020-03-29","","","","","","","","","","","8","","","","","","","","","","","","","","","","","","","","","","","","","","","","","","","","","","","",""
"2020-03-30","","","","","","20","","","","","18","","","","","1","","","3","","","","","","","","","","","","","","","","","","","","","","","","","","","",""
"2020-03-31","","","","","4","24","","","","","","","","","5","","","","5","","18","","","","","","","","","","","","","","","","1","","23","","","1","","3","","",""
"2020-04-01","","","","","11","25","29","","","17","20","","","1","","2","","","14","","","","","","","","","","","5","","","","20","","1","3","","29","7","","2","","","","",""
"2020-04-02","","","","","18","45","","","","","26","","","","","17","","","","","","","","","","","2","5","","","","","","","1","6","5","","30","10","","","","","10","",""
"2020-04-03","","","","","","80","","","","43","","","","2","","20","","","","5","21","","","","","","","","4","","","","","21","","11","9","","36","","","","","13","11","",""
"2020-04-04","","","","","","87","","3","","","","","2","","","22","","","16","","24","","","1","","","","23","5","","","","","23","11","","","17","37","","3","","3","14","","",""
"2020-04-05","","","","","21","94","58","10","","45","","","","3","6","","","","18","11","25","4","","","","","","25","8","","","","5","24","12","","11","","38","","","4","5","19","","",""
"2020-04-06","","","1","","23","109","59","13","","","","","","5","","","","","","","28","","","","","","","","","","","","8","","","","","30","","11","7","5","","20","","",""
"2020-04-07","","","","","","148","60","","","","","","","","","","","","23","","","","","","","","","27","","","","","11","","","","17","","","","20","","","","","",""
"2020-04-08","","","","","","155","","","","46","","","","","","","","","","","33","","","","","","","","9","","","","","40","13","","","36","42","","22","","6","24","","",""
"2020-04-09","","","","","27","162","","","","","52","","3","","14","","","","24","12","41","","","","","","","","10","6","","1","","41","","12","22","","58","16","26","","11","","","",""
"2020-04-10","","","","","39","171","86","14","","54","54","","","","15","","","","","","","7","","","","","","36","","","","","","","","","24","","","","","6","","27","","",""
"2020-04-11","","","","","40","181","97","15","","55","","","","","","","","","","24","","9","","","","","","","","","","","","","29","","","39","","","","7","","","","",""
"2020-04-12","","","","","42","199","119","19","","56","58","","","","","25","","","","","45","","","","","","","38","14","","","2","","","30","","","43","","","61","","12","","","",""
"2020-04-13","","","","","44","208","126","","","","","","","","","40","","","38","29","","","","","","","5","","","10","","","","","34","15","26","","","17","79","8","16","","17","",""
"2020-04-14","","","","","","213","","20","","65","","","","","16","","","","40","31","","","","","","","7","","15","11","","5","15","","","","","","","","","","","","","",""
"2020-04-15","","","","","47","218","","","","","64","","","","","","","","","38","","","","","","","","","18","","","6","16","42","41","17","","","59","","","","17","","","",""
"2020-04-16","","","","","","221","127","","","","","","","","","","","","43","","50","","","","","","10","","20","","","","17","","42","","","","60","","80","","20","28","","",""
"2020-04-17","","","","","","232","","","","66","","","","","","41","","","","40","","","","","","","","","","","","11","34","44","47","21","","46","","","","","23","30","","",""
"2020-04-18","","","","","","239","128","","","69","","","","","","","","","","","","","","4","","","","","","","","15","35","","","","","","62","","108","","","","","",""
"2020-04-19","","","","","50","289","133","26","","74","","","","6","","","","","45","43","","","","","","","","","","","","19","45","","","26","","","64","","","","","37","19","",""
"2020-04-20","","","3","","","307","","","","76","","","","","","","","","","44","","","","5","1","","11","","","12","","23","","","49","27","27","50","","","109","","","40","","",""
"2020-04-21","","","","","53","362","134","","","","","","5","7","","","","","","","51","","","","","","","","","","","28","48","","","28","","","","","","","","44","","",""
"2020-04-22","","","5","","","377","","","","","","","","8","","","","","49","","","","","","","","","","","","","","54","","51","","","51","","","","9","","45","","",""
"2020-04-23","","","","","54","404","","","1","79","","","","","","","","","51","","55","","","","","","12","","25","","","29","55","","","29","","","65","18","110","","","46","22","",""
"2020-04-24","","","","","","456","141","","","","","","","9","","","","","55","","","","","","","","14","","26","","","30","","","53","","","","","","","10","","","23","",""
"2020-04-25","","","","","55","499","","","","","","","","16","","","","","59","","","","","7","","","","","","","","35","","","","","","","","","","11","","47","25","",""
"2020-04-26","","","","","","527","","","","","","","6","","","","","","74","","59","","","","","","15","","27","","","","","","54","","","","","","112","","","51","32","",""
"2020-04-27","","","","","","574","141","","","","","","","","","","","","78","","","","","","","","","","","12","","","","44","","29","27","","","","","","","52","","",""
"2020-04-28","","","","","67","677","","","","","","","9","17","","","","","78","","61","","","","","","","","27","","","","55","","54","","","","","","","","","","","",""
"2020-04-29","","","5","","71","771","141","","","79","64","","","20","16","","","","78","44","61","","","","","","15","38","27","","","35","55","","55","29","","51","","","112","","23","54","","",""
"2020-04-30","","","6","","76","909","141","27","","79","","","","23","","","","","83","44","","","","9","","","18","39","28","","","","55","44","56","29","","","65","","112","","","","32","",""
"2020-05-01","","","7","","84","1085","141","28","","80","","","","25","","42","","","86","45","","","","","","","","","28","","","35","57","","62","29","27","","65","","112","","","55","","",""
"2020-05-02","","","25","","89","1259","142","30","","80","","","","38","","","","","87","","61","","","11","","","20","39","29","12","","35","57","44","70","","","51","","","114","","23","57","","",""
"2020-05-03","","","27","","90","1462","146","39","","","","","15","","17","","","","89","","","","","","","","","","","","","37","57","","72","29","","","","","","12","","90","","",""
"2020-05-04","","","33","","94","1728","","161","","90","","","","","","43","","","90","45","","","","36","","","21","42","","","","46","58","","81","31","","55","65","19","114","23","","139","34","",""
"2020-05-05","","","","","130","2006","146","229","2","97","","","53","39","17","","2","","91","","76","14","","37","","","","","30","12","","47","58","49","101","31","","56","66","","114","","","164","35","",""
"2020-05-06","","","221","","139","2330","","324","","106","","","53","84","","44","4","","111","","76","","","40","3","","21","42","31","","","48","59","51","135","32","29","57","67","20","","40","29","169","35","",""
"2020-05-07","","","245","","152","2646","","356","","","","","54","86","","46","8","","111","","","","","73","5","","23","49","","","","48","61","54","198","32","30","62","70","22","","57","30","214","35","",""
"2020-05-08","","","","","178","3045","","390","4","106","","","","94","25","","10","","113","","76","","","73","","","24","","31","","","49","61","55","273","","","63","74","23","","68","30","235","38","",""
"2020-05-09","","","261","","218","3324","","393","","107","","","55","111","","","","","113","","77","15","","104","","","26","59","","","","","62","57","299","32","","","83","27","","83","","302","38","",""
"2020-05-10","","","265","","261","3833","","394","","","","","55","119","","47","20","","117","","77","","","113","6","","27","65","31","","","49","62","60","346","32","","","93","28","","83","33","308","40","",""
"2020-05-11","","","298","","351","4371","","394","6","108","","","","127","26","","","","121","","","","","114","","","31","66","","","","","65","","443","","33","","","","","93","34","308","41","",""
"2020-05-12","4","","334","","386","4881","","395","","110","","","57","151","27","51","","","","","77","","","141","","","31","75","31","","","50","","67","470","32","35","65","96","","114","106","35","309","45","",""
"2020-05-13","9","","338","","411","5261","146","412","","","","","","155","","53","","","123","47","","","","142","","","","75","","","","50","66","72","495","","36","65","101","","","129","35","316","","",""
"2020-05-14","","","348","","430","5636","","413","5","111","","","61","162","31","56","","","131","","","14","","137","","","31","76","","13","","54","71","72","495","31","38","67","114","","","136","34","306","44","",""
"2020-05-15","","","348","","450","5946","","416","","113","","","61","173","35","56","","","142","","77","","","139","7","","","78","31","","","56","72","78","516","","48","","136","","","140","","306","46","",""
"2020-05-16","13","","348","","463","6278","145","416","","120","","","78","177","37","56","20","","146","49","","","1","","","","","81","","22","","61","73","79","526","","56","","180","28","","147","35","308","47","",""
"2020-05-17","","","353","","491","6760","","417","5","120","","","95","182","","72","20","","159","50","","","","139","","2","","81","40","26","","64","73","","544","","69","67","195","28","","150","35","308","51","",""
"2020-05-18","18","","355","","534","7124","","418","5","122","","","100","199","44","73","","","162","","","","","","","","37","83","45","","","70","","88","563","","84","67","207","29","","154","","312","54","",""
"2020-05-19","54","","355","","556","7676","","420","","125","","","111","204","49","79","20","","","51","","","","139","","","39","84","","","","72","76","89","571","31","90","68","227","29","","","35","312","55","",""
"2020-05-20","","","","","617","8233","","420","","126","","","112","218","49","79","21","","171","","","14","","","13","3","","84","","26","2","73","77","92","594","","112","68","243","","","165","","319","61","",""
"2020-05-21","61","","355","","651","8800","","421","","131","","","120","231","49","80","","","190","","","","","139","16","5","","88","","28","","81","81","96","636","31","134","","254","30","","170","36","323","69","",""
"2020-05-22","62","","","","691","9369","","421","5","132","65","","121","244","49","","22","","223","51","","","","139","19","","52","89","","","","81","","101","675","34","143","72","272","","","172","39","323","95","",""
"2020-05-23","74","","","","730","9994","","423","","","","","","257","49","","22","","225","51","","14","","139","20","","55","90","48","28","","83","81","102","697","","148","","283","","","183","39","327","97","",""
"2020-05-24","76","","356","","776","10581","145","427","5","132","65","","136","278","51","80","22","","231","51","77","14","","139","21","6","58","92","48","28","","83","84","106","731","36","159","75","283","30","114","187","39","327","110","",""
"2020-05-25","81","","","","830","11130","","427","6","","","","146","297","54","80","23","","231","","","","","","","22","63","96","54","","","","85","108","768","37","176","76","298","","","228","","","127","",""
"2020-05-26","86","","357","14","852","11623","","435","8","133","","","154","310","58","80","25","","233","51","","","3","","","23","64","97","64","28","","83","","108","793","","186","","298","31","","242","42","327","128","","2"
"2020-05-27","86","","362","17","887","12182","145","439","","","","","220","327","59","","25","","240","52","","","","","21","67","65","96","","31","","83","86","108","825","41","194","79","301","32","","264","40","339","116","",""
"2020-05-28","86","4","","","932","12740","","443","","137","","","223","347","","80","26","","248","54","","14","","139","22","83","65","97","103","31","","83","87","108","863","","198","79","330","","","304","42","342","119","","3"
"2020-05-29","92","","365","","993","13358","","448","","137","66","","242","359","60","80","","","","","","","","","22","155","65","97","103","","","83","87","108","872","","199","80","345","","","352","","343","120","",""
"2020-05-30","","","","","1087","13973","","454","","","","1","249","380","68","","27","","267","59","","","","140","22","155","78","97","142","32","","84","89","109","900","45","216","87","357","33","","361","","366","121","","4"
"2020-05-31","100","","","","1170","14777","","462","","138","66","","251","396","71","","28","9","268","60","78","","","141","26","181","84","98","191","33","","84","90","","947","46","226","90","357","","","416","43","367","123","2",""
"2020-06-01","101","","370","","1218","15744","150","463","","143","","","251","405","73","","","","268","","82","15","","142","27","202","86","103","207","34","","86","94","109","980","46","227","","360","34","","426","47","375","124","",""
"2020-06-02","103","","370","","1300","16553","","464","","145","68","","255","420","80","","","","269","63","","","","143","28","205","87","","216","35","","88","97","114","1023","48","278","97","372","38","","440","","376","127","",""
"2020-06-03","122","","","","1361","17565","159","470","9","","","","259","439","81","81","","","276","64","83","","","","","205","92","108","219","35","","92","103","115","1081","50","295","97","384","42","","461","51","377","128","",""
"2020-06-04","137","","372","","1535","18671","153","472","11","147","66","","252","463","76","","29","","273","72","85","14","0","142","29","245","93","108","205","34","","94","104","119","1124","","301","100","381","36","","470","52","356","136","",""
"2020-06-05","151","","374","","1621","19787","","475","","150","","","264","478","77","82","","","282","75","","","","143","34","257","97","122","212","35","","96","105","121","1188","54","312","112","383","37","","483","55","363","143","",""
"2020-06-06","163","","379","","1717","20971","158","475","11","155","67","","264","498","87","86","37","","288","76","","","","","31","260","97","120","209","35","","98","107","121","1274","57","315","112","384","36","","486","55","369","144","",""
"2020-06-07","176","","380","","1852","22127","161","481","13","166","","","272","514","87","","","","302","","","","","143","33","260","106","130","212","","","101","114","124","1329","58","329","116","386","42","","492","64","380","149","",""
"2020-06-08","189","","381","","1986","23276","161","491","18","175","69","","292","532","94","","","","307","81","","","","143","36","266","112","138","217","42","","104","118","126","1386","61","355","116","390","","","503","95","384","153","",""
"2020-06-09","201","","384","","2144","24523","166","491","19","181","67","","295","565","95","86","","","323","88","","","","144","40","294","118","139","207","","","","126","125","1476","68","365","120","400","","","522","111","385","154","",""
"2020-06-10","208","","","","2326","25915","167","498","23","184","68","","299","598","105","","38","","333","92","89","","","","45","294","126","164","209","44","","","128","134","1581","82","389","132","407","","","548","122","392","159","",""
"2020-06-11","225","","387","","2442","27376","170","517","","195","","","303","621","108","","","","353","105","90","","","145","45","294","133","185","218","50","","109","134","137","1656","98","379","142","410","43","","565","131","399","154","",""
"2020-06-12","244","","391","","2567","28902","173","521","24","197","66","","319","648","109","87","","","384","106","92","","","143","51","309","135","189","213","62","","113","141","138","1752","104","397","148","425","43","115","586","129","408","161","",""
"2020-06-13","260","","392","","2703","30422","173","533","26","206","","","330","670","120","92","","","399","106","92","","","145","51","309","135","191","218","75","","116","151","138","1797","119","427","154","443","45","","636","142","421","163","",""
"2020-06-14","281","","392","","2880","31874","176","","27","217","67","","344","707","122","93","39","","416","113","","","","146","","","158","197","225","90","","132","156","146","1865","127","398","163","464","47","116","671","152","437","170","",""
"2020-06-15","299","","393","","3003","33222","180","560","20","219","","","337","749","127","93","41","","432","123","92","17","","","62","317","158","234","222","57","","142","168","157","1922","137","436","171","489","48","117","701","173","440","179","",""
"2020-06-16","310","","397","","3106","34223","183","568","","233","","","338","801","123","94","41","","454","166","90","","","148","","327","156","311","227","55","","155","172","161","1945","147","437","171","507","43","117","768","179","458","188","",""
"2020-06-17","335","","397","","3269","35534","187","645","30","248","67","","354","862","130","102","44","","483","179","92","22","","148","71","338","194","381","252","65","","160","184","164","2037","162","487","179","522","43","116","816","194","478","168","",""
"2020-06-18","351","","400","","3283","37048","211","646","25","249","70","","357","943","149","105","","","485","181","","26","","146","58","350","222","404","267","72","","194","205","170","2155","173","514","189","552","47","120","843","248","505","181","",""
"2020-06-19","367","","407","","3430","38305","244","647","28","271","73","","364","999","151","108","57","","540","191","92","30","","147","62","381","245","409","276","80","","208","214","185","2291","185","529","207","584","55","119","853","354","528","179","",""
"2020-06-20","388","","414","","3618","39619","255","663","30","277","72","","366","1093","162","109","63","","626","195","","","","150","69","400","269","468","319","95","","216","224","193","2414","187","575","230","612","66","119","983","389","551","190","",""
"2020-06-21","396","","420","","3743","41150","268","765","35","304","79","","387","1157","168","114","","","695","202","94","29","","","70","401","299","470","331","75","","239","273","200","2534","217","577","266","640","68","123","1060","477","581","203","",""
"2020-06-22","412","","432","","3870","42730","280","823","32","311","77","","395","1213","178","118","72","","839","219","89","31","","151","86","","317","525","348","103","","259","309","236","2645","230","639","310","644","83","122","1199","491","606","208","",""
"2020-06-23","426","","432","","4028","44183","292","850","43","356","81","","437","1284","180","119","67","","978","165","89","48","","163","88","401","339","551","343","","","270","320","284","2826","240","678","352","648","75","120","1313","526","617","234","",""
"2020-06-24","480","","440","","4200","45792","314","892","45","366","83","","448","1373","200","128","71","","1063","228","90","","","168","101","402","338","545","400","110","","275","336","365","2907","271","732","434","680","87","121","1372","580","654","275","",""
"2020-06-25","541","","450","","4405","47628","347","912","47","376","90","","470","1486","255","132","73","","1269","234","","50","","167","102","402","474","567","490","135","","284","358","437","3085","276","756","461","689","101","128","1428","750","695","283","",""
"2020-06-26","604","","454","","4649","49668","393","929","53","343","94","","527","1578","275","134","87","","1467","209","97","56","","165","112","402","546","620","595","130","","292","383","477","3277","294","789","493","710","100","141","1498","901","712","314","",""
"2020-06-27","621","","458","","4909","51677","428","940","61","368","106","","552","1681","304","135","115","","1693","249","95","66","","161","131","403","648","719","600","157","","301","397","513","3420","340","832","503","723","115","147","1624","1011","765","313","",""
"2020-06-28","663","","461","","5049","53740","460","982","69","369","118","","707","1789","328","","110","","1985","250","97","71","","162","167","403","742","730","706","168","","330","421","575","3524","427","866","546","744","138","150","1767","1095","814","363","",""
"2020-06-29","696","","462","","5240","55947","528","1007","70","437","130","","764","1874","349","136","134","","2292","252","94","84","","158","194","406","803","730","749","189","","333","425","626","3656","442","903","636","751","153","160","1808","1241","867","444","",""
"2020-06-30","713","","462","","5417","58305","538","1073","81","471","151","","850","1975","368","139","140","","2547","254","99","89","","158","174","406","839","754","776","241","","345","449","702","3830","454","943","682","796","172","180","1824","1308","915","493","",""
"2020-07-01","733","","463","","5646","60511","561","1081","86","506","170","","878","2065","401","144","146","","2848","263","","107","","","204","410","952","762","942","268","","366","456","736","3978","467","958","701","830","186","188","1859","1384","944","538","",""
"2020-07-02","746","","","","5805","62576","608","1124","93","600","185","","1017","2149","436","148","156","","3123","260","97","117","","164","234","412","1069","891","1030","331","","385","466","801","4167","495","1028","755","879","184","194","2029","1521","986","614","",""
"2020-07-03","761","","","","6137","64667","645","1143","107","617","200","","1102","2270","489","152","170","","3413","273","101","119","","","252","413","1143","978","1123","376","","389","479","927","4343","512","1055","803","921","216","197","2181","1667","1020","679","",""
"2020-07-04","768","","466","","6353","66516","712","1218","112","632","216","","1123","2402","552","155","175","","3766","279","105","123","","167","294","415","1292","1083","1193","425","","406","482","985","4596","523","1120","886","982","261","198","2355","1752","1077","782","",""
"2020-07-05","794","","468","","6631","68232","741","1257","121","703","242","","1205","2545","560","165","185","","4075","285","109","124","","168","350","416","1385","1148","1243","512","","446","497","1009","4806","538","1162","972","1030","259","204","2497","1932","1186","895","",""
"2020-07-06","807","","475","","6851","69995","802","1277","128","724","282","","1246","2727","638","169","200","","4328","310","113","150","","170","375","421","1454","1193","1284","564","","466","500","1128","4983","552","1271","1004","1114","282","220","2534","1980","1232","975","",""
"2020-07-07","820","","475","","6940","71208","839","1342","124","729","280","","1274","2834","757","173","203","","4664","314","118","","","","418","","1479","1312","1336","576","","528","534","1222","5205","575","1416","1059","1295","322","237","2633","2097","1233","1228","",""
"2020-07-08","851","","487","","7213","72478","927","1413","156","738","290","","1285","2968","872","181","217","","5047","325","130","160","","173","449","","1544","1325","1405","611","","556","545","1297","5507","613","1558","1077","1300","332","262","2688","2258","1339","1298","",""
"2020-07-09","909","","492","","7384","73706","1026","1480","209","741","307","","1539","3036","965","184","223","","5289","350","147","172","","171","495","422","1606","1404","1498","675","","587","577","1387","5877","653","1754","1170","1409","351","265","2758","2344","1370","1595","",""
"2020-07-10","932","","497","","7633","74947","1071","1493","224","749","321","","1621","3097","1070","189","225","","5472","347","150","181","","172","534","422","1691","1415","1626","720","","596","626","1495","6075","680","1949","1273","1551","379","288","2861","2486","1411","1738","",""
"2020-07-11","963","","509","","7870","76136","1142","1510","238","755","363","","1723","3216","1203","195","241","","5747","353","162","179","","174","570","422","1774","1463","1763","786","","663","653","1614","6421","693","2124","1401","1629","388","294","2925","2622","1455","1833","",""
"2020-07-12","977","","513","","8118","77316","1261","1526","241","786","383","","1791","3604","1306","200","253","","6068","347","174","183","","175","615","","1849","1509","1863","862","","681","688","1729","6655","707","2261","1504","1758","414","297","3076","2772","1459","2073","",""
"2020-07-13","999","","","","8281","78551","1291","1551","258","788","416","","1847","3977","1491","201","263","","6529","374","189","222","","177","673","","1892","1635","1963","891","","719","710","1863","6930","766","2385","1598","1875","431","308","3162","2902","1602","2099","",""
"2020-07-14","1024","","542","","8551","79640","1480","1565","260","945","445","","1904","4089","1613","206","274","","6980","383","203","258","","178","729","","1956","1645","2022","1003","","822","739","1916","7292","785","2497","1715","1935","461","319","3224","3098","1723","2427","",""
"2020-07-15","1040","","585","","8739","80939","1591","1624","264","1065","454","","1979","4253","1745","209","306","","7321","388","212","277","","181","780","422","2076","1711","2049","1103","","840","810","1975","7573","794","2766","1814","2098","478","342","3349","3191","1820","2603","",""
"2020-07-16","1062","","599","","8906","82106","1644","1646","289","1192","462","","2049","4308","1891","216","328","","7587","396","231","320","","191","831","424","2167","1858","2119","1188","","857","836","2053","8107","814","2940","1902","2228","504","381","3563","3445","1926","2749","",""
"2020-07-17","1084","","609","","9033","83355","1785","1690","324","1355","458","","2107","4420","2041","230","345","","7848","396","278","371","","200","907","424","2249","1915","2182","1260","","924","953","2229","8329","829","3129","2004","2345","512","409","3709","3628","2039","2948","",""
"2020-07-18","1108","","620","","9358","84576","1905","1725","378","1462","467","","2184","4517","2187","243","379","","8034","418","305","410","","204","941","424","2316","2022","2230","1438","","1017","1132","2374","8702","858","3290","2126","2504","515","433","3781","3814","2136","3127","",""
"2020-07-19","1129","","634","","9656","85837","2043","1770","446","1601","471","","2299","4737","2318","257","387","","8241","433","316","486","","214","1016","","2442","2087","2291","1531","","1094","1162","2494","9110","894","3441","2265","2607","564","473","3916","3948","2212","3393","",""
"2020-07-20","1144","","647","","10025","87213","2183","1863","482","1679","503","","2388","5093","2409","268","413","","8347","428","341","513","","222","1087","","2525","2196","2370","1612","","1198","1246","2601","9424","940","3643","2343","2783","564","507","4070","4068","2299","3563","",""
"2020-07-21","1171","","684","","10287","88355","2359","1921","488","1724","506","","2435","5360","2568","292","451","","8507","466","353","516","","233","1127","424","2603","2370","2455","1687","","1257","1317","2732","9774","1013","3914","2470","2851","599","541","4233","4226","2396","3924","",""
"2020-07-22","1199","","710","","10493","89539","2539","1991","486","1825","512","","2517","5695","2721","295","520","","8695","480","395","528","","248","1186","","2692","2784","2556","1760","","1342","1423","2899","10210","1058","4241","2686","2972","659","567","4444","4359","2501","4287","",""
"2020-07-23","1215","","759","","10886","90878","2777","2070","505","1929","533","","2651","6008","2858","322","551","","8974","484","432","587","","255","1299","424","2792","3001","2605","1824","","1410","1543","3087","10627","1060","4656","2872","3219","728","600","4637","4472","2613","4767","",""
"2020-07-24","1242","","796","","11306","92184","2966","2162","541","2011","558","","2833","6359","3124","327","633","","9292","523","459","621","","271","1394","","2865","3223","2728","1906","","1504","1731","3321","11008","1155","4971","3089","3387","778","617","4781","4646","2766","5193","",""
"2020-07-25","1258","","800","","11762","93515","3237","2250","570","2114","580","","2938","6794","3393","351","664","","9585","533","510","661","","296","1504","","2951","3467","2841","1991","","1605","1893","3556","11395","1255","5291","3289","3595","864","668","4933","4854","2923","5573","",""
"2020-07-26","1289","","827","","12264","94673","3459","2415","700","2317","612","","3065","7159","3610","363","716","","9795","565","520","692","","322","1617","425","3040","3834","2997","2079","","1680","2046","3773","11876","1348","5542","3420","3773","907","700","5109","5050","3131","5959","",""
"2020-07-27","1300","","876","","12715","95835","3775","2525","732","2450","639","","3303","7525","3849","370","776","","10047","587","556","731","","343","1715","425","3094","4107","3181","2123","","1792","2161","4053","12320","1415","5896","3604","3963","958","737","5376","5236","3270","6302","",""
"2020-07-28","1341","","893","","13346","96416","4052","2668","740","2565","650","","3498","8015","4073","387","817","","10382","601","576","726","","368","1844","","3132","4306","3305","2182","","1842","2367","4337","12806","1547","6278","3755","4350","1013","757","5644","5385","3361","6884","",""
"2020-07-29","1350","","897","","13839","97553","4344","2788","750","2621","674","","3633","8420","4275","430","924","","10608","657","604","735","","395","1926","","3169","4491","3424","2226","","1909","2555","4468","13184","1660","6591","3889","4729","1052","795","5823","5492","3499","7256","",""
"2020-07-30","1378","","914","","14195","98745","4647","2929","765","2759","684","","3726","8602","4523","468","950","","10828","685","652","768","","422","2054","","3215","4769","3494","2301","","1966","2652","4729","13481","1664","6812","4011","5002","1099","827","6010","5677","3594","7502","",""
"2020-07-31","1385","","918","","14532","99772","4821","3088","761","2811","718","","3745","9092","4693","495","968","","10999","735","694","766","","477","2167","425","3255","5130","3618","2365","","2030","2749","5028","13836","1692","7107","4146","5212","1146","873","6052","5875","3764","7865","",""
"2020-08-01","1420","","950","","14864","100855","5059","3271","770","2892","726","","3807","9382","4891","531","1042","","11165","772","728","802","","497","2258","","3293","5300","3666","2426","","2208","2916","5355","14128","1737","7350","4282","5393","1167","909","6304","6069","3923","8151","",""
"2020-08-02","1446","","1023","","15310","101929","5230","3415","787","2989","748","","3840","9783","5092","559","1102","","11342","789","757","812","","524","2383","","3338","5469","3800","2471","","2313","3009","5664","14430","1780","7628","4416","5572","1234","949","6446","6242","4022","8491","",""
"2020-08-03","1461","","1045","","15655","102963","5458","3582","789","3065","761","","3906","10093","5307","578","1170","","11445","817","801","849","","543","2471","","3400","5852","3864","2534","","2395","3155","5969","14750","1798","7846","4517","5641","1278","994","6660","6376","4112","8843","",""
"2020-08-04","1473","","1094","","15915","104005","5688","3846","791","3130","783","","4055","10301","5435","601","1196","","11477","873","835","863","","547","2514","426","3449","5930","3927","2677","","2441","3244","6261","15096","1829","8035","4603","5797","1344","1000","6793","6526","4162","9269","",""
"2020-08-05","1495","","1130","","16482","104982","5805","4016","808","3201","823","","4063","10653","5607","653","1206","","11583","917","868","897","","568","2666","","3483","6073","4084","2742","","2562","3323","6539","15570","1850","8210","4733","5820","1356","1024","6905","6705","4239","9339","",""
"2020-08-06","1523","","1154","","16895","106074","5997","4232","815","3330","882","","4131","10991","5829","679","1263","","11679","921","890","919","","572","2755","","3503","6342","4247","2768","","2627","3485","6836","15890","1873","8450","4834","6071","1436","1059","7058","6897","4316","9441","",""
"2020-08-07","1526","","1205","","17225","107087","6227","4445","830","3464","949","","4270","11172","6015","705","1310","","11787","999","924","931","","641","2928","","3546","6597","4416","2832","","2746","3702","7188","16220","1918","8648","4939","6265","1498","1089","7312","7056","4390","9542","",""
"2020-08-08","1532","","1245","","17409","108102","6450","4628","851","3746","1006","","4394","11420","6222","737","1361","","11888","1076","953","948","","686","3050","","3585","6744","4454","2887","","2950","3935","7538","16612","1946","8905","5032","6425","1552","1106","7610","7206","4463","9773","",""
"2020-08-09","1546","","1291","","17809","109095","6670","4774","880","3877","1058","","4480","11805","6348","770","1422","","11995","1145","991","958","","718","3189","","3646","6964","4618","2936","","3130","4090","7898","17013","1997","9159","5129","6578","1605","1154","7832","7355","4530","9966","",""
"2020-08-10","1560","","1345","","18330","110099","6961","5061","898","4050","1095","","4564","12129","6553","815","1480","","12094","1204","1020","965","","753","3324","","3682","7151","4740","2996","","3244","4216","8257","17340","2025","9357","5170","6662","1689","1197","7988","7546","4620","10155","",""
"2020-08-11","1568","","1432","","18733","111032","7296","5344","906","4203","1109","","4639","12468","6746","847","1523","","12185","1249","1033","967","","789","3388","428","3719","7487","4947","3053","","3380","4347","8554","17706","2112","9469","5250","6801","1726","1233","8153","7723","4713","10337","",""
"2020-08-12","1582","","1497","","19173","112037","7592","5685","913","4245","1158","","4650","12850","6863","887","1530","","12356","1321","1064","990","","808","3534","","3780","7729","5166","3139","","3479","4407","8836","18096","2118","9626","5386","6938","1799","1315","8279","7770","4811","10629","",""
"2020-08-13","1589","","1573","","19638","113036","7884","5943","934","4385","1200","","4745","13083","7050","927","1539","","12505","1392","1112","996","","839","3662","","3840","7786","5340","3203","","3630","4562","9122","18477","2145","9730","5550","7112","1863","1379","8432","7915","4906","10849","",""
"2020-08-14","1599","","1642","","20078","114238","8274","6165","969","4523","1328","","4776","13407","7178","938","1552","","12551","1422","1144","1010","","863","3818","","3898","7963","5533","3271","","3723","4653","9489","18958","2201","9790","5654","7229","1932","1431","8514","8078","5033","10938","",""
"2020-08-15","1617","","1715","","20463","115422","8569","6505","987","4644","1343","","4857","13574","7359","981","1611","","12633","1504","1181","1033","","889","3990","","3957","8217","5733","3320","","3812","4765","9703","19382","2253","9869","5762","7398","1998","1495","8622","8236","5117","11107","",""
"2020-08-16","1619","","1792","","20909","116628","8967","6690","1009","4754","1439","","4919","13874","7492","1011","1658","","12754","1570","1221","1057","","938","4177","","4015","8358","5913","3374","","3903","4889","9909","19870","2318","9964","5867","7522","2013","1531","8720","8498","5248","11183","",""
"2020-08-17","1631","","1868","","21149","117817","9362","7081","1035","4909","1576","","4972","14033","7699","1047","1672","","12878","1580","1287","1083","","975","4342","","4064","8512","6181","3423","","4050","5001","10189","20179","2389","10040","5990","7625","2085","1601","8797","8554","5387","11400","",""
"2020-08-18","1632","","1941","","21497","119037","9758","7332","1046","5062","1634","","5039","14294","7846","1093","1688","","12945","1650","1326","1089","","1010","4449","","4113","8647","6467","3478","","4144","5131","10484","20618","2430","10108","6113","7743","2159","1647","8922","8641","5504","11455","",""
"2020-08-19","1636","","1992","","21822","120245","10158","7571","1064","5165","1720","","5096","14546","7968","1132","1707","","13057","1718","1361","1120","","1048","4555","","4149","8772","6762","3545","","4212","5246","10772","21005","2550","10210","6212","7883","2210","1707","9017","8822","5573","11639","",""
"2020-08-20","1642","","2030","","22284","121428","10558","7845","1070","5302","1798","","5180","14840","8091","1166","1710","","13139","1737","1411","1178","","1076","4660","","4199","8914","7119","3593","","4353","5359","11009","21402","2611","10293","6335","8048","2299","1774","9129","8932","5648","11791","",""
"2020-08-21","1652","","2115","","22735","122735","10957","8090","1094","5431","1901","","5237","15029","8248","1209","1760","","13227","1786","1476","1220","","1116","4759","","4307","9091","7385","3630","","4471","5458","11131","21756","2679","10422","6439","8198","2394","1875","9188","9133","5771","11843","",""
"2020-08-22","1657","","2164","","23143","124049","11358","8401","1121","5558","2018","","5295","15287","8356","1249","1790","","13318","1867","1515","1238","","1123","4913","","4347","9184","7675","3691","","4601","5567","11275","22122","2754","10544","6560","8340","2467","1947","9275","9377","5897","11885","",""
"2020-08-23","1671","","2228","","23496","125367","11751","8783","1133","5736","2065","","5385","15512","8538","1298","1809","","13423","1889","1557","1325","","1153","5068","","4385","9339","7938","3734","","4749","5683","11445","22453","2783","10635","6660","8487","2521","2020","9376","9556","6057","11895","",""
"2020-08-24","1682","","2280","","23804","126655","12141","9155","1141","5868","2246","","5441","15740","8687","1321","1867","","13498","1954","1615","1400","","1181","5256","","4415","9460","8210","3783","","4838","5797","11638","22759","2895","10736","6764","8565","2578","2099","9521","9715","6213","11952","",""
"2020-08-25","1689","","2334","","24127","127927","12467","9525","1149","5989","2390","","5493","15958","8840","1349","1913","","13580","2105","1672","1473","","1203","5372","","4484","9646","8507","3826","","4924","5872","11864","23062","2954","10801","6873","8770","2617","2143","9626","9850","6398","12049","",""
"2020-08-26","1693","","2378","","24426","129225","12954","9814","1183","6026","2492","","5565","16293","8994","1383","1944","","13611","2191","1739","1472","","1221","5517","","4523","9768","8962","3841","","5035","5987","12048","23331","3061","10909","6957","8911","2673","2241","9680","10008","6595","12128","",""
"2020-08-27","1708","","2452","","24747","130542","13398","10076","1184","6123","2614","","5635","16528","9094","1417","1977","","13675","2283","1821","1497","","1240","5654","","4599","9931","9375","3907","","5097","6109","12179","23627","3155","11008","7072","9018","2711","2337","9780","10167","6742","12281","",""
"2020-08-28","1714","","2519","","25056","131847","13897","10334","1200","6217","2729","","5708","16701","9175","1453","2006","","13778","2339","1917","1536","","1249","5751","","4628","10069","9811","3962","","5155","6239","12293","23926","3275","11112","7158","9148","2759","2458","9988","10320","6896","12433","",""
"2020-08-29","1726","","2579","","25364","133151","14393","10755","1218","6344","2885","","5790","16948","9336","1483","2046","","13884","2440","1986","1551","","1268","5875","","4665","10189","10244","3995","","5231","6374","12420","24191","3385","11201","7261","9301","2790","2557","10147","10507","7069","12559","",""
"2020-08-30","1734","","2670","","25761","134414","14894","11140","1232","6433","3043","","6017","17153","9460","1536","2115","","14020","2577","2051","1584","","1292","5985","","4687","10385","10579","4028","","5316","6495","12599","24475","3480","11296","7380","9437","2824","2649","10316","10671","7253","12622","",""
"2020-08-31","1747","","2746","","26107","135575","15490","11449","1249","6557","3171","","6083","17349","9558","1584","2128","","14142","2687","2144","1614","","1303","6071","428","4718","10513","11070","4053","","5414","6611","12676","24767","3585","11409","7478","9537","2872","2719","10457","10785","7429","12712","",""
"2020-09-01","1758","","2819","","26507","136675","16075","11737","1254","6668","3258","","6288","17524","9710","1617","2187","","14269","2774","2220","1653","","1336","6167","","4758","10702","11408","4089","","5463","6738","12731","25051","3685","11475","7575","9688","2910","2812","10613","10919","7595","12779","",""
"2020-09-02","1771","","2862","","26905","137710","16662","12145","1309","6801","3353","","6343","17661","9821","1681","2236","","14376","2845","2298","1667","","1347","6245","","4815","10796","11822","4114","","5545","6887","12827","25330","3818","11532","7684","9796","3000","2904","10825","11081","7821","12842","",""
"2020-09-03","1779","","2909","","27284","138702","17258","12737","1330","6938","3469","","6464","17816","9913","1713","2322","","14445","2912","2355","1720","","1368","6350","","4889","10949","12039","4145","","5604","7027","12910","25563","3897","11587","7799","9959","3067","3018","10974","11217","7971","12970","",""
"2020-09-04","1785","","2967","","27652","139698","17865","13235","1371","7031","3581","","6646","17971","10022","1757","2390","","14565","3010","2427","1810","","1381","6452","","4911","11065","12281","4191","","5693","7192","12994","25827","3995","11633","7903","10067","3143","3109","11191","11352","8119","13063","",""
"2020-09-05","1788","","3033","","27945","140663","18410","13669","1421","7153","3722","","6779","18123","10099","1801","2478","","14664","3179","2513","1857","","1401","6578","","4931","11174","12531","4225","","5753","7306","13073","26071","4106","11680","8011","10194","3187","3305","11430","11517","8264","13181","",""
"2020-09-06","1794","","3070","","28309","141632","18955","14060","1445","7277","3836","","6965","18309","10217","1844","2561","","14765","3325","2614","1897","","1418","6680","","4974","11315","12650","4256","","5810","7451","13158","26311","4218","11738","8123","10315","3232","3459","11701","11668","8395","13251","",""
"2020-09-07","1796","","3099","","28639","142581","19479","14458","1501","7413","3953","","7154","18499","10313","1898","2632","","14871","3389","2711","1933","","1431","6769","","5007","11441","12835","4297","","5875","7573","13246","26559","4360","11829","8235","10396","3289","3653","11963","11815","8534","13348","",""
"2020-09-08","1797","","3148","","28992","143580","19948","14865","1560","7500","4076","","7292","18626","10404","1947","2715","","14978","3413","2795","1989","","1446","6886","","5039","11567","13001","4345","","5957","7692","13338","26841","4559","11894","8336","10523","3339","3792","12211","11949","8660","13458","",""
"2020-09-09","","","3192","","29229","144573","20393","15209","1674","7596","4166","","7406","18797","10540","1985","2790","","15041","3585","2888","2058","","1461","7004","","5079","11675","13280","4382","","6017","7823","13424","27122","4686","11952","8434","10662","3421","3912","12353","12089","8799","13548","",""
"2020-09-10","1798","","3230","","29505","145584","20839","15473","1796","7680","4199","","7521","18965","10615","2052","2916","","15108","3716","3004","2128","","1494","7105","","5132","11783","13586","4399","","6090","7907","13520","27416","4815","12066","8540","10774","3506","4066","12442","12234","8990","13576","",""
"2020-09-11","1800","","3246","","29802","146571","21233","15762","1892","7727","4269","","7668","19097","10738","2079","2955","","15159","3764","3118","2218","","1504","7214","","5142","11875","13884","4424","","6140","8052","13605","27728","4974","12167","8680","10910","3590","4190","12738","12416","9151","13607","",""
"2020-09-12","1802","","3260","","30063","147569","21665","16023","1987","7795","4403","","7761","19233","10847","2126","3107","","15228","3919","3210","2279","","1521","7293","","5165","11952","14176","4475","","6222","8193","13685","28025","5122","12251","8753","11017","3631","4446","12878","12543","9312","13647","",""
"2020-09-13","1806","","3271","","30364","148562","22156","16275","2029","7862","4528","","7888","19423","10958","2160","3174","","15300","4075","3344","2349","","1545","7427","","5181","12093","14471","4521","","6258","8341","13775","28325","5266","12300","8846","11131","3701","4748","13071","12629","9441","13683","",""
"2020-09-14","1812","","3289","","30741","149561","22662","16567","2116","7939","4662","","8019","19568","11094","2219","3252","","15384","4201","3462","2443","","1555","7525","","5207","12195","14770","4557","","6342","8467","13833","28620","5408","12374","8914","11192","3783","4938","13296","12765","9571","13726","",""
"2020-09-15","1819","","3315","","31065","150550","23147","16835","2204","8000","4797","","8146","19766","11197","2280","3327","","15467","4312","3559","2528","","1581","7588","","5233","12287","15062","4585","","6398","8627","13914","28903","5537","12458","9017","11309","3857","5200","13485","12899","9705","13767","",""
"2020-09-16","1824","","3343","","31386","151538","23702","17097","2322","8064","4897","","8308","19957","11311","2326","3395","","15568","4390","3673","2596","","1597","7721","","5269","12364","15337","4625","","6465","8752","13965","29198","5677","12543","9114","11429","3951","5349","13642","13019","9847","13817","",""
"2020-09-17","1825","","3378","","31710","152545","24234","17309","2446","8138","4996","","8411","20077","11432","2379","3481","","15637","4471","3786","2678","","1611","7839","","5299","12465","15629","4669","","6538","8900","14043","29446","5783","12620","9227","11516","4042","5544","13802","13162","9981","13889","",""
"2020-09-18","1829","","3411","","31970","153594","24778","17568","2554","8229","5110","","8506","20203","11547","2447","3538","","15714","4555","3898","2750","","1622","7962","","5332","12519","15919","4701","","6636","9064","14112","29664","5882","12710","9363","11620","4119","5727","13949","13274","10121","13929","",""
"2020-09-19","1842","","3451","","32254","154602","25344","17857","2666","8303","5276","","8598","20381","11652","2511","3614","","15782","4613","3998","2837","","1648","8052","","5363","12582","16205","4738","","6701","9206","14167","29924","5983","12775","9469","11729","4204","5890","14108","13420","10266","13984","",""
"2020-09-20","1844","","3487","","32578","155617","25914","18153","2793","8385","5421","","8654","20475","11786","2571","3739","","15868","4720","4133","2968","","1659","8154","","5378","12616","16491","4799","","6792","9372","14220","30140","6070","12858","9552","11815","4275","6059","14214","13516","10394","14031","",""
"2020-09-21","1846","","3517","","32797","156603","26562","18301","2882","8450","5622","","8759","20592","11883","2626","3838","","15953","4814","4263","3090","","1669","8254","","5393","12695","16786","4840","","6859","9496","14277","30352","6193","12956","9633","11898","4383","6220","14311","13651","10525","14066","",""
"2020-09-22","1847","","3537","","33028","157592","27157","18534","2988","8504","5758","","8832","20801","11960","2682","3928","","16014","4860","4355","3178","","1676","8343","","5401","12783","17077","4878","","6913","9651","14337","30582","6309","13016","9746","11989","4440","6589","14437","13746","10616","14108","",""
"2020-09-23","1848","","3548","","33325","158572","27744","18717","3118","8544","5883","","8887","21006","12077","2723","3991","","16093","4906","4487","3267","","1698","8424","","5411","12872","17375","4922","","6959","9837","14408","30800","6408","13071","9858","12081","4505","6836","14563","13889","10721","14143","",""
"2020-09-24","1854","","3576","","33624","159661","28388","18972","3247","8576","6023","","8911","21202","12138","2785","4077","","16165","4952","4619","3364","","1719","8536","","5427","12970","17688","4964","","7014","10027","14473","31065","6551","13110","9986","12196","4573","7024","14685","14015","10876","14176","",""
"2020-09-25","1861","","3606","","33906","160904","29057","19214","3396","8645","6134","","8969","21381","12225","2830","4185","","16206","4996","4728","3501","","1738","8605","","5445","13037","18001","5012","","7071","10182","14541","31220","6682","13164","10083","12260","4636","7202","14855","14141","11044","14225","",""
"2020-09-26","1862","","3635","","34166","162103","29715","19427","3493","8701","6274","","9007","21535","12321","2905","4257","","16277","5045","4853","3646","","1765","8697","","5467","13094","18300","5040","","7135","10370","14608","31449","6823","13214","10168","12350","4702","7390","14996","14277","11205","14263","",""
"2020-09-27","1863","","3673","","34576","163401","30314","19686","3587","8741","6382","","9034","21591","12413","2943","4319","","16349","5088","5027","3807","","1779","8793","","5478","13170","18681","5070","","7165","10552","14686","31652","6949","13256","10254","12463","4768","7681","15075","14397","11350","14313","",""
"2020-09-28","","","3709","","34853","164722","30915","19849","3682","8787","6519","","9097","21691","12513","2999","4417","","16432","5151","5178","3944","","1807","8891","","5508","13211","18904","5109","","7213","10734","14761","31887","7075","13317","10345","12518","4838","7867","15232","14535","11483","14359","",""
"2020-09-29","1864","","3726","","35226","166007","31489","19955","3776","8821","6636","","9154","21804","12610","3028","4512","","16530","5194","5327","4093","","1822","8992","","5530","13306","19250","5145","","7281","10923","14825","32173","7135","13360","10429","12645","4913","8023","15321","14655","11586","14395","",""
"2020-09-30","1870","","3753","","35588","167354","32068","20096","3818","8843","6770","","9185","21967","12707","3086","4589","","16619","5242","5489","4173","","1838","9080","","5542","13390","19635","5172","","7320","11195","14894","32387","7191","13450","10527","12729","4972","8180","15495","14792","11701","14413","",""
"2020-10-01","1872","","3788","","35944","168667","32620","20276","3874","8884","6915","","9235","22120","12825","3134","4698","","16696","5297","5602","4245","","1863","9167","","5551","13477","19975","5204","","7373","11428","14959","32622","7314","13524","10612","12809","5055","8373","15589","14939","11836","14446","",""
"2020-10-02","1874","","3817","","36356","170003","33116","20442","3937","8929","7112","","9289","22260","12917","3171","4775","","16763","5336","5767","4318","","1880","9266","","5568","13553","20330","5230","","7409","11651","15044","32822","7456","13567","10708","12882","5127","8530","15714","15072","11936","14476","",""
"2020-10-03","1880","","3851","","36743","171393","33611","20598","4014","8968","7258","","9339","22415","13011","3211","4850","","16820","5388","5910","4459","","1895","9333","","5587","13600","20685","5268","","7442","11901","15113","33104","7599","13643","10781","12952","5216","8698","15787","15207","11983","14512","",""
"2020-10-04","1885","","3892","","37148","172751","34089","20739","4074","9006","7389","","9369","22534","13129","3266","4919","","16904","5410","6087","4581","","1906","9407","","5609","13670","21045","5304","","7481","12144","15173","33303","7745","13698","10842","13023","5299","8852","15892","15337","12042","14570","",""
"2020-10-05","1888","","3926","","37492","174121","34558","20869","4156","9061","7482","","9420","22689","13227","3293","4993","","16960","5500","6231","4746","","1917","9485","","5629","13705","21382","5336","","7521","12395","15236","33501","7841","13753","10919","13101","5379","8989","15981","15480","12129","14618","",""
"2020-10-06","","","3955","","37755","175462","35000","21013","4224","9102","7551","","9450","22849","13322","3326","5069","","17034","5565","6382","4835","","1927","9557","","5647","13764","21712","5356","","7538","12617","15295","33746","7942","13789","11003","13173","5422","9151","16066","15585","12215","14639","",""
"2020-10-07","1895","","3991","","38101","176757","35479","21155","4308","9151","7696","","9507","23014","13415","3390","5144","","17120","5620","6523","4940","","1936","9638","","5664","13841","22038","5392","","7548","12864","15358","33977","8048","13856","11083","13238","5495","9329","16189","15738","12258","14677","",""
"2020-10-08","1899","","4007","","38485","178086","35933","21281","4382","9195","7831","","9547","23118","13504","3432","5218","","17204","5661","6669","5032","","1951","9711","","5678","13906","22404","5408","","7556","13109","15425","34154","8098","13916","11149","13300","5543","9499","16289","15868","12311","14702","",""
"2020-10-09","1900","","4042","","38805","179402","36332","21429","4449","9234","7970","","9593","23244","13600","3466","5304","","17300","5716","6818","5141","","1961","9781","","5700","13963","22702","5434","","7570","13349","15490","34388","8210","13994","11225","13372","5611","9659","16390","16009","12371","14722","",""
"2020-10-10","1902","","4070","","39100","180729","36725","21572","4541","9274","8107","","9630","23412","13684","3513","5387","","17385","5782","6981","5238","","1978","9848","","5718","14054","23037","5473","","7594","13542","15563","34542","8299","14052","11308","13436","5671","9859","16492","16139","12459","14792","",""
"2020-10-11","1902","","4105","","39345","181992","37117","21659","4610","9306","8270","","9676","23561","13763","3561","5486","","17476","5845","7140","5366","","1993","9899","","5744","14129","23336","5499","","7612","13720","15630","34741","8395","14121","11396","13512","5724","10032","16592","16274","12545","14829","",""
"2020-10-12","1903","","4129","","39619","183229","37511","21793","4693","9337","8420","","9722","23660","13849","3598","5586","","17564","5900","7281","5512","","2000","9944","","5760","14186","23646","5524","","7628","13865","15691","34958","8510","14181","11435","13573","5783","10219","16674","16403","12624","14872","",""
"2020-10-13","1903","","4161","","39868","184407","37919","21932","4806","9408","8521","","9753","23797","13927","3631","5671","","17626","5952","7417","5635","","2005","9998","428","5777","14246","23911","5543","","7659","13985","15750","35179","8620","14236","11497","13633","5842","10367","16730","16500","12712","14924","",""
"2020-10-14","","","4191","","40146","185551","38315","22040","4879","9445","8642","","9789","23955","14009","3665","5765","","17700","5997","7565","5727","","2013","10048","","5797","14287","24191","5557","","7667","14085","15799","35342","8702","14282","11568","13680","5903","10537","16788","16615","12792","14973","",""
"2020-10-15","","","4209","","40414","186645","38712","22163","4966","9478","8766","","9829","24071","14086","3701","5839","","17780","6060","7714","5821","","2023","10100","","5817","14326","24451","5583","","7688","14185","15846","35545","8764","14325","11642","13733","5963","10690","16864","16731","12859","15028","",""
"2020-10-16","1903","","4229","","40727","187830","39102","22280","5034","9510","8898","","9875","24164","14156","3734","5902","","17864","6125","7849","5915","","2030","10139","","5835","14383","24697","5602","","7703","14288","15885","35654","8833","14381","11723","13792","6025","10839","16934","16852","12949","15068","",""
"2020-10-17","","","4243","","40993","188922","39495","22397","5101","9548","9023","","9923","24281","14223","3770","5982","","17933","6185","7973","6003","","2040","10193","","5849","14447","24935","5625","","7714","14390","15917","35889","8920","14430","11788","13839","6057","10994","17002","16944","13031","15102","",""
"2020-10-18","","","4260","","41162","189973","39818","22498","5170","9573","9125","","9955","24419","14293","3791","6044","","18008","6245","8095","6089","","2050","10242","","5863","14513","25123","5651","","7716","14480","15952","36066","9006","14491","11850","13880","6109","11165","17064","17033","13109","15134","",""
"2020-10-19","1903","","4272","","41425","190927","40108","22586","5244","9614","9217","","9989","24471","14362","3826","6109","","18074","6283","8186","6149","","2065","10278","","5887","14560","25311","5674","","7738","14561","15984","36178","9079","14537","11912","13916","6137","11305","17118","17125","13185","15159","",""
"2020-10-20","1903","","4288","","41643","191732","40374","22657","5306","9635","9284","","10031","24573","14422","3843","6139","","18130","6319","8279","6180","","2075","10301","","5900","14589","25489","5697","","7746","14650","16016","36307","9143","14576","11980","13936","6180","11436","17156","17205","13228","15200","",""
"2020-10-21","","","4295","","41843","192505","40690","22719","5331","9643","9390","","10049","24662","14470","3858","6173","","18194","6369","8349","6210","","2087","10327","","5913","14609","25690","5715","","7757","14716","16041","36510","9187","14593","12045","13977","6251","11558","17213","17279","13293","15220","",""
"2020-10-22","1903","","4302","","42061","193277","40982","22796","5371","9671","9453","","10074","24770","14506","3897","6221","","18246","6407","8422","6273","","2096","10355","","5924","14637","25834","5730","","7764","14791","16065","36657","9250","14639","12097","14002","6305","11727","17258","17343","13355","15250","",""
"2020-10-23","","","4318","","42243","194117","41262","22847","5409","9689","9558","","10095","24871","14557","3922","6270","","18313","6432","8518","6318","","2101","10378","","5930","14669","26023","5747","","7775","14866","16086","36806","9302","14694","12153","14022","6349","11858","17296","17398","13409","15264","",""
"2020-10-24","","","4322","","42405","194879","41555","22897","5439","9705","9647","","10123","25024","14609","3956","6308","","18381","6462","8590","6336","","2106","10403","","5943","14682","26182","5768","","7782","14929","16105","36966","9353","14735","12201","14045","6398","11964","17346","17466","13445","15294","",""
"2020-10-25","1903","","4325","","42653","195650","41830","22948","5469","9723","9717","","10146","25054","14667","3981","6334","","18438","6490","8681","6367","","2113","10435","","5955","14703","26377","5791","","7786","14992","16126","37117","9399","14779","12251","14075","6449","12079","17391","17511","13498","15320","",""
"2020-10-26","","","4331","","42799","196356","42084","22997","5490","9736","9800","","10170","25180","14723","4009","6363","","18503","6517","8758","6409","","2116","10464","","5965","14718","26544","5814","","7789","15057","16143","37269","9445","14817","12297","14106","6488","12188","17428","17567","13544","15344","",""
"2020-10-27","","","4335","","42949","197055","42296","23041","5515","9740","9874","","10193","25282","14772","4035","6395","","18554","6553","8828","6490","","2121","10489","","5967","14738","26687","5833","","7796","15121","16164","37364","9486","14856","12333","14134","6526","12286","17449","17635","13587","15371","",""
"2020-10-28","","","4347","","43163","197729","42516","23078","5540","9748","10009","","10213","25320","14810","4055","6422","","18601","6600","8887","6520","","2125","10523","","5977","14761","26834","5850","","7800","15173","16183","37487","9519","14887","12379","14156","6561","12397","17471","17714","13620","15391","",""
"2020-10-29","","","4356","","43314","198465","42776","23110","5561","9757","10121","","10226","25418","14841","4085","6451","","18649","6640","8939","6556","","2128","10554","","5988","14787","27003","5865","","7808","15263","16207","37618","9558","14946","12426","14176","6588","12497","17497","17771","13668","15405","",""
"2020-10-30","","","4364","","43479","199151","43008","23162","5575","9766","10232","","10239","25521","14879","4107","6491","","18681","6674","9017","6589","","2135","10573","","5993","14822","27125","5882","","7812","15312","16223","37760","9594","15017","12467","14194","6612","12644","17563","17834","13710","15419","",""
"2020-10-31","","","4374","","43652","199894","43252","23198","5604","9774","10297","","10263","25584","14903","4137","6535","","18726","6721","9083","6616","","2139","10595","","6004","14874","27271","5901","","7821","15344","16233","37851","9631","15060","12505","14209","6640","12745","17619","17899","13746","15437","",""
"2020-11-01","","","4385","","43838","200511","43504","23246","5620","9801","10387","","10292","25627","14947","4169","6574","","18768","6752","9151","6661","","2146","10614","","6007","14904","27384","5912","","7824","15393","16250","38023","9679","15087","12543","14235","6681","12837","17687","17972","13775","15455","",""
"2020-11-02","","","4393","","43997","201173","43751","23290","5637","9820","10472","","10320","25689","14987","4193","6598","","18803","6775","9206","6723","","2153","10635","","6021","14942","27510","5922","","7828","15443","16268","38116","9729","15128","12570","14260","6719","12992","17730","18037","13821","15471","",""
"2020-11-03","","","4402","","44134","201826","43989","23340","5660","9842","10555","","10346","25781","15023","4224","6642","","18844","6808","9267","6775","","2160","10663","","6030","14972","27614","5935","","7847","15490","16280","38232","9769","15154","12617","14289","6752","13093","17767","18096","13848","15491","",""
"2020-11-04","","","4409","","44294","202473","44209","23382","5688","9857","10664","","10365","25905","15069","4258","6690","","18890","6846","9320","6800","","2168","10688","","6043","15008","27717","5959","","7866","15545","16299","38323","9805","15198","12663","14313","6771","13215","17797","18150","13891","15506","",""
"2020-11-05","","","4419","","44414","203063","44449","23419","5709","9872","10759","","10381","26018","15110","4286","6714","","18933","6882","9358","6833","","2178","10713","","6057","15015","27854","5971","","7871","15590","16315","38476","9850","15227","12693","14328","6786","13325","17842","18210","13949","15523","",""
"2020-11-06","","","4429","","44605","203663","44676","23454","5726","9898","10871","","10391","26030","15148","4317","6760","","18968","6921","9410","6867","","2183","10741","","6066","15062","27963","5989","","7874","15640","16323","38626","9882","15263","12740","14365","6818","13445","17883","18241","13987","15537","",""
"2020-11-07","","","4439","","44727","204236","44889","23494","5748","9915","10977","","10405","26119","15188","4352","6805","","19006","6955","9469","6900","","2191","10769","","6077","15100","28071","6013","","7880","15686","16333","38769","9921","15294","12777","14398","6847","13559","17920","18293","14028","15553","",""
"2020-11-08","","","4451","","44847","204840","45094","23537","5769","9932","11076","","10416","26214","15221","4380","6840","","19041","6995","9529","6939","","2199","10796","","6084","15131","28174","6036","","7889","15730","16346","38893","9957","15327","12817","14426","6874","13680","17962","18351","14075","15569","",""
"2020-11-09","","","4462","","44997","205397","45287","23576","5787","9945","11171","","10431","26267","15257","4416","6859","","19085","7021","9580","6975","","2205","10819","","6089","15154","28284","6054","","7893","15772","16369","39030","9987","15361","12857","14452","6903","13794","18032","18402","14143","15581","",""
"2020-11-10","","","4472","","45120","206002","45492","23609","5800","9963","11268","","10441","26356","15288","4444","6894","","19126","7068","9651","7000","","2210","10840","","6092","15173","28389","6072","","7899","15837","16385","39100","10017","15375","12884","14475","6920","13886","18081","18453","14157","15601","",""
"2020-11-11","","","4479","","45250","206566","45685","23664","5810","9986","11359","","10457","26450","15313","4469","6949","","19161","7110","9701","7013","","2214","10868","","6094","15194","28480","6093","","7913","15873","16399","39241","10043","15389","12919","14500","6934","13983","18104","18549","14197","15615","",""
"2020-11-12","","","4488","","45401","207151","45875","23710","5827","10000","11422","","10474","26551","15347","4489","6993","","19192","7136","9749","7036","","2219","10885","","6100","15221","28545","6113","","7920","15911","16410","39337","10065","15415","12956","14530","6962","14065","18170","18607","14229","15635","",""
"2020-11-13","","","4494","","45588","207664","46055","23736","5846","10016","11474","","10486","26608","15366","4510","7031","","19236","7179","9809","7069","","2223","10905","","6113","15276","28609","6127","","7924","15942","16419","39437","10091","15434","12983","14559","6989","14148","18196","18633","14247","15653","",""
"2020-11-14","","","4498","","45735","208157","46237","23782","5862","10036","11537","","10503","26698","15385","4540","7060","","19273","7207","9857","7089","","2226","10923","","6120","15300","28702","6138","","7928","15986","16428","39525","10115","15452","13016","14582","7017","14224","18228","18681","14272","15668","",""
"2020-11-15","","","4502","","45891","208646","46408","23814","5875","10054","11593","","10516","26748","15412","4568","7087","","19308","7228","9902","7112","","2228","10939","","6124","15336","28790","6149","","7935","16024","16439","39619","10140","15467","13047","14603","7041","14298","18256","18724","14301","15682","",""
"2020-11-16","1907","","4505","","46025","209145","46587","23842","5884","10065","11656","","10528","26820","15438","4592","7115","","19339","7246","9937","7130","","2228","10951","","6129","15361","28865","6156","","7937","16057","16449","39696","10163","15474","13074","14620","7061","14368","18300","18769","14323","15692","",""
"2020-11-17","","","4512","","46144","209624","46757","23866","5905","10077","11698","","10547","26897","15459","4611","7140","","19361","7271","9978","7144","","2228","10961","","6134","15391","28927","6162","","7947","16086","16457","39797","10191","15480","13094","14639","7079","14433","18336","18804","14346","15696","",""
"2020-11-18","1910","","4513","","46273","210113","46920","23911","5907","10086","11740","","10558","26990","15472","4625","7174","","19392","7309","10013","7162","","2230","10971","","6140","15414","28984","6173","","7953","16110","16464","39900","10212","15493","13120","14655","7094","14513","18361","18875","14363","15707","",""
"2020-11-19","1911","","4520","","46416","210579","47071","23947","5922","10092","11774","","10576","27049","15485","4637","7197","","19414","7352","10044","7176","","2232","10984","","6147","15443","29044","6187","","7960","16131","16479","40037","10238","15507","13148","14663","7107","14608","18392","18926","14387","15725","",""
"2020-11-20","1913","","4523","","46562","211062","47219","23963","5932","10102","11816","","10588","27137","15499","4653","7212","","19447","7382","10065","7194","","2233","11008","","6155","15461","29126","6192","","7966","16155","16495","40163","10261","15512","13167","14679","7129","14690","18410","18979","14414","15731","",""
"2020-11-21","1914","","4527","","46715","211533","47380","23980","5947","10113","11865","","10600","27197","15516","4670","7222","","19469","7409","10100","7202","","2231","11026","","6162","15480","29195","6205","","7970","16182","16499","40265","10277","15542","13194","14684","7143","14763","18449","19024","14446","15762","",""
"2020-11-22","","","4534","","46832","211992","47535","24018","5962","10123","11924","","10610","27283","15533","4695","7238","","19499","7453","10140","7233","","2232","11035","","6170","15489","29266","6220","","7994","16209","16508","40358","10301","15554","13213","14693","7146","14835","18466","19062","14462","15782","",""
"2020-11-23","1919","","4535","","46958","212482","47676","24043","5978","10136","11995","","10615","27325","15553","4716","7266","","19523","7480","10180","7266","","2233","11048","","6179","15508","29344","6230","","8006","16225","16518","40428","10332","15574","13240","14700","7157","14903","18488","19096","14490","15792","",""
"2020-11-24","1920","","4537","","47070","212948","47823","24080","5987","10147","12043","","10619","27373","15577","4732","7290","","19555","7506","10225","7293","","","11054","","6183","15522","29414","6248","","8009","16257","16532","40501","10354","15588","13269","14727","7173","14962","18502","19128","14513","15800","",""
"2020-11-25","1920","","4541","","47178","213395","47975","24112","6006","10157","12117","","10624","27412","15601","4742","7310","","19577","7534","10250","7307","","2234","11063","","6186","15538","29478","6258","","8020","16273","16544","40592","10378","15603","13301","14748","7177","15041","18515","19172","14531","15818","",""
"2020-11-26","1921","","4544","","47229","213779","48133","24124","6018","10200","12196","","10632","27460","15612","4759","7332","","19605","7537","10283","7339","","2235","11078","","6188","15556","29568","6268","","8031","16296","16557","40668","10386","15622","13324","14765","7188","15115","18559","19201","14543","15841","",""
"2020-11-27","","","4554","","47299","214169","48279","24156","6035","10228","12250","","10643","27508","15646","4772","7347","","19627","7561","10320","7350","","2236","11086","","6197","15570","29644","6280","","8042","16321","16566","40730","10401","15633","13353","14797","7207","15172","18569","19244","14565","15856","",""
"2020-11-28","","","4560","","47387","214555","48421","24174","6048","10251","12292","","10657","27567","15675","4784","7358","","19654","7592","10358","7357","","2238","11098","","6200","15576","29714","6290","","8054","16354","16577","40812","10426","15652","13374","14809","7218","15238","18586","19278","14586","15873","",""
"2020-11-29","","","4562","","47469","214954","48572","24200","6057","10276","12360","","10663","27626","15690","4800","7365","","19681","7616","10386","7392","","2239","11114","","6204","15587","29792","6301","","8071","16386","16581","40896","10434","15667","13395","14817","7231","15318","18595","19317","14606","15882","",""
"2020-11-30","","","4562","","47573","215338","48725","24224","6066","10309","12418","","10669","27661","15714","4819","7376","","19713","7640","10413","7423","","2239","11123","","6210","15603","29853","6312","","8075","16420","16589","40957","10448","15679","13421","14827","7246","15393","18605","19354","14623","15892","",""
"2020-12-01","1922","","4567","","47673","215717","48866","24239","6088","10333","12457","","10669","27718","15722","4832","7399","","19738","7653","10445","7441","","2242","11131","","6214","15621","29906","6322","","8080","16460","16594","41017","10473","15688","13443","14855","7258","15457","18654","19396","14635","15912","",""
"2020-12-26","1922","","4569","","47751","216012","48959","24251","6096","10353","12489","","10673","27758","15730","4837","7421","","19756","7667","10470","7452","","2243","11138","","6216","15629","29965","6335","","8083","16490","16604","41072","10479","15696","13470","14866","7262","15500","18661","19411","14648","15922","",""
"2020-12-27","","","4571","","47826","216304","49055","24266","6112","10373","12519","","10679","27790","15744","4849","7433","","19770","7685","10492","7464","","2244","11143","","6220","15639","30000","6346","","8090","16517","16611","41109","10491","15704","13497","14874","7277","15543","18673","19435","14659","15939","",""
"2020-12-28","1922","","4573","","47894","216590","49149","24283","6124","10398","12550","","10685","27830","15767","4863","7442","","19789","7698","10510","7480","","","11150","","6226","15645","30045","6356","","8102","16542","16620","41154","10502","15718","13520","14881","7283","15585","18681","19452","14669","15948","",""
"2020-12-29","","","4573","","47941","216876","49230","24298","6133","10414","12584","","10688","27855","15777","4875","7454","","19815","7720","10529","7495","","2244","11161","","6229","15653","30079","6364","","8111","16574","16634","41201","10514","15726","13542","14899","7294","15623","18695","19466","14677","15962","",""
"2020-12-30","1924","","4574","","48044","217456","49403","24333","6159","10449","12648","","10690","27906","15803","4903","7474","","19863","7757","10578","7523","","2245","11175","","6235","15668","30137","6381","","8122","16631","16657","41271","10551","15747","13584","14937","7310","15694","18720","19493","14696","15988","",""
"2020-12-31","1925","","4576","","48117","217711","49492","24352","6167","10468","12691","","10693","27912","15827","4908","7485","","19876","7779","10592","7538","","","11182","","6239","15676","30176","6384","","8124","16668","16663","41312","10560","15758","13605","14949","7318","15732","18732","19521","14710","16003","",""
"2021-01-01","1925","","4579","","48178","217962","49574","24366","6178","10484","12733","","10695","27941","15853","4915","7492","","19892","7792","10617","7549","","2246","11190","","6241","15684","30216","6388","","8133","16691","16670","41344","10570","15770","13625","14958","7324","15779","18745","19544","14727","16017","",""
"2021-01-02","","","4575","","48247","218202","49652","24378","6190","10504","12768","","10695","27971","15875","4929","7496","","19917","7810","10639","7561","","2247","11197","","6245","15692","30247","6392","","8138","16726","16682","41390","10576","15778","13643","14969","7338","15821","18754","19567","14738","16023","",""
"2021-01-03","","","4575","","48296","218438","49721","24391","6198","10512","12807","","10701","28003","15895","4945","7504","","19936","7820","10655","7569","","2247","11203","","6251","15700","30293","6395","","8146","16749","16690","41435","10586","15787","13670","14983","7347","15847","18766","19584","14750","16044","",""
"2021-01-04","","","4579","","48348","218660","49805","24401","6206","10525","12832","","10708","28027","15919","4963","7511","","19956","7839","10661","7586","","2246","11208","","6255","15709","30332","6400","","8152","16769","16701","41471","10600","15796","13685","14992","7352","15887","18777","19599","14762","16058","",""
"2021-01-05","","","4584","","48407","218904","49888","24416","6218","10535","12863","","10713","28046","15941","4973","7520","","19971","7848","10684","7595","","2247","11214","","6258","15719","30361","6406","","8159","16777","16705","41511","10610","15808","13712","14999","7356","15914","18788","19610","14770","16067","",""
"2021-01-06","","","4586","","48450","219141","49977","24432","6226","10542","12892","","10715","28067","15954","4986","7528","","19989","7859","10698","7605","","2247","11217","","6263","15737","30405","6409","","8164","16790","16710","41546","10620","15818","13732","15015","7362","15942","18797","19640","14773","16074","",""
"2021-01-07","1926","","4589","","48500","219349","50055","24443","6239","10554","12920","","10719","28082","15992","4992","7537","","20011","7868","10716","7614","","","11224","","6269","15746","30437","6411","","8169","16812","16718","41591","10628","15832","13749","15028","7365","15969","18807","19670","14773","16087","",""
