"date","Arizona","California","Connecticut","Florida","Georgia","Illinois","Indiana","Louisiana","Maryland","Massachusetts","Michigan","New Jersey","New York","Ohio","Pennsylvania","Texas"
"2020-01-25","","","","","","","","","","","","","","","",""
"2020-01-26","   .00 %","","","","","","","","","","","","","","",""
"2020-01-27","   .00 %","","","","","","","","","","","","","","",""
"2020-01-28","   .00 %","","","","","","","","","","","","","","",""
"2020-01-29","   .00 %","","","","","","","","","","","","","","",""
"2020-01-30","   .00 %","","","","","","","","","","","","","","",""
"2020-01-31","   .00 %","","","","","","","","","","","","","","",""
"2020-03-10","   .00 %","-99.96 %","   .00 %","-99.93 %","-##.## %","-##.## %","-##.## %","-##.## %","   .00 %","   .00 %","-##.## %","   .00 %","-##.## %","-##.## %","-##.## %","-##.## %"
"2020-03-11","   .00 %","-99.96 %","   .00 %","-99.97 %","-##.## %","-##.## %","-##.## %","-##.## %","   .00 %","   .00 %","-##.## %","   .00 %","-##.## %","-##.## %","-##.## %","-##.## %"
"2020-03-12","   .00 %","   .00 %","   .00 %","   .00 %","   .00 %","   .00 %","   .00 %","   .00 %","   .00 %","   .00 %","   .00 %","   .00 %","   .00 %","   .00 %","   .00 %","   .00 %"
"2020-03-13","   .00 %","-99.94 %","   .00 %","-99.95 %","-99.97 %","-##.## %","-##.## %","-##.## %","   .00 %","   .00 %","-##.## %","   .00 %","-##.## %","-##.## %","-##.## %","-##.## %"
"2020-03-14","   .00 %","   .00 %","   .00 %","-99.90 %","-99.96 %","   .00 %","-##.## %","-99.97 %","   .00 %","   .00 %","-##.## %","   .00 %","-99.99 %","-##.## %","-##.## %","-##.## %"
"2020-03-15","   .00 %","-99.87 %","   .00 %","-99.85 %","-99.95 %","-##.## %","-##.## %","-99.93 %","   .00 %","   .00 %","-##.## %"," ##.## %","-99.99 %","-##.## %","-##.## %","-##.## %"
"2020-03-16","   .00 %","-99.87 %","   .00 %","-99.84 %","-99.96 %","-##.## %","-99.96 %","-99.90 %","   .00 %","   .00 %","-##.## %","   .00 %","-99.97 %","-##.## %","-##.## %","-##.## %"
"2020-03-17","   .00 %","-93.06 %","   .00 %","-92.94 %","-99.10 %","-98.99 %","-95.92 %","-98.33 %","   .00 %","   .00 %","-##.## %"," 50.00 %","-99.16 %","-##.## %","-##.## %","-98.15 %"
"2020-03-18","   .00 %","-99.83 %","   .00 %","-99.86 %","-99.91 %","-99.99 %","-99.93 %","-99.89 %","   .00 %","   .00 %","-##.## %","   .00 %","-99.95 %","-##.## %","-##.## %","-99.92 %"
"2020-03-19","   .00 %","-99.53 %","   .00 %","-99.60 %","-99.47 %","-99.92 %","-99.90 %","-99.63 %","   .00 %","   .00 %","-99.94 %"," ##.## %","-99.88 %","-##.## %","-99.98 %","-99.68 %"
"2020-03-20","   .00 %","-99.62 %"," 50.00 %","-99.71 %","-99.53 %","-99.93 %","-99.92 %","-99.56 %","   .00 %","   .00 %","-99.95 %"," 22.22 %","-99.87 %","-99.93 %","-99.98 %","-99.79 %"
"2020-03-21","   .00 %"," ##.## %"," 33.33 %"," ##.## %"," ##.## %","   .00 %"," ##.## %"," ##.## %"," ##.## %","   .00 %","   .00 %"," 45.45 %"," ##.## %","   .00 %","   .00 %","   .00 %"
"2020-03-22"," ##.## %"," 25.00 %"," ##.## %","   .00 %"," 78.57 %"," 50.00 %"," 50.00 %"," 25.00 %"," 50.00 %"," ##.## %"," 80.00 %"," 25.00 %"," 95.00 %","   .00 %"," ##.## %"," 40.00 %"
"2020-03-23","   .00 %","-99.14 %"," 25.00 %","-99.32 %","-98.85 %","-99.79 %","-99.69 %","-98.80 %","   .00 %"," 80.00 %","-99.74 %"," 35.00 %","-99.48 %","-99.75 %","-99.90 %","-99.50 %"
"2020-03-24"," ##.## %","-98.77 %"," 20.00 %","-99.25 %","-98.39 %","-99.70 %","-99.43 %","-98.34 %"," 33.33 %"," 22.22 %","-99.56 %"," 62.96 %","-99.29 %","-99.62 %","-99.85 %","-99.26 %"
"2020-03-25"," 20.00 %","-98.96 %"," 58.33 %","-99.36 %","-98.60 %","-99.73 %","-99.47 %","-98.00 %","   .00 %"," 36.36 %","-99.31 %"," 40.91 %","-99.11 %","-99.62 %","-99.78 %","-99.41 %"
"2020-03-26"," 33.33 %"," 24.62 %"," 10.53 %"," 26.09 %"," 20.00 %"," 36.84 %"," 21.43 %"," 27.69 %","   .00 %"," 66.67 %"," 41.86 %"," 30.65 %"," 35.09 %"," 36.36 %"," 20.00 %"," 40.00 %"
"2020-03-27"," 62.50 %","-98.63 %"," 28.57 %","-99.13 %","-97.82 %","-99.54 %","-99.09 %","-96.45 %"," 25.00 %"," 40.00 %","-98.53 %"," 33.33 %","-98.37 %","-99.37 %","-99.68 %","-99.14 %"
"2020-03-28"," 15.38 %","-98.94 %"," 22.22 %","-99.34 %","-98.36 %","   .00 %","-98.98 %","-96.79 %","   .00 %"," 25.71 %","-98.30 %"," 29.63 %","-97.78 %","-99.32 %","-99.53 %","-99.67 %"
"2020-03-29"," 13.33 %","-96.71 %","  3.03 %","-97.51 %","-95.67 %","-98.65 %","-98.39 %","-94.39 %"," ##.## %","  9.09 %","-97.48 %"," 15.00 %","-96.70 %","-98.54 %","-99.20 %","-97.59 %"
"2020-03-30"," 17.65 %","-98.15 %","  5.88 %","-98.79 %","-97.33 %","-99.03 %","-98.77 %","-94.71 %"," 50.00 %"," 16.67 %","-97.12 %"," 22.98 %","-96.25 %","-98.76 %","-99.29 %","-98.93 %"
"2020-03-31"," 20.00 %","-87.83 %"," 91.67 %","-90.48 %","-86.91 %","-93.67 %","-92.64 %","-83.77 %"," 20.00 %"," 58.93 %","-90.79 %"," 34.85 %","-92.02 %","-90.98 %","-96.23 %","-90.29 %"
"2020-04-01"," 20.83 %"," ##.## %"," 23.19 %"," ##.## %"," ##.## %"," ##.## %"," ##.## %"," ##.## %"," 72.22 %"," 37.08 %","   .00 %"," 32.96 %"," ##.## %","   .00 %","   .00 %"," ##.## %"
"2020-04-02"," 10.34 %","-97.36 %"," 31.76 %","-97.51 %","-95.56 %","-97.87 %","-97.35 %","-92.10 %"," 16.13 %"," 26.23 %","-93.53 %"," 51.27 %","-92.74 %","-97.65 %","-98.75 %","-98.80 %"
"2020-04-03"," 28.12 %","-96.06 %"," 16.96 %","-95.63 %","-93.70 %","-97.13 %","-96.27 %","-88.92 %"," 19.44 %"," 24.68 %","-92.35 %"," 20.30 %","-90.90 %","-96.96 %","-98.50 %","-96.52 %"
"2020-04-04"," 26.83 %","-91.19 %"," 25.95 %","-90.24 %","-87.81 %","-94.24 %","-93.43 %","-84.04 %"," 25.58 %"," 12.50 %","-89.01 %"," 30.96 %","-87.42 %","-93.84 %","-96.99 %","-91.41 %"
"2020-04-05"," 23.08 %","-87.19 %"," 14.55 %","-87.16 %","-84.99 %","-91.96 %","-91.58 %","-79.13 %"," 24.07 %","  6.94 %","-86.45 %","  8.39 %","-84.39 %","-91.13 %","-96.03 %","-87.57 %"
"2020-04-06","  1.56 %","-95.11 %","  8.99 %","-95.35 %","-92.79 %","-95.90 %","-94.94 %","-85.21 %"," 35.82 %"," 12.55 %","-88.59 %","  9.38 %","-85.55 %","-95.55 %","-97.45 %","-96.35 %"
"2020-04-07"," 12.31 %","-89.58 %"," 34.47 %","-88.43 %","-83.58 %","-94.22 %","-91.86 %","-79.11 %"," 13.19 %"," 36.92 %","-84.54 %"," 22.83 %","-81.52 %","-92.23 %","-95.54 %","-90.31 %"
"2020-04-08","  9.59 %"," ##.## %"," 17.69 %"," ##.## %"," ##.## %"," ##.## %"," ##.## %"," ##.## %"," 20.39 %"," 21.63 %"," ##.## %"," 22.08 %"," ##.## %"," ##.## %"," ##.## %"," ##.## %"
"2020-04-09"," 11.25 %","-93.47 %"," 16.56 %","-93.74 %","-88.99 %","-93.90 %","-91.50 %","-81.10 %"," 11.29 %"," 16.17 %","-83.19 %"," 13.63 %","-78.32 %","-93.54 %","-95.15 %","-95.62 %"
"2020-04-10","  8.99 %","-89.96 %"," 17.89 %","-88.28 %","-84.85 %","-91.23 %","-88.40 %","-76.14 %"," 23.91 %"," 19.09 %","-79.19 %"," 13.05 %","-74.87 %","-91.67 %","-93.63 %","-89.73 %"
"2020-04-11"," 11.34 %","-83.14 %"," 10.27 %","-79.57 %","-75.83 %","-85.30 %","-82.75 %","-69.34 %"," 20.47 %"," 14.52 %","-73.02 %"," 12.99 %","-69.99 %","-86.55 %","-89.67 %","-81.78 %"
"2020-04-12","  6.48 %"," ##.## %"," 12.15 %"," ##.## %"," ##.## %","   .00 %","   .00 %","   .00 %"," 14.56 %"," 10.20 %","   .00 %","  7.65 %","   .00 %","   .00 %","   .00 %","   .00 %"
"2020-04-13","  6.09 %"," ##.## %","  8.66 %"," ##.## %"," ##.## %"," ##.## %"," ##.## %"," ##.## %"," 11.02 %"," 11.64 %"," ##.## %","  3.96 %"," ##.## %"," ##.## %"," ##.## %"," ##.## %"
"2020-04-14","  7.38 %","-85.00 %"," 11.46 %","-80.57 %","-78.95 %","-86.28 %","-84.09 %","-66.43 %"," 15.27 %","   .00 %","-70.62 %"," 14.82 %","-64.86 %","-87.42 %","-88.93 %","-82.91 %"
"2020-04-15","  8.40 %","-80.34 %"," 29.36 %","-76.77 %","-74.00 %","-83.12 %","-80.24 %","-61.57 %","  2.98 %"," 31.28 %","-65.51 %"," 12.51 %","-61.30 %","-84.26 %","-86.43 %","-78.50 %"
"2020-04-16","  5.63 %","-72.66 %"," 11.87 %","-68.13 %","-65.41 %","-76.31 %","-74.41 %","-55.67 %","  2.57 %","   .00 %","-60.55 %"," 11.47 %","-48.21 %","-77.15 %","-82.37 %","-70.97 %"
"2020-04-17"," 12.67 %","-81.57 %","  6.69 %","-77.61 %","-75.88 %","-83.12 %","-79.68 %","-61.30 %","  4.70 %"," 12.36 %","-63.55 %","  9.15 %","-45.15 %","-84.72 %","-85.75 %","-79.83 %"
"2020-04-18","  6.51 %","-88.38 %","  4.83 %","-90.19 %","-83.11 %","-83.80 %","-81.88 %","-69.07 %"," 26.05 %"," 12.77 %","-64.37 %","  5.99 %","-46.05 %","-87.46 %","-85.64 %","-93.82 %"
"2020-04-19","  2.22 %","-81.36 %","  3.78 %","-78.99 %","-75.95 %","-81.58 %","-79.04 %","-60.46 %","  9.50 %"," 21.51 %","-61.53 %","  7.17 %","-43.06 %","-83.78 %","-81.09 %","-81.10 %"
"2020-04-20","  3.80 %","-86.25 %"," 18.10 %","-87.02 %","-78.72 %","-82.38 %","-80.32 %","-65.80 %"," 26.25 %","   .00 %","-61.57 %","  3.07 %","-43.01 %","-85.13 %","-81.20 %","-91.81 %"
"2020-04-21","  8.90 %","   .00 %","  6.91 %","-36.44 %","-32.20 %","   .00 %","-43.05 %","-29.50 %"," 12.03 %"," 14.95 %","-35.96 %","  5.72 %","-21.05 %","-45.50 %","-40.11 %","-38.24 %"
"2020-04-22"," 11.06 %","-45.62 %","  8.50 %","-46.49 %","-39.43 %","-51.71 %","-53.97 %","-33.86 %","  7.06 %"," 11.27 %","-36.05 %","  8.35 %","-26.03 %","-53.29 %","-54.97 %","-45.76 %"
"2020-04-23","  7.79 %"," ##.## %","  6.15 %"," 97.80 %"," 89.46 %"," ##.## %"," ##.## %"," 80.88 %","  7.16 %","  8.16 %"," 85.83 %","  5.36 %"," ##.## %"," ##.## %"," ##.## %"," 98.03 %"
"2020-04-24","  6.83 %","-48.31 %","  7.81 %","-45.44 %","-43.39 %","-55.78 %","-56.18 %","-32.19 %","  6.68 %","  8.31 %","-36.06 %","  4.74 %","-23.20 %","-56.36 %","-60.49 %","-51.25 %"
"2020-04-25","  2.63 %","-77.10 %","  5.55 %","-76.66 %","-70.66 %","-74.75 %","-71.78 %","-50.68 %","  9.65 %","  6.81 %","-50.16 %","  4.06 %","-32.13 %","-76.88 %","-74.23 %","-81.76 %"
"2020-04-26","   .73 %"," 51.32 %","  3.16 %"," 43.72 %"," 36.11 %"," 53.53 %"," 49.17 %"," 36.46 %","  4.00 %","  6.19 %"," 43.63 %","   .41 %"," 26.02 %"," 61.42 %"," 74.28 %"," 36.76 %"
"2020-04-27","   .00 %","-44.54 %","  4.57 %","-44.60 %","-37.73 %","-51.97 %","-51.52 %","-29.81 %","  3.85 %","  3.59 %","-30.20 %","  1.79 %","-19.18 %","-53.23 %","-57.90 %","-49.47 %"
"2020-04-28","   .00 %"," ##.## %","  3.73 %"," ##.## %"," ##.## %"," ##.## %"," ##.## %"," ##.## %","  7.51 %","  5.00 %"," ##.## %","  6.59 %"," ##.## %"," ##.## %"," ##.## %"," ##.## %"
"2020-04-29"," 12.00 %"," 12.81 %","  3.93 %"," 13.30 %"," 20.20 %"," 14.59 %"," 18.57 %","  6.71 %","  6.10 %","  7.99 %"," 10.71 %","  5.11 %","  5.42 %"," 28.71 %"," 30.67 %"," 15.82 %"
"2020-04-30","  3.90 %","   .00 %","  4.06 %","-71.24 %","-62.93 %","   .00 %","-59.86 %","-44.70 %","  5.75 %","  4.61 %","-40.10 %","  6.75 %","-27.22 %","-68.20 %","-64.29 %","-75.85 %"
"2020-05-01","  3.12 %","-76.93 %","  3.63 %","-80.80 %","-68.84 %","-68.06 %","-60.37 %","-50.11 %"," -5.26 %","  4.32 %","-40.06 %","  4.29 %","-26.46 %","-71.25 %","-63.44 %","-87.23 %"
"2020-05-02","   .00 %","-53.19 %","  4.15 %","-49.71 %","-46.69 %","-56.80 %","-51.86 %","-32.30 %"," 15.83 %","  3.50 %","-32.03 %","  2.71 %","-20.45 %","-57.52 %","-54.73 %","-53.30 %"
"2020-05-03","  9.70 %"," ##.## %","   .00 %"," ##.## %"," ##.## %"," ##.## %"," ##.## %"," ##.## %","  2.40 %","  4.11 %"," ##.## %","  1.67 %"," ##.## %"," ##.## %"," ##.## %"," ##.## %"
"2020-05-04","   .00 %"," 85.96 %","  4.93 %"," 70.19 %"," 60.77 %"," 97.11 %"," 99.48 %"," 55.42 %","  2.81 %","  2.15 %"," 67.71 %","   .50 %"," 34.32 %"," ##.## %"," ##.## %"," 77.71 %"
"2020-05-05","  9.12 %","  4.52 %","  3.01 %","  5.15 %","  4.25 %","  6.58 %","  5.21 %","  2.47 %","  5.54 %","  2.98 %","  1.06 %","  4.22 %","   .50 %","  7.38 %"," 12.02 %","  2.66 %"
"2020-05-06","  7.85 %","-67.10 %","  3.23 %","-67.09 %","-57.26 %","-60.09 %","-50.73 %","-37.82 %","  3.38 %","  4.94 %","-32.96 %","  3.70 %","-21.03 %","-60.52 %","-52.10 %","-73.91 %"
"2020-05-07","  5.63 %"," ##.## %","  2.91 %"," ##.## %"," ##.## %"," ##.## %"," ##.## %"," ##.## %","  4.59 %","  2.99 %","   .00 %","  3.02 %"," ##.## %","   .00 %","   .00 %"," ##.## %"
"2020-05-08"," 14.89 %","-67.53 %","  2.75 %","-68.77 %","-58.02 %","-57.02 %","-49.46 %","-37.41 %","  3.79 %","  3.30 %","-31.14 %","  1.74 %","-19.40 %","-59.63 %","-47.51 %","-76.91 %"
"2020-05-09","  2.90 %"," ##.## %","  2.02 %"," ##.## %"," ##.## %"," ##.## %"," ##.## %"," ##.## %","  3.46 %","  2.93 %"," ##.## %","  1.74 %"," ##.## %"," ##.## %"," ##.## %"," ##.## %"
"2020-05-10","   .75 %","-67.85 %","  1.19 %","-70.60 %","-59.81 %","-55.13 %","-48.05 %","-39.25 %","  1.86 %","  2.87 %","-28.83 %","  1.54 %","-18.35 %","-59.45 %","-46.60 %","-78.45 %"
"2020-05-11","  1.12 %"," ##.## %","  1.38 %"," ##.## %"," ##.## %"," ##.## %"," ##.## %"," ##.## %","  2.37 %","  2.59 %"," ##.## %","   .91 %"," ##.## %"," ##.## %"," ##.## %"," ##.## %"
"2020-05-12","  3.69 %"," ##.## %","  1.10 %"," ##.## %"," ##.## %"," ##.## %"," ##.## %"," 81.10 %","  4.34 %","   .65 %"," 95.48 %","  2.04 %"," 49.11 %"," ##.## %"," ##.## %"," ##.## %"
"2020-05-13","  5.87 %"," -8.73 %","  2.76 %"," -7.40 %"," -5.78 %"," -9.22 %"," -7.54 %"," -4.42 %","  3.02 %","  3.38 %"," -3.62 %","  1.92 %"," -2.67 %"," -8.74 %"," -8.92 %","-12.73 %"
"2020-05-14","  4.87 %"," ##.## %","  3.01 %"," ##.## %"," ##.## %"," ##.## %"," ##.## %"," ##.## %","  3.15 %","  3.14 %"," ##.## %","  2.39 %"," ##.## %"," ##.## %"," ##.## %"," ##.## %"
"2020-05-15","  4.33 %"," ##.## %","  2.05 %"," ##.## %"," ##.## %"," ##.## %"," ##.## %"," ##.## %","  2.41 %","  2.01 %"," ##.## %","  2.03 %"," ##.## %"," ##.## %"," ##.## %"," ##.## %"
"2020-05-16","  4.30 %"," ##.## %","  1.64 %"," ##.## %"," ##.## %"," ##.## %"," ##.## %"," ##.## %","  2.41 %","  2.02 %"," ##.## %","  1.11 %"," ##.## %"," ##.## %"," ##.## %"," ##.## %"
"2020-05-17","   .15 %"," 27.81 %","  2.07 %"," 23.31 %"," 18.82 %"," 34.27 %"," 23.83 %"," 12.82 %","  1.79 %","  1.61 %"," 12.57 %","   .99 %","  7.99 %"," 27.85 %"," 25.24 %"," 36.35 %"
"2020-05-18","  1.03 %","-67.28 %","  1.23 %","-74.22 %","-59.04 %","-45.66 %","-41.42 %","-38.18 %","  1.56 %","  1.12 %","-24.45 %","   .73 %","-13.48 %","-54.20 %","-38.00 %","-84.25 %"
"2020-05-19","  2.62 %"," ##.## %","   .64 %"," ##.## %","   .00 %","   .00 %","   .00 %","   .00 %","  2.87 %","  1.30 %","   .00 %","  1.42 %","   .00 %","   .00 %","   .00 %","   .00 %"
"2020-05-20","  5.96 %"," 87.61 %","  1.64 %"," 78.99 %"," 63.80 %"," ##.## %"," ##.## %"," 44.81 %","  2.02 %","  2.16 %"," 41.82 %","  1.53 %"," 24.98 %"," ##.## %"," ##.## %"," 98.33 %"
"2020-05-21","  2.28 %","-39.60 %","  1.53 %","-37.29 %","-36.11 %","-33.12 %","-26.96 %","-17.82 %","  1.70 %","  1.35 %","-16.70 %","   .90 %"," -8.45 %","-34.56 %","-26.29 %","-39.22 %"
"2020-05-22","  1.44 %","-47.29 %","  1.51 %","-46.61 %","-39.02 %","-35.81 %","-29.37 %","-21.07 %","  2.22 %","  1.30 %","-17.93 %","  1.28 %","-10.76 %","-38.26 %","-27.18 %","-51.99 %"
"2020-05-23","  3.35 %","-60.00 %","  1.04 %","-68.20 %","-52.37 %","-37.79 %","-33.89 %","-32.44 %","  1.63 %","  1.22 %","-19.11 %","   .88 %","-11.20 %","-44.35 %","-29.19 %","-78.47 %"
"2020-05-24","   .00 %"," ##.## %","   .49 %"," ##.## %"," ##.## %"," ##.## %"," ##.## %"," ##.## %","  1.52 %","  1.08 %"," ##.## %","   .51 %"," ##.## %"," ##.## %"," ##.## %"," ##.## %"
"2020-05-25","   .75 %"," 30.91 %","  1.33 %"," 26.59 %"," 23.36 %"," 35.66 %"," 25.73 %"," 14.66 %","  1.10 %","   .69 %"," 12.13 %","   .08 %","  7.13 %"," 38.37 %"," 31.48 %"," 33.77 %"
"2020-05-26","   .37 %","-59.55 %","   .72 %","-68.44 %","-50.65 %","-36.26 %","-32.75 %","-32.85 %","  1.35 %","   .89 %","-18.57 %","   .42 %","-10.44 %","-43.43 %","-28.53 %","-77.96 %"
"2020-05-27","  2.96 %","-40.74 %","   .90 %","-39.63 %","-33.32 %","-30.11 %","-25.29 %","-17.96 %","  2.53 %","  1.14 %","-14.67 %","  1.30 %"," -8.56 %","-31.18 %","-22.43 %","-43.09 %"
"2020-05-28","  3.12 %"," ##.## %","   .60 %"," ##.## %","   .00 %","   .00 %","   .00 %","   .00 %","  1.51 %","  1.42 %","   .00 %","   .62 %","   .00 %","   .00 %","   .00 %","   .00 %"
"2020-05-29","  3.02 %"," ##.## %","  1.10 %"," ##.## %"," ##.## %"," ##.## %"," ##.## %"," 73.05 %","  1.57 %","  1.17 %"," 81.59 %","  1.07 %"," 41.35 %"," ##.## %"," ##.## %"," ##.## %"
"2020-05-30","  2.03 %"," ##.## %","  1.14 %"," ##.## %"," ##.## %"," ##.## %"," ##.## %"," ##.## %","  1.74 %","   .74 %"," ##.## %","   .89 %"," ##.## %"," ##.## %"," ##.## %"," ##.## %"
"2020-05-31","   .33 %","-14.05 %","   .82 %","-12.50 %","-11.85 %","-11.57 %"," -9.38 %"," -5.96 %","   .92 %","  1.15 %"," -7.79 %","   .55 %"," -2.48 %","-12.36 %"," -8.36 %","-12.07 %"
"2020-06-01","  1.21 %"," ##.## %","   .66 %"," ##.## %"," ##.## %"," ##.## %"," ##.## %"," ##.## %","   .79 %","  2.76 %"," ##.## %","   .21 %"," ##.## %"," ##.## %"," ##.## %"," ##.## %"
"2020-06-02","  2.72 %"," 80.81 %","   .05 %"," 71.99 %"," 61.82 %"," 94.95 %"," 81.42 %"," 34.04 %","  1.76 %","   .71 %"," 32.75 %","   .41 %"," 19.28 %"," 99.03 %"," 78.26 %"," 85.51 %"
"2020-06-03","  4.24 %"," 77.52 %","   .43 %"," 66.73 %"," 59.98 %"," 89.00 %"," 60.28 %"," 32.44 %","  1.69 %","   .95 %"," 30.87 %","   .93 %"," 17.16 %"," 87.76 %"," 71.66 %"," 82.81 %"
"2020-06-04","  1.63 %","-19.11 %","   .45 %","-17.08 %","-18.66 %","-13.42 %","-12.03 %"," -7.12 %","  1.02 %","   .69 %"," -8.08 %","   .76 %"," -2.92 %","-13.24 %"," -9.14 %","-18.64 %"
"2020-06-05","  1.60 %","-28.50 %","   .77 %","-28.15 %","-23.91 %","-17.38 %","-15.97 %","-11.17 %","  1.27 %","   .47 %"," -5.85 %","   .66 %"," -5.97 %","-18.92 %","-12.61 %","-30.49 %"
"2020-06-06","  2.76 %","-52.43 %","   .42 %","-63.69 %","-44.45 %","-24.26 %","-23.50 %","-27.80 %","  1.41 %","   .75 %"," -8.92 %","   .47 %"," -7.47 %","-33.56 %","-18.17 %","-74.79 %"
"2020-06-07","   .77 %","-21.06 %","   .39 %","-19.79 %","-21.30 %","-13.77 %","-11.25 %"," -7.96 %","   .33 %","   .37 %"," -3.85 %","   .58 %"," -3.09 %","-14.67 %"," -9.67 %","-21.79 %"
"2020-06-08","   .19 %"," ##.## %","   .32 %"," ##.## %"," ##.## %"," ##.## %"," ##.## %"," ##.## %","   .98 %","   .51 %"," ##.## %","   .31 %"," ##.## %"," ##.## %"," ##.## %"," ##.## %"
"2020-06-09","  2.18 %"," ##.## %","   .32 %"," ##.## %"," ##.## %"," ##.## %"," ##.## %"," 60.27 %","  1.26 %","   .75 %"," 61.93 %","   .73 %"," 29.74 %"," ##.## %"," ##.## %"," ##.## %"
"2020-06-10","  2.32 %"," ##.## %","   .56 %"," ##.## %"," ##.## %"," ##.## %"," ##.## %"," 55.80 %","  1.17 %","   .62 %"," 57.17 %","   .60 %"," 29.49 %"," ##.## %"," ##.## %"," ##.## %"
"2020-06-11","  3.09 %"," ##.## %","   .63 %"," ##.## %"," ##.## %"," ##.## %"," ##.## %"," ##.## %","  1.09 %","   .51 %"," ##.## %","   .53 %"," ##.## %"," ##.## %"," ##.## %"," ##.## %"
"2020-06-12","  1.85 %","-29.16 %","   .31 %","-31.45 %","-19.29 %","-15.05 %","-13.06 %","-11.96 %","   .87 %","   .61 %"," -5.12 %","   .37 %"," -4.90 %","-17.33 %","-10.66 %","-37.67 %"
"2020-06-13","  2.85 %","-34.21 %","   .65 %","-41.29 %","-22.90 %","-16.01 %","-14.49 %","-15.21 %","   .90 %","   .50 %"," -5.55 %","  1.06 %"," -5.23 %","-19.47 %","-11.55 %","-50.87 %"
"2020-06-14","   .17 %"," ##.## %","   .36 %"," ##.## %"," ##.## %","   .00 %","   .00 %","   .00 %","   .44 %","   .63 %","   .00 %","   .30 %","   .00 %","   .00 %","   .00 %","   .00 %"
"2020-06-15","  1.01 %","-27.86 %","   .07 %","-31.31 %","-17.58 %","-14.44 %","-11.91 %","-11.83 %","   .27 %","   .30 %"," -4.79 %","   .39 %"," -4.75 %","-15.96 %"," -9.67 %","-38.92 %"
"2020-06-16","  2.08 %"," ##.## %","   .14 %"," ##.## %"," ##.## %"," ##.## %"," ##.## %"," ##.## %","  1.19 %","   .22 %"," ##.## %","   .66 %"," ##.## %","   .00 %"," ##.## %"," ##.## %"
"2020-06-17","  1.71 %"," -2.86 %","   .21 %"," -2.77 %"," -2.31 %"," -1.44 %"," -1.63 %","  -.71 %","   .47 %","   .90 %","  -.51 %","   .34 %","  -.25 %"," -2.10 %"," -1.25 %"," -3.20 %"
"2020-06-18","  2.72 %"," 99.29 %","   .17 %"," 78.48 %"," 85.67 %"," 95.19 %"," 67.18 %"," 35.07 %","   .67 %","   .47 %"," 33.80 %","   .26 %"," 16.39 %"," 97.82 %"," 68.32 %"," 99.72 %"
"2020-06-19","  2.96 %"," ##.## %","   .28 %"," ##.## %"," ##.## %"," ##.## %"," ##.## %"," ##.## %","   .46 %","   .39 %"," ##.## %","   .26 %"," 62.35 %"," ##.## %"," ##.## %"," ##.## %"
"2020-06-20","  1.89 %","-46.70 %","   .31 %","-61.23 %","-36.88 %","-15.50 %","-16.47 %","-26.22 %","   .73 %","   .36 %"," -6.64 %","   .17 %"," -5.14 %","-26.47 %","-12.19 %","-75.90 %"
"2020-06-21","   .22 %"," ##.## %","   .21 %"," ##.## %"," ##.## %"," ##.## %"," ##.## %"," 87.05 %","   .46 %","   .38 %"," 97.41 %","   .12 %"," 45.37 %"," ##.## %"," ##.## %"," ##.## %"
"2020-06-22","   .15 %"," ##.## %","   .07 %"," ##.## %"," ##.## %"," ##.## %"," ##.## %"," ##.## %","   .26 %","   .20 %"," ##.## %","   .27 %"," ##.## %"," ##.## %"," ##.## %"," ##.## %"
"2020-06-23","  3.33 %"," 50.51 %","   .33 %"," 45.01 %"," 47.91 %"," 40.02 %"," 30.80 %"," 17.47 %","   .59 %","   .20 %"," 16.96 %","   .39 %","  7.58 %"," 39.83 %"," 26.45 %"," 51.29 %"
"2020-06-24","  5.09 %","-24.70 %","   .23 %","-31.72 %","-13.86 %"," -9.31 %"," -8.03 %","-10.17 %","   .52 %","   .61 %"," -3.79 %","   .39 %"," -3.71 %","-11.47 %"," -6.94 %","-40.58 %"
"2020-06-25","  1.91 %"," ##.## %","   .26 %"," ##.## %"," ##.## %"," ##.## %"," ##.## %"," ##.## %","   .68 %","   .31 %"," ##.## %"," 13.74 %"," ##.## %"," ##.## %"," ##.## %"," ##.## %"
"2020-06-26","  2.74 %"," -4.88 %","   .21 %"," -5.18 %"," -2.02 %"," -1.50 %"," -2.08 %"," -1.48 %","   .42 %","   .63 %"," -1.03 %","   .28 %"," -2.19 %"," -3.06 %"," -1.57 %"," -5.95 %"
"2020-06-27","  2.86 %"," ##.## %","   .09 %"," ##.## %"," ##.## %","   .00 %","   .00 %"," ##.## %","   .48 %","   .35 %","   .00 %","   .23 %"," ##.## %","   .00 %","   .00 %","   .00 %"
"2020-06-28","   .89 %","   .00 %","   .12 %"," ##.## %"," ##.## %","   .00 %"," ##.## %"," 87.40 %","   .35 %","   .24 %"," 95.15 %","   .18 %"," 42.66 %"," ##.## %"," ##.## %"," ##.## %"
"2020-06-29","   .25 %"," 49.84 %","   .09 %"," 45.81 %"," 41.10 %"," 33.09 %"," 26.89 %"," 16.71 %","   .22 %","   .43 %"," 14.69 %","   .11 %","  6.35 %"," 34.32 %"," 23.10 %"," 49.97 %"
"2020-06-30","  2.94 %","-27.66 %","   .05 %","-39.33 %","-19.72 %"," -8.78 %"," -8.81 %","-13.30 %","   .47 %","  -.51 %"," -3.23 %","   .29 %"," -1.77 %","-13.16 %"," -6.67 %","-50.80 %"
"2020-07-01","  4.86 %"," ##.## %","   .05 %"," 94.31 %"," 86.35 %"," 83.31 %"," 63.68 %"," 35.99 %","   .47 %","   .00 %"," 31.48 %","   .29 %"," 16.62 %"," 93.93 %"," 63.26 %"," ##.## %"
"2020-07-02","  2.26 %"," ##.## %","   .05 %"," ##.## %"," ##.## %"," ##.## %"," ##.## %"," 87.07 %","   .22 %","   .98 %"," 82.33 %","   .19 %"," 41.45 %"," ##.## %"," ##.## %"," ##.## %"
"2020-07-03","  1.93 %"," ##.## %","   .21 %"," ##.## %"," ##.## %"," ##.## %"," ##.## %"," ##.## %","   .34 %","   .21 %"," ##.## %","   .38 %"," ##.## %"," ##.## %"," ##.## %"," ##.## %"
"2020-07-04","  1.06 %"," 14.85 %","   .00 %"," 17.11 %","  8.10 %","  5.52 %","  5.79 %","  5.57 %","   .40 %","   .28 %","  2.10 %","   .16 %","  3.32 %","  7.67 %","  5.08 %"," 18.99 %"
"2020-07-05","   .44 %","   .00 %","   .00 %"," ##.## %"," ##.## %","   .00 %"," ##.## %"," ##.## %","   .22 %","   .13 %"," ##.## %","   .14 %"," ##.## %"," ##.## %"," ##.## %"," ##.## %"
"2020-07-06","   .22 %"," 15.72 %","   .07 %"," 19.07 %","  8.69 %","  5.32 %","  5.68 %","  5.74 %","   .09 %","   .18 %","  2.03 %","   .12 %","  3.35 %","  8.25 %","  5.10 %"," 21.30 %"
"2020-07-07","  5.36 %"," ##.## %","   .00 %"," ##.## %"," ##.## %"," ##.## %"," ##.## %"," ##.## %","   .62 %","   .18 %"," ##.## %","   .34 %"," ##.## %"," ##.## %"," ##.## %"," ##.## %"
"2020-07-08","  1.87 %"," 51.17 %","   .12 %"," 49.18 %"," 35.97 %"," 27.42 %"," 22.46 %"," 15.82 %","   .28 %","   .37 %"," 11.92 %","   .33 %","  6.88 %"," 27.82 %"," 16.80 %"," 61.88 %"
"2020-07-09","  3.82 %"," ##.## %","   .12 %"," 95.37 %"," 74.93 %"," 67.37 %"," 50.16 %"," 29.99 %","   .40 %","   .30 %"," 25.00 %","   .76 %"," 13.04 %"," 74.77 %"," 47.97 %"," ##.## %"
"2020-07-10","  2.16 %","   .00 %","   .00 %","-48.25 %","-27.98 %","   .00 %"," -9.10 %","-19.66 %","   .46 %","   .34 %"," -3.66 %","   .20 %"," -1.31 %","-16.98 %"," -5.70 %","-65.39 %"
"2020-07-11","  3.31 %"," 35.13 %","   .00 %"," 40.23 %"," 18.47 %"," 15.18 %"," 12.63 %"," 11.87 %","   .21 %","   .17 %","  4.62 %","   .30 %","  4.64 %"," 16.81 %","  9.89 %"," 53.15 %"
"2020-07-12","  4.00 %","-24.96 %","   .00 %","-40.12 %","-21.80 %"," -4.23 %"," -7.23 %","-14.75 %","   .27 %","   .18 %"," -2.21 %","   .00 %"," -1.10 %","-13.35 %"," -4.42 %","-53.24 %"
"2020-07-13","   .40 %"," ##.## %","   .53 %"," ##.## %"," ##.## %"," ##.## %"," ##.## %"," ##.## %","   .18 %","   .06 %"," ##.## %","   .23 %"," ##.## %"," ##.## %"," ##.## %"," ##.## %"
"2020-07-14","  4.05 %","-16.47 %","   .02 %","-27.92 %","-14.29 %"," -2.87 %"," -5.10 %"," -9.63 %","   .27 %","   .12 %"," -1.48 %","   .14 %","  -.75 %"," -9.25 %"," -3.12 %","-43.14 %"
"2020-07-15","  4.15 %"," ##.## %","   .18 %"," ##.## %"," ##.## %"," ##.## %"," 80.84 %"," 49.96 %","   .21 %","   .34 %"," 38.09 %","   .33 %"," 20.15 %"," ##.## %"," 81.55 %"," ##.## %"
"2020-07-16","  2.38 %"," ##.## %","   .21 %"," ##.## %"," ##.## %"," ##.## %"," ##.## %"," ##.## %","   .18 %","   .14 %"," ##.## %","   .20 %"," ##.## %"," ##.## %"," ##.## %"," ##.## %"
"2020-07-17","  3.65 %"," 52.73 %","   .16 %"," 67.01 %"," 29.53 %"," 19.25 %"," 16.99 %"," 17.12 %","   .36 %","   .26 %","  6.09 %","   .12 %","  5.54 %"," 23.98 %"," 13.66 %"," 95.30 %"
"2020-07-18","  5.69 %"," 26.64 %","   .00 %"," 39.66 %"," 12.98 %","  8.09 %","  6.82 %","  8.94 %","   .27 %","   .20 %","  2.76 %","   .10 %","  1.39 %","  9.40 %","  5.50 %"," 60.45 %"
"2020-07-19","  1.14 %"," ##.## %","   .00 %"," ##.## %"," ##.## %"," 90.63 %"," 71.45 %"," 46.59 %","   .27 %","   .14 %"," 32.99 %","   .04 %"," 17.56 %"," ##.## %"," 63.76 %"," ##.## %"
"2020-07-20","   .83 %"," 21.92 %","   .23 %"," 35.94 %"," 11.08 %","  6.75 %","  4.90 %","  5.29 %","   .15 %","   .02 %","  2.49 %","   .06 %","   .93 %","  9.55 %","  4.03 %"," 56.24 %"
"2020-07-21","  4.81 %"," 37.78 %","   .00 %"," 58.67 %"," 20.61 %"," 11.03 %"," 10.40 %"," 10.98 %","   .59 %","   .20 %","  4.38 %","   .14 %","  4.04 %"," 16.84 %","  8.18 %"," 84.98 %"
"2020-07-22","  1.92 %"," ##.## %","   .00 %"," ##.## %"," 84.46 %"," 59.92 %"," 47.50 %"," 33.36 %","   .09 %","   .21 %"," 23.85 %","  -.19 %"," 12.84 %"," 72.81 %"," 41.26 %"," ##.## %"
"2020-07-23","  2.99 %"," ##.## %","   .09 %"," ##.## %"," ##.## %","   .00 %","   .00 %"," ##.## %","   .12 %","   .19 %","   .00 %","   .15 %"," ##.## %","   .00 %","   .00 %","   .00 %"
"2020-07-24","  2.61 %"," ##.## %","   .07 %"," ##.## %"," 78.12 %"," 49.07 %"," 42.07 %"," 36.43 %","   .38 %","   .17 %"," 19.99 %","   .22 %"," 10.55 %"," 61.30 %"," 35.16 %"," ##.## %"
"2020-07-25","  4.55 %"," ##.## %","   .00 %"," ##.## %"," 91.24 %"," 56.28 %"," 46.51 %"," 38.05 %","   .32 %","   .14 %"," 22.42 %","   .07 %"," 11.90 %"," 67.45 %"," 38.71 %"," ##.## %"
"2020-07-26","   .58 %"," 19.81 %","   .00 %"," 38.00 %"," 16.48 %","  2.73 %","  5.18 %"," 10.16 %","   .20 %","   .22 %","  1.36 %","   .07 %","   .87 %","  8.14 %","  3.23 %"," 57.84 %"
"2020-07-27","  -.03 %"," ##.## %","   .11 %"," ##.## %"," ##.## %"," ##.## %"," ##.## %"," 92.18 %","   .20 %","   .08 %"," 65.68 %","   .11 %"," 35.80 %"," ##.## %"," ##.## %"," ##.## %"
"2020-07-28","  3.15 %"," 47.13 %","   .11 %"," 80.44 %"," 28.35 %"," 11.13 %"," 11.77 %"," 19.50 %","   .32 %","   .18 %","  4.36 %","   .13 %","  4.10 %"," 20.61 %","  8.34 %"," ##.## %"
"2020-07-29","  1.35 %"," ##.## %","   .05 %"," ##.## %"," ##.## %"," ##.## %"," ##.## %"," ##.## %","   .58 %","   .34 %"," ##.## %","  -.17 %"," 90.64 %"," ##.## %"," ##.## %"," ##.## %"
"2020-07-30","  4.98 %"," ##.## %","   .14 %"," ##.## %"," ##.## %"," ##.## %"," ##.## %"," ##.## %","   .29 %","   .00 %"," ##.## %","   .07 %"," ##.## %"," ##.## %"," ##.## %"," ##.## %"
"2020-07-31","  1.88 %"," 86.75 %","   .02 %"," ##.## %"," 57.98 %"," 24.37 %"," 24.58 %"," 32.21 %","   .14 %","   .34 %","  7.77 %","   .06 %","  6.90 %"," 40.01 %"," 17.90 %"," ##.## %"
"2020-08-01","  1.43 %"," ##.## %","   .00 %"," ##.## %"," 82.66 %"," 42.28 %"," 38.64 %"," 40.99 %","   .37 %","   .20 %"," 17.06 %","   .07 %","  9.28 %"," 59.27 %"," 29.67 %"," ##.## %"
"2020-08-02","   .48 %"," 98.02 %","   .00 %"," ##.## %"," 68.05 %"," 28.18 %"," 27.19 %"," 35.51 %","   .26 %","   .14 %","  8.65 %","   .04 %","  7.39 %"," 45.65 %"," 20.10 %"," ##.## %"
"2020-08-03","   .37 %"," ##.## %","   .11 %"," ##.## %"," ##.## %"," ##.## %"," ##.## %"," ##.## %","   .23 %","   .12 %"," 59.56 %","   .06 %"," 32.42 %"," ##.## %"," ##.## %"," ##.## %"
"2020-08-04","  1.75 %"," ##.## %","   .00 %"," ##.## %"," ##.## %"," ##.## %"," ##.## %"," ##.## %","   .20 %","   .10 %"," ##.## %","   .07 %"," ##.## %"," ##.## %"," ##.## %"," ##.## %"
"2020-08-05","  2.26 %"," 19.60 %","   .00 %"," 38.22 %"," 18.54 %","  2.78 %","  4.41 %"," 14.61 %","   .17 %","   .02 %","  1.30 %","  -.09 %","   .49 %"," 10.44 %","  2.27 %"," 66.72 %"
"2020-08-06","  1.78 %"," ##.## %","   .00 %"," ##.## %"," 84.68 %"," 31.96 %"," 30.83 %"," 41.21 %","   .42 %","   .37 %"," 10.31 %","   .04 %","  7.84 %"," 52.08 %"," 22.53 %"," ##.## %"
"2020-08-07","  1.97 %"," ##.## %","   .09 %"," ##.## %"," 95.86 %"," 41.57 %"," 37.60 %"," 48.40 %","   .39 %","   .21 %"," 17.49 %","   .00 %","  9.32 %"," 61.66 %"," 28.75 %"," ##.## %"
"2020-08-08","  1.37 %"," ##.## %","   .00 %"," ##.## %"," ##.## %"," 45.45 %"," 42.27 %"," 50.73 %","   .34 %","   .14 %"," 18.74 %","   .13 %"," 10.02 %"," 70.21 %"," 31.59 %"," ##.## %"
"2020-08-09","   .31 %"," 96.87 %","   .00 %"," ##.## %"," 63.07 %"," 20.97 %"," 22.87 %"," 39.22 %","   .22 %","   .16 %","  8.00 %","   .03 %","  5.93 %"," 40.52 %"," 15.70 %"," ##.## %"
